"downloaded","language","form","form_type","data_id","child_id","age","measure","vocab","n","first_administration","monolingual","typically_developing"
2025-10-22,"English (American)","WG","WG",393020,30727,7,"production",0,3686,TRUE,TRUE,TRUE
2025-10-22,"English (American)","WG","WG",391505,4194,8,"production",1,3686,TRUE,TRUE,TRUE
2025-10-22,"English (American)","WG","WG",391537,4226,8,"production",5,3686,TRUE,TRUE,TRUE
2025-10-22,"English (American)","WG","WG",391543,4232,8,"production",0,3686,TRUE,TRUE,TRUE
2025-10-22,"English (American)","WG","WG",391591,4280,8,"production",0,3686,TRUE,TRUE,TRUE
2025-10-22,"English (American)","WG","WG",391600,4289,8,"production",2,3686,TRUE,TRUE,TRUE
2025-10-22,"English (American)","WG","WG",391617,4306,8,"production",6,3686,TRUE,TRUE,TRUE
2025-10-22,"English (American)","WG","WG",391715,4404,8,"production",6,3686,TRUE,TRUE,TRUE
2025-10-22,"English (American)","WG","WG",391720,4409,8,"production",1,3686,TRUE,TRUE,TRUE
2025-10-22,"English (American)","WG","WG",391721,4410,8,"production",2,3686,TRUE,TRUE,TRUE
2025-10-22,"English (American)","WG","WG",391724,4413,8,"production",0,3686,TRUE,TRUE,TRUE
2025-10-22,"English (American)","WG","WG",391725,4414,8,"production",0,3686,TRUE,TRUE,TRUE
2025-10-22,"English (American)","WG","WG",391727,4416,8,"production",2,3686,TRUE,TRUE,TRUE
2025-10-22,"English (American)","WG","WG",391785,4474,8,"production",1,3686,TRUE,TRUE,TRUE
2025-10-22,"English (American)","WG","WG",391786,4475,8,"production",2,3686,TRUE,TRUE,TRUE
2025-10-22,"English (American)","WG","WG",391792,4481,8,"production",0,3686,TRUE,TRUE,TRUE
2025-10-22,"English (American)","WG","WG",391793,4482,8,"production",0,3686,TRUE,TRUE,TRUE
2025-10-22,"English (American)","WG","WG",391794,4483,8,"production",1,3686,TRUE,TRUE,TRUE
2025-10-22,"English (American)","WG","WG",391795,4484,8,"production",0,3686,TRUE,TRUE,TRUE
2025-10-22,"English (American)","WG","WG",391796,4485,8,"production",0,3686,TRUE,TRUE,TRUE
2025-10-22,"English (American)","WG","WG",391797,4486,8,"production",0,3686,TRUE,TRUE,TRUE
2025-10-22,"English (American)","WG","WG",391798,4487,8,"production",0,3686,TRUE,TRUE,TRUE
2025-10-22,"English (American)","WG","WG",391884,4573,8,"production",0,3686,TRUE,TRUE,TRUE
2025-10-22,"English (American)","WG","WG",391891,4580,8,"production",0,3686,TRUE,TRUE,TRUE
2025-10-22,"English (American)","WG","WG",391892,4581,8,"production",7,3686,TRUE,TRUE,TRUE
2025-10-22,"English (American)","WG","WG",391906,4595,8,"production",0,3686,TRUE,TRUE,TRUE
2025-10-22,"English (American)","WG","WG",391924,4613,8,"production",2,3686,TRUE,TRUE,TRUE
2025-10-22,"English (American)","WG","WG",391926,4615,8,"production",2,3686,TRUE,TRUE,TRUE
2025-10-22,"English (American)","WG","WG",391931,4620,8,"production",2,3686,TRUE,TRUE,TRUE
2025-10-22,"English (American)","WG","WG",391934,4623,8,"production",11,3686,TRUE,TRUE,TRUE
2025-10-22,"English (American)","WG","WG",392256,4945,8,"production",4,3686,TRUE,TRUE,TRUE
2025-10-22,"English (American)","WG","WG",392271,4960,8,"production",0,3686,TRUE,TRUE,TRUE
2025-10-22,"English (American)","WG","WG",392273,4962,8,"production",1,3686,TRUE,TRUE,TRUE
2025-10-22,"English (American)","WG","WG",393018,30725,8,"production",0,3686,TRUE,TRUE,TRUE
2025-10-22,"English (American)","WG","WG",393019,30726,8,"production",2,3686,TRUE,TRUE,TRUE
2025-10-22,"English (American)","WG","WG",393026,30733,8,"production",0,3686,TRUE,TRUE,TRUE
2025-10-22,"English (American)","WG","WG",393470,82603,8,"production",0,3686,TRUE,TRUE,TRUE
2025-10-22,"English (American)","WG","WG",393477,82610,8,"production",0,3686,TRUE,TRUE,TRUE
2025-10-22,"English (American)","WG","WG",393500,82633,8,"production",0,3686,TRUE,TRUE,TRUE
2025-10-22,"English (American)","WG","WG",393503,82636,8,"production",0,3686,TRUE,TRUE,TRUE
2025-10-22,"English (American)","WG","WG",393507,82640,8,"production",0,3686,TRUE,TRUE,TRUE
2025-10-22,"English (American)","WG","WG",393516,82649,8,"production",0,3686,TRUE,TRUE,TRUE
2025-10-22,"English (American)","WG","WG",393527,82660,8,"production",0,3686,TRUE,TRUE,TRUE
2025-10-22,"English (American)","WG","WG",393529,82662,8,"production",0,3686,TRUE,TRUE,TRUE
2025-10-22,"English (American)","WG","WG",393531,82664,8,"production",107,3686,TRUE,TRUE,TRUE
2025-10-22,"English (American)","WG","WG",393533,82666,8,"production",0,3686,TRUE,TRUE,TRUE
2025-10-22,"English (American)","WG","WG",393545,82678,8,"production",0,3686,TRUE,TRUE,TRUE
2025-10-22,"English (American)","WG","WG",393552,82685,8,"production",4,3686,TRUE,TRUE,TRUE
2025-10-22,"English (American)","WG","WG",393559,82692,8,"production",0,3686,TRUE,TRUE,TRUE
2025-10-22,"English (American)","WG","WG",393560,82693,8,"production",0,3686,TRUE,TRUE,TRUE
2025-10-22,"English (American)","WG","WG",393561,82694,8,"production",0,3686,TRUE,TRUE,TRUE
2025-10-22,"English (American)","WG","WG",393564,82697,8,"production",36,3686,TRUE,TRUE,TRUE
2025-10-22,"English (American)","WG","WG",393581,82714,8,"production",0,3686,TRUE,TRUE,TRUE
2025-10-22,"English (American)","WG","WG",393583,82716,8,"production",1,3686,TRUE,TRUE,TRUE
2025-10-22,"English (American)","WG","WG",393593,82726,8,"production",1,3686,TRUE,TRUE,TRUE
2025-10-22,"English (American)","WG","WG",393596,82729,8,"production",0,3686,TRUE,TRUE,TRUE
2025-10-22,"English (American)","WG","WG",393602,82735,8,"production",0,3686,TRUE,TRUE,TRUE
2025-10-22,"English (American)","WG","WG",393605,82738,8,"production",0,3686,TRUE,TRUE,TRUE
2025-10-22,"English (American)","WG","WG",393630,82763,8,"production",0,3686,TRUE,TRUE,TRUE
2025-10-22,"English (American)","WG","WG",393655,82788,8,"production",1,3686,TRUE,TRUE,TRUE
2025-10-22,"English (American)","WG","WG",393660,82793,8,"production",3,3686,TRUE,TRUE,TRUE
2025-10-22,"English (American)","WG","WG",393672,82805,8,"production",0,3686,TRUE,TRUE,TRUE
2025-10-22,"English (American)","WG","WG",393677,82810,8,"production",2,3686,TRUE,TRUE,TRUE
2025-10-22,"English (American)","WG","WG",393682,82815,8,"production",0,3686,TRUE,TRUE,TRUE
2025-10-22,"English (American)","WG","WG",393709,82842,8,"production",0,3686,TRUE,TRUE,TRUE
2025-10-22,"English (American)","WG","WG",393716,82849,8,"production",0,3686,TRUE,TRUE,TRUE
2025-10-22,"English (American)","WG","WG",393717,82850,8,"production",7,3686,TRUE,TRUE,TRUE
2025-10-22,"English (American)","WG","WG",393729,82862,8,"production",54,3686,TRUE,TRUE,TRUE
2025-10-22,"English (American)","WG","WG",393739,82872,8,"production",0,3686,TRUE,TRUE,TRUE
2025-10-22,"English (American)","WG","WG",393746,82879,8,"production",0,3686,TRUE,TRUE,TRUE
2025-10-22,"English (American)","WG","WG",393767,82900,8,"production",1,3686,TRUE,TRUE,TRUE
2025-10-22,"English (American)","WG","WG",393778,82911,8,"production",0,3686,TRUE,TRUE,TRUE
2025-10-22,"English (American)","WG","WG",393779,82912,8,"production",0,3686,TRUE,TRUE,TRUE
2025-10-22,"English (American)","WG","WG",393784,82917,8,"production",0,3686,TRUE,TRUE,TRUE
2025-10-22,"English (American)","WG","WG",393790,82923,8,"production",0,3686,TRUE,TRUE,TRUE
2025-10-22,"English (American)","WG","WG",393794,82927,8,"production",0,3686,TRUE,TRUE,TRUE
2025-10-22,"English (American)","WG","WG",393796,82929,8,"production",0,3686,TRUE,TRUE,TRUE
2025-10-22,"English (American)","WG","WG",393802,82935,8,"production",0,3686,TRUE,TRUE,TRUE
2025-10-22,"English (American)","WG","WG",393804,82937,8,"production",1,3686,TRUE,TRUE,TRUE
2025-10-22,"English (American)","WG","WG",393820,82953,8,"production",0,3686,TRUE,TRUE,TRUE
2025-10-22,"English (American)","WG","WG",393822,82955,8,"production",62,3686,TRUE,TRUE,TRUE
2025-10-22,"English (American)","WG","WG",393833,82966,8,"production",2,3686,TRUE,TRUE,TRUE
2025-10-22,"English (American)","WG","WG",393836,82969,8,"production",0,3686,TRUE,TRUE,TRUE
2025-10-22,"English (American)","WG","WG",393859,82992,8,"production",1,3686,TRUE,TRUE,TRUE
2025-10-22,"English (American)","WG","WG",393867,83000,8,"production",0,3686,TRUE,TRUE,TRUE
2025-10-22,"English (American)","WG","WG",393869,83002,8,"production",0,3686,TRUE,TRUE,TRUE
2025-10-22,"English (American)","WG","WG",393874,83007,8,"production",0,3686,TRUE,TRUE,TRUE
2025-10-22,"English (American)","WG","WG",393882,83015,8,"production",5,3686,TRUE,TRUE,TRUE
2025-10-22,"English (American)","WG","WG",393887,83020,8,"production",0,3686,TRUE,TRUE,TRUE
2025-10-22,"English (American)","WG","WG",393890,83023,8,"production",2,3686,TRUE,TRUE,TRUE
2025-10-22,"English (American)","WG","WG",393898,83031,8,"production",10,3686,TRUE,TRUE,TRUE
2025-10-22,"English (American)","WG","WG",393908,83041,8,"production",2,3686,TRUE,TRUE,TRUE
2025-10-22,"English (American)","WG","WG",393920,83053,8,"production",0,3686,TRUE,TRUE,TRUE
2025-10-22,"English (American)","WG","WG",393934,83067,8,"production",9,3686,TRUE,TRUE,TRUE
2025-10-22,"English (American)","WG","WG",393935,83068,8,"production",0,3686,TRUE,TRUE,TRUE
2025-10-22,"English (American)","WG","WG",393944,83077,8,"production",5,3686,TRUE,TRUE,TRUE
2025-10-22,"English (American)","WG","WG",393949,83082,8,"production",32,3686,TRUE,TRUE,TRUE
2025-10-22,"English (American)","WG","WG",393961,83094,8,"production",2,3686,TRUE,TRUE,TRUE
2025-10-22,"English (American)","WG","WG",393965,83098,8,"production",0,3686,TRUE,TRUE,TRUE
2025-10-22,"English (American)","WG","WG",393975,83108,8,"production",1,3686,TRUE,TRUE,TRUE
2025-10-22,"English (American)","WG","WG",393976,83109,8,"production",0,3686,TRUE,TRUE,TRUE
2025-10-22,"English (American)","WG","WG",393980,83113,8,"production",0,3686,TRUE,TRUE,TRUE
2025-10-22,"English (American)","WG","WG",393981,83114,8,"production",7,3686,TRUE,TRUE,TRUE
2025-10-22,"English (American)","WG","WG",393982,83115,8,"production",9,3686,TRUE,TRUE,TRUE
2025-10-22,"English (American)","WG","WG",393991,83124,8,"production",18,3686,TRUE,TRUE,TRUE
2025-10-22,"English (American)","WG","WG",393992,83125,8,"production",1,3686,TRUE,TRUE,TRUE
2025-10-22,"English (American)","WG","WG",394002,83135,8,"production",2,3686,TRUE,TRUE,TRUE
2025-10-22,"English (American)","WG","WG",394011,83144,8,"production",0,3686,TRUE,TRUE,TRUE
2025-10-22,"English (American)","WG","WG",394015,83148,8,"production",0,3686,TRUE,TRUE,TRUE
2025-10-22,"English (American)","WG","WG",394024,83157,8,"production",0,3686,TRUE,TRUE,TRUE
2025-10-22,"English (American)","WG","WG",394038,83171,8,"production",2,3686,TRUE,TRUE,TRUE
2025-10-22,"English (American)","WG","WG",394043,83176,8,"production",0,3686,TRUE,TRUE,TRUE
2025-10-22,"English (American)","WG","WG",394047,83180,8,"production",0,3686,TRUE,TRUE,TRUE
2025-10-22,"English (American)","WG","WG",394051,83184,8,"production",3,3686,TRUE,TRUE,TRUE
2025-10-22,"English (American)","WG","WG",394060,83193,8,"production",0,3686,TRUE,TRUE,TRUE
2025-10-22,"English (American)","WG","WG",394072,83205,8,"production",0,3686,TRUE,TRUE,TRUE
2025-10-22,"English (American)","WG","WG",394075,83208,8,"production",0,3686,TRUE,TRUE,TRUE
2025-10-22,"English (American)","WG","WG",394076,83209,8,"production",0,3686,TRUE,TRUE,TRUE
2025-10-22,"English (American)","WG","WG",394077,83210,8,"production",3,3686,TRUE,TRUE,TRUE
2025-10-22,"English (American)","WG","WG",394084,83217,8,"production",3,3686,TRUE,TRUE,TRUE
2025-10-22,"English (American)","WG","WG",394086,83219,8,"production",0,3686,TRUE,TRUE,TRUE
2025-10-22,"English (American)","WG","WG",394092,83225,8,"production",0,3686,TRUE,TRUE,TRUE
2025-10-22,"English (American)","WG","WG",394094,83227,8,"production",0,3686,TRUE,TRUE,TRUE
2025-10-22,"English (American)","WG","WG",394100,83233,8,"production",24,3686,TRUE,TRUE,TRUE
2025-10-22,"English (American)","WG","WG",394101,83234,8,"production",0,3686,TRUE,TRUE,TRUE
2025-10-22,"English (American)","WG","WG",394102,83235,8,"production",2,3686,TRUE,TRUE,TRUE
2025-10-22,"English (American)","WG","WG",394112,83245,8,"production",4,3686,TRUE,TRUE,TRUE
2025-10-22,"English (American)","WG","WG",394113,83246,8,"production",1,3686,TRUE,TRUE,TRUE
2025-10-22,"English (American)","WG","WG",394117,83250,8,"production",0,3686,TRUE,TRUE,TRUE
2025-10-22,"English (American)","WG","WG",394120,83253,8,"production",0,3686,TRUE,TRUE,TRUE
2025-10-22,"English (American)","WG","WG",394122,83255,8,"production",0,3686,TRUE,TRUE,TRUE
2025-10-22,"English (American)","WG","WG",394125,83258,8,"production",1,3686,TRUE,TRUE,TRUE
2025-10-22,"English (American)","WG","WG",394127,83260,8,"production",0,3686,TRUE,TRUE,TRUE
2025-10-22,"English (American)","WG","WG",394128,83261,8,"production",0,3686,TRUE,TRUE,TRUE
2025-10-22,"English (American)","WG","WG",394130,83263,8,"production",0,3686,TRUE,TRUE,TRUE
2025-10-22,"English (American)","WG","WG",394132,83265,8,"production",0,3686,TRUE,TRUE,TRUE
2025-10-22,"English (American)","WG","WG",394139,83272,8,"production",0,3686,TRUE,TRUE,TRUE
2025-10-22,"English (American)","WG","WG",394150,83283,8,"production",0,3686,TRUE,TRUE,TRUE
2025-10-22,"English (American)","WG","WG",394151,83284,8,"production",1,3686,TRUE,TRUE,TRUE
2025-10-22,"English (American)","WG","WG",394155,83288,8,"production",1,3686,TRUE,TRUE,TRUE
2025-10-22,"English (American)","WG","WG",394159,83292,8,"production",0,3686,TRUE,TRUE,TRUE
2025-10-22,"English (American)","WG","WG",394166,83299,8,"production",0,3686,TRUE,TRUE,TRUE
2025-10-22,"English (American)","WG","WG",394167,83300,8,"production",1,3686,TRUE,TRUE,TRUE
2025-10-22,"English (American)","WG","WG",394168,83301,8,"production",13,3686,TRUE,TRUE,TRUE
2025-10-22,"English (American)","WG","WG",394169,83302,8,"production",0,3686,TRUE,TRUE,TRUE
2025-10-22,"English (American)","WG","WG",394172,83305,8,"production",1,3686,TRUE,TRUE,TRUE
2025-10-22,"English (American)","WG","WG",394174,83307,8,"production",0,3686,TRUE,TRUE,TRUE
2025-10-22,"English (American)","WG","WG",394178,83311,8,"production",0,3686,TRUE,TRUE,TRUE
2025-10-22,"English (American)","WG","WG",394191,83324,8,"production",0,3686,TRUE,TRUE,TRUE
2025-10-22,"English (American)","WG","WG",394207,83340,8,"production",0,3686,TRUE,TRUE,TRUE
2025-10-22,"English (American)","WG","WG",394209,83342,8,"production",1,3686,TRUE,TRUE,TRUE
2025-10-22,"English (American)","WG","WG",394210,83343,8,"production",0,3686,TRUE,TRUE,TRUE
2025-10-22,"English (American)","WG","WG",394212,83345,8,"production",1,3686,TRUE,TRUE,TRUE
2025-10-22,"English (American)","WG","WG",394219,83352,8,"production",0,3686,TRUE,TRUE,TRUE
2025-10-22,"English (American)","WG","WG",394229,83362,8,"production",0,3686,TRUE,TRUE,TRUE
2025-10-22,"English (American)","WG","WG",394234,83367,8,"production",0,3686,TRUE,TRUE,TRUE
2025-10-22,"English (American)","WG","WG",394235,83368,8,"production",0,3686,TRUE,TRUE,TRUE
2025-10-22,"English (American)","WG","WG",394239,83372,8,"production",0,3686,TRUE,TRUE,TRUE
2025-10-22,"English (American)","WG","WG",394259,83392,8,"production",21,3686,TRUE,TRUE,TRUE
2025-10-22,"English (American)","WG","WG",394263,83396,8,"production",0,3686,TRUE,TRUE,TRUE
2025-10-22,"English (American)","WG","WG",394264,83397,8,"production",0,3686,TRUE,TRUE,TRUE
2025-10-22,"English (American)","WG","WG",394266,83399,8,"production",0,3686,TRUE,TRUE,TRUE
2025-10-22,"English (American)","WG","WG",394277,83410,8,"production",1,3686,TRUE,TRUE,TRUE
2025-10-22,"English (American)","WG","WG",394280,83413,8,"production",0,3686,TRUE,TRUE,TRUE
2025-10-22,"English (American)","WG","WG",394284,83417,8,"production",0,3686,TRUE,TRUE,TRUE
2025-10-22,"English (American)","WG","WG",394300,83433,8,"production",0,3686,TRUE,TRUE,TRUE
2025-10-22,"English (American)","WG","WG",394311,83444,8,"production",1,3686,TRUE,TRUE,TRUE
2025-10-22,"English (American)","WG","WG",394315,83448,8,"production",0,3686,TRUE,TRUE,TRUE
2025-10-22,"English (American)","WG","WG",394322,83455,8,"production",0,3686,TRUE,TRUE,TRUE
2025-10-22,"English (American)","WG","WG",394338,83471,8,"production",0,3686,TRUE,TRUE,TRUE
2025-10-22,"English (American)","WG","WG",394346,83479,8,"production",0,3686,TRUE,TRUE,TRUE
2025-10-22,"English (American)","WG","WG",394349,83482,8,"production",0,3686,TRUE,TRUE,TRUE
2025-10-22,"English (American)","WG","WG",394357,83490,8,"production",0,3686,TRUE,TRUE,TRUE
2025-10-22,"English (American)","WG","WG",394360,83493,8,"production",3,3686,TRUE,TRUE,TRUE
2025-10-22,"English (American)","WG","WG",394365,83498,8,"production",0,3686,TRUE,TRUE,TRUE
2025-10-22,"English (American)","WG","WG",394376,83509,8,"production",4,3686,TRUE,TRUE,TRUE
2025-10-22,"English (American)","WG","WG",394387,83520,8,"production",6,3686,TRUE,TRUE,TRUE
2025-10-22,"English (American)","WG","WG",394401,83534,8,"production",3,3686,TRUE,TRUE,TRUE
2025-10-22,"English (American)","WG","WG",394404,83537,8,"production",5,3686,TRUE,TRUE,TRUE
2025-10-22,"English (American)","WG","WG",394413,83546,8,"production",0,3686,TRUE,TRUE,TRUE
2025-10-22,"English (American)","WG","WG",394416,83549,8,"production",0,3686,TRUE,TRUE,TRUE
2025-10-22,"English (American)","WG","WG",394428,83561,8,"production",0,3686,TRUE,TRUE,TRUE
2025-10-22,"English (American)","WG","WG",394438,83571,8,"production",0,3686,TRUE,TRUE,TRUE
2025-10-22,"English (American)","WG","WG",394446,83579,8,"production",0,3686,TRUE,TRUE,TRUE
2025-10-22,"English (American)","WG","WG",394455,83588,8,"production",0,3686,TRUE,TRUE,TRUE
2025-10-22,"English (American)","WG","WG",394461,83594,8,"production",0,3686,TRUE,TRUE,TRUE
2025-10-22,"English (American)","WG","WG",394464,83597,8,"production",3,3686,TRUE,TRUE,TRUE
2025-10-22,"English (American)","WG","WG",394472,83605,8,"production",0,3686,TRUE,TRUE,TRUE
2025-10-22,"English (American)","WG","WG",394475,83608,8,"production",75,3686,TRUE,TRUE,TRUE
2025-10-22,"English (American)","WG","WG",394480,83613,8,"production",3,3686,TRUE,TRUE,TRUE
2025-10-22,"English (American)","WG","WG",394483,83616,8,"production",1,3686,TRUE,TRUE,TRUE
2025-10-22,"English (American)","WG","WG",394488,83621,8,"production",240,3686,TRUE,TRUE,TRUE
2025-10-22,"English (American)","WG","WG",394494,83627,8,"production",0,3686,TRUE,TRUE,TRUE
2025-10-22,"English (American)","WG","WG",394498,83631,8,"production",2,3686,TRUE,TRUE,TRUE
2025-10-22,"English (American)","WG","WG",394507,83640,8,"production",1,3686,TRUE,TRUE,TRUE
2025-10-22,"English (American)","WG","WG",394518,83651,8,"production",1,3686,TRUE,TRUE,TRUE
2025-10-22,"English (American)","WG","WG",394519,83652,8,"production",0,3686,TRUE,TRUE,TRUE
2025-10-22,"English (American)","WG","WG",394535,83668,8,"production",1,3686,TRUE,TRUE,TRUE
2025-10-22,"English (American)","WG","WG",394545,83678,8,"production",0,3686,TRUE,TRUE,TRUE
2025-10-22,"English (American)","WG","WG",394559,83692,8,"production",0,3686,TRUE,TRUE,TRUE
2025-10-22,"English (American)","WG","WG",394562,83695,8,"production",2,3686,TRUE,TRUE,TRUE
2025-10-22,"English (American)","WG","WG",394563,83696,8,"production",0,3686,TRUE,TRUE,TRUE
2025-10-22,"English (American)","WG","WG",394564,83697,8,"production",0,3686,TRUE,TRUE,TRUE
2025-10-22,"English (American)","WG","WG",394574,83707,8,"production",0,3686,TRUE,TRUE,TRUE
2025-10-22,"English (American)","WG","WG",394578,83711,8,"production",1,3686,TRUE,TRUE,TRUE
2025-10-22,"English (American)","WG","WG",394583,83716,8,"production",0,3686,TRUE,TRUE,TRUE
2025-10-22,"English (American)","WG","WG",394584,83717,8,"production",0,3686,TRUE,TRUE,TRUE
2025-10-22,"English (American)","WG","WG",394586,83719,8,"production",0,3686,TRUE,TRUE,TRUE
2025-10-22,"English (American)","WG","WG",394589,83722,8,"production",0,3686,TRUE,TRUE,TRUE
2025-10-22,"English (American)","WG","WG",394594,83727,8,"production",0,3686,TRUE,TRUE,TRUE
2025-10-22,"English (American)","WG","WG",394595,83728,8,"production",0,3686,TRUE,TRUE,TRUE
2025-10-22,"English (American)","WG","WG",394596,83729,8,"production",0,3686,TRUE,TRUE,TRUE
2025-10-22,"English (American)","WG","WG",394603,83736,8,"production",0,3686,TRUE,TRUE,TRUE
2025-10-22,"English (American)","WG","WG",394604,83737,8,"production",0,3686,TRUE,TRUE,TRUE
2025-10-22,"English (American)","WG","WG",394605,83738,8,"production",3,3686,TRUE,TRUE,TRUE
2025-10-22,"English (American)","WG","WG",394608,83741,8,"production",1,3686,TRUE,TRUE,TRUE
2025-10-22,"English (American)","WG","WG",394620,83753,8,"production",2,3686,TRUE,TRUE,TRUE
2025-10-22,"English (American)","WG","WG",394621,83754,8,"production",1,3686,TRUE,TRUE,TRUE
2025-10-22,"English (American)","WG","WG",394640,83773,8,"production",0,3686,TRUE,TRUE,TRUE
2025-10-22,"English (American)","WG","WG",394652,83785,8,"production",4,3686,TRUE,TRUE,TRUE
2025-10-22,"English (American)","WG","WG",391364,4053,9,"production",1,3686,TRUE,TRUE,TRUE
2025-10-22,"English (American)","WG","WG",391396,4085,9,"production",0,3686,TRUE,TRUE,TRUE
2025-10-22,"English (American)","WG","WG",391397,4086,9,"production",12,3686,TRUE,TRUE,TRUE
2025-10-22,"English (American)","WG","WG",391506,4195,9,"production",1,3686,TRUE,TRUE,TRUE
2025-10-22,"English (American)","WG","WG",391517,4206,9,"production",0,3686,TRUE,TRUE,TRUE
2025-10-22,"English (American)","WG","WG",391532,4221,9,"production",0,3686,TRUE,TRUE,TRUE
2025-10-22,"English (American)","WG","WG",391542,4231,9,"production",7,3686,TRUE,TRUE,TRUE
2025-10-22,"English (American)","WG","WG",391544,4233,9,"production",0,3686,TRUE,TRUE,TRUE
2025-10-22,"English (American)","WG","WG",391552,4241,9,"production",4,3686,TRUE,TRUE,TRUE
2025-10-22,"English (American)","WG","WG",391555,4244,9,"production",0,3686,TRUE,TRUE,TRUE
2025-10-22,"English (American)","WG","WG",391556,4245,9,"production",4,3686,TRUE,TRUE,TRUE
2025-10-22,"English (American)","WG","WG",391557,4246,9,"production",0,3686,TRUE,TRUE,TRUE
2025-10-22,"English (American)","WG","WG",391570,4259,9,"production",0,3686,TRUE,TRUE,TRUE
2025-10-22,"English (American)","WG","WG",391573,4262,9,"production",1,3686,TRUE,TRUE,TRUE
2025-10-22,"English (American)","WG","WG",391612,4301,9,"production",1,3686,TRUE,TRUE,TRUE
2025-10-22,"English (American)","WG","WG",391614,4303,9,"production",0,3686,TRUE,TRUE,TRUE
2025-10-22,"English (American)","WG","WG",391625,4314,9,"production",8,3686,TRUE,TRUE,TRUE
2025-10-22,"English (American)","WG","WG",391634,4323,9,"production",0,3686,TRUE,TRUE,TRUE
2025-10-22,"English (American)","WG","WG",391638,4327,9,"production",0,3686,TRUE,TRUE,TRUE
2025-10-22,"English (American)","WG","WG",391686,4375,9,"production",13,3686,TRUE,TRUE,TRUE
2025-10-22,"English (American)","WG","WG",391708,4397,9,"production",0,3686,TRUE,TRUE,TRUE
2025-10-22,"English (American)","WG","WG",391710,4399,9,"production",3,3686,TRUE,TRUE,TRUE
2025-10-22,"English (American)","WG","WG",391716,4405,9,"production",0,3686,TRUE,TRUE,TRUE
2025-10-22,"English (American)","WG","WG",391717,4406,9,"production",0,3686,TRUE,TRUE,TRUE
2025-10-22,"English (American)","WG","WG",391718,4407,9,"production",11,3686,TRUE,TRUE,TRUE
2025-10-22,"English (American)","WG","WG",391719,4408,9,"production",6,3686,TRUE,TRUE,TRUE
2025-10-22,"English (American)","WG","WG",391722,4411,9,"production",1,3686,TRUE,TRUE,TRUE
2025-10-22,"English (American)","WG","WG",391781,4470,9,"production",0,3686,TRUE,TRUE,TRUE
2025-10-22,"English (American)","WG","WG",391782,4471,9,"production",4,3686,TRUE,TRUE,TRUE
2025-10-22,"English (American)","WG","WG",391783,4472,9,"production",0,3686,TRUE,TRUE,TRUE
2025-10-22,"English (American)","WG","WG",391784,4473,9,"production",0,3686,TRUE,TRUE,TRUE
2025-10-22,"English (American)","WG","WG",391789,4478,9,"production",0,3686,TRUE,TRUE,TRUE
2025-10-22,"English (American)","WG","WG",391819,4508,9,"production",1,3686,TRUE,TRUE,TRUE
2025-10-22,"English (American)","WG","WG",391820,4509,9,"production",0,3686,TRUE,TRUE,TRUE
2025-10-22,"English (American)","WG","WG",391821,4510,9,"production",3,3686,TRUE,TRUE,TRUE
2025-10-22,"English (American)","WG","WG",391824,4513,9,"production",0,3686,TRUE,TRUE,TRUE
2025-10-22,"English (American)","WG","WG",391828,4517,9,"production",1,3686,TRUE,TRUE,TRUE
2025-10-22,"English (American)","WG","WG",391830,4519,9,"production",1,3686,TRUE,TRUE,TRUE
2025-10-22,"English (American)","WG","WG",391846,4535,9,"production",0,3686,TRUE,TRUE,TRUE
2025-10-22,"English (American)","WG","WG",391849,4538,9,"production",0,3686,TRUE,TRUE,TRUE
2025-10-22,"English (American)","WG","WG",391882,4571,9,"production",1,3686,TRUE,TRUE,TRUE
2025-10-22,"English (American)","WG","WG",391883,4572,9,"production",4,3686,TRUE,TRUE,TRUE
2025-10-22,"English (American)","WG","WG",391888,4577,9,"production",5,3686,TRUE,TRUE,TRUE
2025-10-22,"English (American)","WG","WG",391889,4578,9,"production",0,3686,TRUE,TRUE,TRUE
2025-10-22,"English (American)","WG","WG",391894,4583,9,"production",0,3686,TRUE,TRUE,TRUE
2025-10-22,"English (American)","WG","WG",391898,4587,9,"production",3,3686,TRUE,TRUE,TRUE
2025-10-22,"English (American)","WG","WG",391905,4594,9,"production",0,3686,TRUE,TRUE,TRUE
2025-10-22,"English (American)","WG","WG",391908,4597,9,"production",4,3686,TRUE,TRUE,TRUE
2025-10-22,"English (American)","WG","WG",391909,4598,9,"production",0,3686,TRUE,TRUE,TRUE
2025-10-22,"English (American)","WG","WG",391912,4601,9,"production",0,3686,TRUE,TRUE,TRUE
2025-10-22,"English (American)","WG","WG",391932,4621,9,"production",0,3686,TRUE,TRUE,TRUE
2025-10-22,"English (American)","WG","WG",391933,4622,9,"production",0,3686,TRUE,TRUE,TRUE
2025-10-22,"English (American)","WG","WG",391950,4639,9,"production",0,3686,TRUE,TRUE,TRUE
2025-10-22,"English (American)","WG","WG",392024,4713,9,"production",4,3686,TRUE,TRUE,TRUE
2025-10-22,"English (American)","WG","WG",392025,4714,9,"production",4,3686,TRUE,TRUE,TRUE
2025-10-22,"English (American)","WG","WG",392026,4715,9,"production",1,3686,TRUE,TRUE,TRUE
2025-10-22,"English (American)","WG","WG",392031,4720,9,"production",2,3686,TRUE,TRUE,TRUE
2025-10-22,"English (American)","WG","WG",392049,4738,9,"production",0,3686,TRUE,TRUE,TRUE
2025-10-22,"English (American)","WG","WG",392050,4739,9,"production",1,3686,TRUE,TRUE,TRUE
2025-10-22,"English (American)","WG","WG",392052,4741,9,"production",3,3686,TRUE,TRUE,TRUE
2025-10-22,"English (American)","WG","WG",392056,4745,9,"production",4,3686,TRUE,TRUE,TRUE
2025-10-22,"English (American)","WG","WG",392057,4746,9,"production",0,3686,TRUE,TRUE,TRUE
2025-10-22,"English (American)","WG","WG",392072,4761,9,"production",5,3686,TRUE,TRUE,TRUE
2025-10-22,"English (American)","WG","WG",392074,4763,9,"production",0,3686,TRUE,TRUE,TRUE
2025-10-22,"English (American)","WG","WG",392077,4766,9,"production",0,3686,TRUE,TRUE,TRUE
2025-10-22,"English (American)","WG","WG",392079,4768,9,"production",0,3686,TRUE,TRUE,TRUE
2025-10-22,"English (American)","WG","WG",392080,4769,9,"production",5,3686,TRUE,TRUE,TRUE
2025-10-22,"English (American)","WG","WG",392081,4770,9,"production",0,3686,TRUE,TRUE,TRUE
2025-10-22,"English (American)","WG","WG",392082,4771,9,"production",2,3686,TRUE,TRUE,TRUE
2025-10-22,"English (American)","WG","WG",392083,4772,9,"production",0,3686,TRUE,TRUE,TRUE
2025-10-22,"English (American)","WG","WG",392093,4782,9,"production",0,3686,TRUE,TRUE,TRUE
2025-10-22,"English (American)","WG","WG",392096,4785,9,"production",0,3686,TRUE,TRUE,TRUE
2025-10-22,"English (American)","WG","WG",392098,4787,9,"production",0,3686,TRUE,TRUE,TRUE
2025-10-22,"English (American)","WG","WG",392099,4788,9,"production",0,3686,TRUE,TRUE,TRUE
2025-10-22,"English (American)","WG","WG",392125,4814,9,"production",1,3686,TRUE,TRUE,TRUE
2025-10-22,"English (American)","WG","WG",392126,4815,9,"production",0,3686,TRUE,TRUE,TRUE
2025-10-22,"English (American)","WG","WG",392127,4816,9,"production",0,3686,TRUE,TRUE,TRUE
2025-10-22,"English (American)","WG","WG",392128,4817,9,"production",1,3686,TRUE,TRUE,TRUE
2025-10-22,"English (American)","WG","WG",392166,4855,9,"production",1,3686,TRUE,TRUE,TRUE
2025-10-22,"English (American)","WG","WG",392180,4869,9,"production",2,3686,TRUE,TRUE,TRUE
2025-10-22,"English (American)","WG","WG",392181,4870,9,"production",7,3686,TRUE,TRUE,TRUE
2025-10-22,"English (American)","WG","WG",392269,4958,9,"production",2,3686,TRUE,TRUE,TRUE
2025-10-22,"English (American)","WG","WG",392324,5013,9,"production",5,3686,TRUE,TRUE,TRUE
2025-10-22,"English (American)","WG","WG",392326,5015,9,"production",0,3686,TRUE,TRUE,TRUE
2025-10-22,"English (American)","WG","WG",392331,5020,9,"production",0,3686,TRUE,TRUE,TRUE
2025-10-22,"English (American)","WG","WG",392351,5039,9,"production",1,3686,TRUE,TRUE,TRUE
2025-10-22,"English (American)","WG","WG",392362,5050,9,"production",1,3686,TRUE,TRUE,TRUE
2025-10-22,"English (American)","WG","WG",393017,30724,9,"production",0,3686,TRUE,TRUE,TRUE
2025-10-22,"English (American)","WG","WG",393021,30728,9,"production",0,3686,TRUE,TRUE,TRUE
2025-10-22,"English (American)","WG","WG",393024,30731,9,"production",0,3686,TRUE,TRUE,TRUE
2025-10-22,"English (American)","WG","WG",393025,30732,9,"production",0,3686,TRUE,TRUE,TRUE
2025-10-22,"English (American)","WG","WG",393027,30734,9,"production",3,3686,TRUE,TRUE,TRUE
2025-10-22,"English (American)","WG","WG",393028,30735,9,"production",0,3686,TRUE,TRUE,TRUE
2025-10-22,"English (American)","WG","WG",393029,30736,9,"production",0,3686,TRUE,TRUE,TRUE
2025-10-22,"English (American)","WG","WG",393471,82604,9,"production",0,3686,TRUE,TRUE,TRUE
2025-10-22,"English (American)","WG","WG",393530,82663,9,"production",117,3686,TRUE,TRUE,TRUE
2025-10-22,"English (American)","WG","WG",393536,82669,9,"production",0,3686,TRUE,TRUE,TRUE
2025-10-22,"English (American)","WG","WG",393541,82674,9,"production",0,3686,TRUE,TRUE,TRUE
2025-10-22,"English (American)","WG","WG",393544,82677,9,"production",1,3686,TRUE,TRUE,TRUE
2025-10-22,"English (American)","WG","WG",393549,82682,9,"production",0,3686,TRUE,TRUE,TRUE
2025-10-22,"English (American)","WG","WG",393566,82699,9,"production",0,3686,TRUE,TRUE,TRUE
2025-10-22,"English (American)","WG","WG",393575,82708,9,"production",1,3686,TRUE,TRUE,TRUE
2025-10-22,"English (American)","WG","WG",393591,82724,9,"production",2,3686,TRUE,TRUE,TRUE
2025-10-22,"English (American)","WG","WG",393597,82730,9,"production",5,3686,TRUE,TRUE,TRUE
2025-10-22,"English (American)","WG","WG",393618,82751,9,"production",6,3686,TRUE,TRUE,TRUE
2025-10-22,"English (American)","WG","WG",393650,82783,9,"production",8,3686,TRUE,TRUE,TRUE
2025-10-22,"English (American)","WG","WG",393664,82797,9,"production",5,3686,TRUE,TRUE,TRUE
2025-10-22,"English (American)","WG","WG",393692,82825,9,"production",1,3686,TRUE,TRUE,TRUE
2025-10-22,"English (American)","WG","WG",393696,82829,9,"production",0,3686,TRUE,TRUE,TRUE
2025-10-22,"English (American)","WG","WG",393702,82835,9,"production",1,3686,TRUE,TRUE,TRUE
2025-10-22,"English (American)","WG","WG",393712,82845,9,"production",62,3686,TRUE,TRUE,TRUE
2025-10-22,"English (American)","WG","WG",393720,82853,9,"production",0,3686,TRUE,TRUE,TRUE
2025-10-22,"English (American)","WG","WG",393721,82854,9,"production",0,3686,TRUE,TRUE,TRUE
2025-10-22,"English (American)","WG","WG",393723,82856,9,"production",2,3686,TRUE,TRUE,TRUE
2025-10-22,"English (American)","WG","WG",393747,82880,9,"production",0,3686,TRUE,TRUE,TRUE
2025-10-22,"English (American)","WG","WG",393755,82888,9,"production",9,3686,TRUE,TRUE,TRUE
2025-10-22,"English (American)","WG","WG",393773,82906,9,"production",299,3686,TRUE,TRUE,TRUE
2025-10-22,"English (American)","WG","WG",393803,82936,9,"production",3,3686,TRUE,TRUE,TRUE
2025-10-22,"English (American)","WG","WG",393808,82941,9,"production",0,3686,TRUE,TRUE,TRUE
2025-10-22,"English (American)","WG","WG",393818,82951,9,"production",0,3686,TRUE,TRUE,TRUE
2025-10-22,"English (American)","WG","WG",393821,82954,9,"production",32,3686,TRUE,TRUE,TRUE
2025-10-22,"English (American)","WG","WG",393826,82959,9,"production",0,3686,TRUE,TRUE,TRUE
2025-10-22,"English (American)","WG","WG",393845,82978,9,"production",4,3686,TRUE,TRUE,TRUE
2025-10-22,"English (American)","WG","WG",393871,83004,9,"production",3,3686,TRUE,TRUE,TRUE
2025-10-22,"English (American)","WG","WG",393873,83006,9,"production",1,3686,TRUE,TRUE,TRUE
2025-10-22,"English (American)","WG","WG",393888,83021,9,"production",0,3686,TRUE,TRUE,TRUE
2025-10-22,"English (American)","WG","WG",393900,83033,9,"production",55,3686,TRUE,TRUE,TRUE
2025-10-22,"English (American)","WG","WG",393901,83034,9,"production",2,3686,TRUE,TRUE,TRUE
2025-10-22,"English (American)","WG","WG",393909,83042,9,"production",4,3686,TRUE,TRUE,TRUE
2025-10-22,"English (American)","WG","WG",393912,83045,9,"production",1,3686,TRUE,TRUE,TRUE
2025-10-22,"English (American)","WG","WG",393918,83051,9,"production",3,3686,TRUE,TRUE,TRUE
2025-10-22,"English (American)","WG","WG",393922,83055,9,"production",0,3686,TRUE,TRUE,TRUE
2025-10-22,"English (American)","WG","WG",393923,83056,9,"production",0,3686,TRUE,TRUE,TRUE
2025-10-22,"English (American)","WG","WG",393943,83076,9,"production",2,3686,TRUE,TRUE,TRUE
2025-10-22,"English (American)","WG","WG",393954,83087,9,"production",10,3686,TRUE,TRUE,TRUE
2025-10-22,"English (American)","WG","WG",393990,83123,9,"production",0,3686,TRUE,TRUE,TRUE
2025-10-22,"English (American)","WG","WG",393997,83130,9,"production",0,3686,TRUE,TRUE,TRUE
2025-10-22,"English (American)","WG","WG",394003,83136,9,"production",1,3686,TRUE,TRUE,TRUE
2025-10-22,"English (American)","WG","WG",394035,83168,9,"production",0,3686,TRUE,TRUE,TRUE
2025-10-22,"English (American)","WG","WG",394042,83175,9,"production",14,3686,TRUE,TRUE,TRUE
2025-10-22,"English (American)","WG","WG",394053,83186,9,"production",0,3686,TRUE,TRUE,TRUE
2025-10-22,"English (American)","WG","WG",394106,83239,9,"production",0,3686,TRUE,TRUE,TRUE
2025-10-22,"English (American)","WG","WG",394107,83240,9,"production",0,3686,TRUE,TRUE,TRUE
2025-10-22,"English (American)","WG","WG",394115,83248,9,"production",0,3686,TRUE,TRUE,TRUE
2025-10-22,"English (American)","WG","WG",394143,83276,9,"production",9,3686,TRUE,TRUE,TRUE
2025-10-22,"English (American)","WG","WG",394145,83278,9,"production",0,3686,TRUE,TRUE,TRUE
2025-10-22,"English (American)","WG","WG",394175,83308,9,"production",0,3686,TRUE,TRUE,TRUE
2025-10-22,"English (American)","WG","WG",394183,83316,9,"production",3,3686,TRUE,TRUE,TRUE
2025-10-22,"English (American)","WG","WG",394185,83318,9,"production",0,3686,TRUE,TRUE,TRUE
2025-10-22,"English (American)","WG","WG",394187,83320,9,"production",0,3686,TRUE,TRUE,TRUE
2025-10-22,"English (American)","WG","WG",394195,83328,9,"production",1,3686,TRUE,TRUE,TRUE
2025-10-22,"English (American)","WG","WG",394197,83330,9,"production",9,3686,TRUE,TRUE,TRUE
2025-10-22,"English (American)","WG","WG",394213,83346,9,"production",0,3686,TRUE,TRUE,TRUE
2025-10-22,"English (American)","WG","WG",394216,83349,9,"production",0,3686,TRUE,TRUE,TRUE
2025-10-22,"English (American)","WG","WG",394224,83357,9,"production",2,3686,TRUE,TRUE,TRUE
2025-10-22,"English (American)","WG","WG",394244,83377,9,"production",0,3686,TRUE,TRUE,TRUE
2025-10-22,"English (American)","WG","WG",394246,83379,9,"production",0,3686,TRUE,TRUE,TRUE
2025-10-22,"English (American)","WG","WG",394255,83388,9,"production",2,3686,TRUE,TRUE,TRUE
2025-10-22,"English (American)","WG","WG",394278,83411,9,"production",1,3686,TRUE,TRUE,TRUE
2025-10-22,"English (American)","WG","WG",394291,83424,9,"production",3,3686,TRUE,TRUE,TRUE
2025-10-22,"English (American)","WG","WG",394312,83445,9,"production",19,3686,TRUE,TRUE,TRUE
2025-10-22,"English (American)","WG","WG",394339,83472,9,"production",12,3686,TRUE,TRUE,TRUE
2025-10-22,"English (American)","WG","WG",394344,83477,9,"production",1,3686,TRUE,TRUE,TRUE
2025-10-22,"English (American)","WG","WG",394375,83508,9,"production",5,3686,TRUE,TRUE,TRUE
2025-10-22,"English (American)","WG","WG",394384,83517,9,"production",0,3686,TRUE,TRUE,TRUE
2025-10-22,"English (American)","WG","WG",394396,83529,9,"production",0,3686,TRUE,TRUE,TRUE
2025-10-22,"English (American)","WG","WG",394408,83541,9,"production",0,3686,TRUE,TRUE,TRUE
2025-10-22,"English (American)","WG","WG",394444,83577,9,"production",4,3686,TRUE,TRUE,TRUE
2025-10-22,"English (American)","WG","WG",394458,83591,9,"production",52,3686,TRUE,TRUE,TRUE
2025-10-22,"English (American)","WG","WG",394490,83623,9,"production",6,3686,TRUE,TRUE,TRUE
2025-10-22,"English (American)","WG","WG",394504,83637,9,"production",58,3686,TRUE,TRUE,TRUE
2025-10-22,"English (American)","WG","WG",394548,83681,9,"production",0,3686,TRUE,TRUE,TRUE
2025-10-22,"English (American)","WG","WG",394549,83682,9,"production",0,3686,TRUE,TRUE,TRUE
2025-10-22,"English (American)","WG","WG",394566,83699,9,"production",0,3686,TRUE,TRUE,TRUE
2025-10-22,"English (American)","WG","WG",394567,83700,9,"production",0,3686,TRUE,TRUE,TRUE
2025-10-22,"English (American)","WG","WG",394572,83705,9,"production",0,3686,TRUE,TRUE,TRUE
2025-10-22,"English (American)","WG","WG",394579,83712,9,"production",0,3686,TRUE,TRUE,TRUE
2025-10-22,"English (American)","WG","WG",394582,83715,9,"production",2,3686,TRUE,TRUE,TRUE
2025-10-22,"English (American)","WG","WG",394592,83725,9,"production",1,3686,TRUE,TRUE,TRUE
2025-10-22,"English (American)","WG","WG",394597,83730,9,"production",1,3686,TRUE,TRUE,TRUE
2025-10-22,"English (American)","WG","WG",394598,83731,9,"production",0,3686,TRUE,TRUE,TRUE
2025-10-22,"English (American)","WG","WG",394606,83739,9,"production",5,3686,TRUE,TRUE,TRUE
2025-10-22,"English (American)","WG","WG",394625,83758,9,"production",3,3686,TRUE,TRUE,TRUE
2025-10-22,"English (American)","WG","WG",394638,83771,9,"production",0,3686,TRUE,TRUE,TRUE
2025-10-22,"English (American)","WG","WG",394642,83775,9,"production",0,3686,TRUE,TRUE,TRUE
2025-10-22,"English (American)","WG","WG",394653,83786,9,"production",0,3686,TRUE,TRUE,TRUE
2025-10-22,"English (American)","WG","WG",394683,83816,9,"production",0,3686,TRUE,TRUE,TRUE
2025-10-22,"English (American)","WG","WG",391392,4081,10,"production",8,3686,TRUE,TRUE,TRUE
2025-10-22,"English (American)","WG","WG",391393,4082,10,"production",10,3686,TRUE,TRUE,TRUE
2025-10-22,"English (American)","WG","WG",391398,4087,10,"production",3,3686,TRUE,TRUE,TRUE
2025-10-22,"English (American)","WG","WG",391400,4089,10,"production",0,3686,TRUE,TRUE,TRUE
2025-10-22,"English (American)","WG","WG",391421,4110,10,"production",0,3686,TRUE,TRUE,TRUE
2025-10-22,"English (American)","WG","WG",391422,4111,10,"production",0,3686,TRUE,TRUE,TRUE
2025-10-22,"English (American)","WG","WG",391423,4112,10,"production",6,3686,TRUE,TRUE,TRUE
2025-10-22,"English (American)","WG","WG",391425,4114,10,"production",1,3686,TRUE,TRUE,TRUE
2025-10-22,"English (American)","WG","WG",391426,4115,10,"production",1,3686,TRUE,TRUE,TRUE
2025-10-22,"English (American)","WG","WG",391427,4116,10,"production",15,3686,TRUE,TRUE,TRUE
2025-10-22,"English (American)","WG","WG",391428,4117,10,"production",4,3686,TRUE,TRUE,TRUE
2025-10-22,"English (American)","WG","WG",391429,4118,10,"production",6,3686,TRUE,TRUE,TRUE
2025-10-22,"English (American)","WG","WG",391430,4119,10,"production",1,3686,TRUE,TRUE,TRUE
2025-10-22,"English (American)","WG","WG",391431,4120,10,"production",0,3686,TRUE,TRUE,TRUE
2025-10-22,"English (American)","WG","WG",391432,4121,10,"production",0,3686,TRUE,TRUE,TRUE
2025-10-22,"English (American)","WG","WG",391434,4123,10,"production",15,3686,TRUE,TRUE,TRUE
2025-10-22,"English (American)","WG","WG",391435,4124,10,"production",4,3686,TRUE,TRUE,TRUE
2025-10-22,"English (American)","WG","WG",391436,4125,10,"production",2,3686,TRUE,TRUE,TRUE
2025-10-22,"English (American)","WG","WG",391437,4126,10,"production",2,3686,TRUE,TRUE,TRUE
2025-10-22,"English (American)","WG","WG",391438,4127,10,"production",2,3686,TRUE,TRUE,TRUE
2025-10-22,"English (American)","WG","WG",391439,4128,10,"production",4,3686,TRUE,TRUE,TRUE
2025-10-22,"English (American)","WG","WG",391440,4129,10,"production",0,3686,TRUE,TRUE,TRUE
2025-10-22,"English (American)","WG","WG",391441,4130,10,"production",7,3686,TRUE,TRUE,TRUE
2025-10-22,"English (American)","WG","WG",391442,4131,10,"production",5,3686,TRUE,TRUE,TRUE
2025-10-22,"English (American)","WG","WG",391443,4132,10,"production",4,3686,TRUE,TRUE,TRUE
2025-10-22,"English (American)","WG","WG",391444,4133,10,"production",0,3686,TRUE,TRUE,TRUE
2025-10-22,"English (American)","WG","WG",391445,4134,10,"production",2,3686,TRUE,TRUE,TRUE
2025-10-22,"English (American)","WG","WG",391446,4135,10,"production",7,3686,TRUE,TRUE,TRUE
2025-10-22,"English (American)","WG","WG",391447,4136,10,"production",2,3686,TRUE,TRUE,TRUE
2025-10-22,"English (American)","WG","WG",391448,4137,10,"production",0,3686,TRUE,TRUE,TRUE
2025-10-22,"English (American)","WG","WG",391449,4138,10,"production",5,3686,TRUE,TRUE,TRUE
2025-10-22,"English (American)","WG","WG",391451,4140,10,"production",8,3686,TRUE,TRUE,TRUE
2025-10-22,"English (American)","WG","WG",391452,4141,10,"production",3,3686,TRUE,TRUE,TRUE
2025-10-22,"English (American)","WG","WG",391453,4142,10,"production",3,3686,TRUE,TRUE,TRUE
2025-10-22,"English (American)","WG","WG",391454,4143,10,"production",3,3686,TRUE,TRUE,TRUE
2025-10-22,"English (American)","WG","WG",391455,4144,10,"production",1,3686,TRUE,TRUE,TRUE
2025-10-22,"English (American)","WG","WG",391456,4145,10,"production",2,3686,TRUE,TRUE,TRUE
2025-10-22,"English (American)","WG","WG",391457,4146,10,"production",16,3686,TRUE,TRUE,TRUE
2025-10-22,"English (American)","WG","WG",391458,4147,10,"production",3,3686,TRUE,TRUE,TRUE
2025-10-22,"English (American)","WG","WG",391459,4148,10,"production",0,3686,TRUE,TRUE,TRUE
2025-10-22,"English (American)","WG","WG",391460,4149,10,"production",1,3686,TRUE,TRUE,TRUE
2025-10-22,"English (American)","WG","WG",391461,4150,10,"production",4,3686,TRUE,TRUE,TRUE
2025-10-22,"English (American)","WG","WG",391462,4151,10,"production",15,3686,TRUE,TRUE,TRUE
2025-10-22,"English (American)","WG","WG",391463,4152,10,"production",2,3686,TRUE,TRUE,TRUE
2025-10-22,"English (American)","WG","WG",391464,4153,10,"production",2,3686,TRUE,TRUE,TRUE
2025-10-22,"English (American)","WG","WG",391465,4154,10,"production",0,3686,TRUE,TRUE,TRUE
2025-10-22,"English (American)","WG","WG",391466,4155,10,"production",5,3686,TRUE,TRUE,TRUE
2025-10-22,"English (American)","WG","WG",391467,4156,10,"production",6,3686,TRUE,TRUE,TRUE
2025-10-22,"English (American)","WG","WG",391468,4157,10,"production",5,3686,TRUE,TRUE,TRUE
2025-10-22,"English (American)","WG","WG",391469,4158,10,"production",1,3686,TRUE,TRUE,TRUE
2025-10-22,"English (American)","WG","WG",391470,4159,10,"production",0,3686,TRUE,TRUE,TRUE
2025-10-22,"English (American)","WG","WG",391471,4160,10,"production",3,3686,TRUE,TRUE,TRUE
2025-10-22,"English (American)","WG","WG",391472,4161,10,"production",10,3686,TRUE,TRUE,TRUE
2025-10-22,"English (American)","WG","WG",391473,4162,10,"production",1,3686,TRUE,TRUE,TRUE
2025-10-22,"English (American)","WG","WG",391474,4163,10,"production",1,3686,TRUE,TRUE,TRUE
2025-10-22,"English (American)","WG","WG",391475,4164,10,"production",0,3686,TRUE,TRUE,TRUE
2025-10-22,"English (American)","WG","WG",391476,4165,10,"production",3,3686,TRUE,TRUE,TRUE
2025-10-22,"English (American)","WG","WG",391477,4166,10,"production",2,3686,TRUE,TRUE,TRUE
2025-10-22,"English (American)","WG","WG",391478,4167,10,"production",11,3686,TRUE,TRUE,TRUE
2025-10-22,"English (American)","WG","WG",391479,4168,10,"production",0,3686,TRUE,TRUE,TRUE
2025-10-22,"English (American)","WG","WG",391480,4169,10,"production",3,3686,TRUE,TRUE,TRUE
2025-10-22,"English (American)","WG","WG",391481,4170,10,"production",2,3686,TRUE,TRUE,TRUE
2025-10-22,"English (American)","WG","WG",391482,4171,10,"production",0,3686,TRUE,TRUE,TRUE
2025-10-22,"English (American)","WG","WG",391483,4172,10,"production",3,3686,TRUE,TRUE,TRUE
2025-10-22,"English (American)","WG","WG",391484,4173,10,"production",5,3686,TRUE,TRUE,TRUE
2025-10-22,"English (American)","WG","WG",391490,4179,10,"production",0,3686,TRUE,TRUE,TRUE
2025-10-22,"English (American)","WG","WG",391518,4207,10,"production",0,3686,TRUE,TRUE,TRUE
2025-10-22,"English (American)","WG","WG",391519,4208,10,"production",0,3686,TRUE,TRUE,TRUE
2025-10-22,"English (American)","WG","WG",391535,4224,10,"production",0,3686,TRUE,TRUE,TRUE
2025-10-22,"English (American)","WG","WG",391540,4229,10,"production",5,3686,TRUE,TRUE,TRUE
2025-10-22,"English (American)","WG","WG",391541,4230,10,"production",1,3686,TRUE,TRUE,TRUE
2025-10-22,"English (American)","WG","WG",391572,4261,10,"production",2,3686,TRUE,TRUE,TRUE
2025-10-22,"English (American)","WG","WG",391594,4283,10,"production",4,3686,TRUE,TRUE,TRUE
2025-10-22,"English (American)","WG","WG",391611,4300,10,"production",8,3686,TRUE,TRUE,TRUE
2025-10-22,"English (American)","WG","WG",391627,4316,10,"production",0,3686,TRUE,TRUE,TRUE
2025-10-22,"English (American)","WG","WG",391630,4319,10,"production",0,3686,TRUE,TRUE,TRUE
2025-10-22,"English (American)","WG","WG",391644,4333,10,"production",7,3686,TRUE,TRUE,TRUE
2025-10-22,"English (American)","WG","WG",391646,4335,10,"production",0,3686,TRUE,TRUE,TRUE
2025-10-22,"English (American)","WG","WG",391658,4347,10,"production",5,3686,TRUE,TRUE,TRUE
2025-10-22,"English (American)","WG","WG",391661,4350,10,"production",4,3686,TRUE,TRUE,TRUE
2025-10-22,"English (American)","WG","WG",391662,4351,10,"production",3,3686,TRUE,TRUE,TRUE
2025-10-22,"English (American)","WG","WG",391665,4354,10,"production",0,3686,TRUE,TRUE,TRUE
2025-10-22,"English (American)","WG","WG",391696,4385,10,"production",4,3686,TRUE,TRUE,TRUE
2025-10-22,"English (American)","WG","WG",391706,4395,10,"production",0,3686,TRUE,TRUE,TRUE
2025-10-22,"English (American)","WG","WG",391711,4400,10,"production",3,3686,TRUE,TRUE,TRUE
2025-10-22,"English (American)","WG","WG",391728,4417,10,"production",3,3686,TRUE,TRUE,TRUE
2025-10-22,"English (American)","WG","WG",391779,4468,10,"production",0,3686,TRUE,TRUE,TRUE
2025-10-22,"English (American)","WG","WG",391780,4469,10,"production",0,3686,TRUE,TRUE,TRUE
2025-10-22,"English (American)","WG","WG",391791,4480,10,"production",1,3686,TRUE,TRUE,TRUE
2025-10-22,"English (American)","WG","WG",391802,4491,10,"production",3,3686,TRUE,TRUE,TRUE
2025-10-22,"English (American)","WG","WG",391804,4493,10,"production",0,3686,TRUE,TRUE,TRUE
2025-10-22,"English (American)","WG","WG",391805,4494,10,"production",1,3686,TRUE,TRUE,TRUE
2025-10-22,"English (American)","WG","WG",391806,4495,10,"production",4,3686,TRUE,TRUE,TRUE
2025-10-22,"English (American)","WG","WG",391811,4500,10,"production",17,3686,TRUE,TRUE,TRUE
2025-10-22,"English (American)","WG","WG",391822,4511,10,"production",0,3686,TRUE,TRUE,TRUE
2025-10-22,"English (American)","WG","WG",391823,4512,10,"production",0,3686,TRUE,TRUE,TRUE
2025-10-22,"English (American)","WG","WG",391833,4522,10,"production",7,3686,TRUE,TRUE,TRUE
2025-10-22,"English (American)","WG","WG",391834,4523,10,"production",7,3686,TRUE,TRUE,TRUE
2025-10-22,"English (American)","WG","WG",391835,4524,10,"production",0,3686,TRUE,TRUE,TRUE
2025-10-22,"English (American)","WG","WG",391836,4525,10,"production",0,3686,TRUE,TRUE,TRUE
2025-10-22,"English (American)","WG","WG",391837,4526,10,"production",1,3686,TRUE,TRUE,TRUE
2025-10-22,"English (American)","WG","WG",391886,4575,10,"production",2,3686,TRUE,TRUE,TRUE
2025-10-22,"English (American)","WG","WG",391887,4576,10,"production",2,3686,TRUE,TRUE,TRUE
2025-10-22,"English (American)","WG","WG",391890,4579,10,"production",0,3686,TRUE,TRUE,TRUE
2025-10-22,"English (American)","WG","WG",391940,4629,10,"production",5,3686,TRUE,TRUE,TRUE
2025-10-22,"English (American)","WG","WG",391948,4637,10,"production",14,3686,TRUE,TRUE,TRUE
2025-10-22,"English (American)","WG","WG",391951,4640,10,"production",0,3686,TRUE,TRUE,TRUE
2025-10-22,"English (American)","WG","WG",392027,4716,10,"production",7,3686,TRUE,TRUE,TRUE
2025-10-22,"English (American)","WG","WG",392028,4717,10,"production",4,3686,TRUE,TRUE,TRUE
2025-10-22,"English (American)","WG","WG",392029,4718,10,"production",2,3686,TRUE,TRUE,TRUE
2025-10-22,"English (American)","WG","WG",392030,4719,10,"production",13,3686,TRUE,TRUE,TRUE
2025-10-22,"English (American)","WG","WG",392051,4740,10,"production",5,3686,TRUE,TRUE,TRUE
2025-10-22,"English (American)","WG","WG",392053,4742,10,"production",0,3686,TRUE,TRUE,TRUE
2025-10-22,"English (American)","WG","WG",392054,4743,10,"production",3,3686,TRUE,TRUE,TRUE
2025-10-22,"English (American)","WG","WG",392064,4753,10,"production",3,3686,TRUE,TRUE,TRUE
2025-10-22,"English (American)","WG","WG",392078,4767,10,"production",0,3686,TRUE,TRUE,TRUE
2025-10-22,"English (American)","WG","WG",392087,4776,10,"production",0,3686,TRUE,TRUE,TRUE
2025-10-22,"English (American)","WG","WG",392088,4777,10,"production",4,3686,TRUE,TRUE,TRUE
2025-10-22,"English (American)","WG","WG",392089,4778,10,"production",4,3686,TRUE,TRUE,TRUE
2025-10-22,"English (American)","WG","WG",392090,4779,10,"production",3,3686,TRUE,TRUE,TRUE
2025-10-22,"English (American)","WG","WG",392091,4780,10,"production",6,3686,TRUE,TRUE,TRUE
2025-10-22,"English (American)","WG","WG",392092,4781,10,"production",0,3686,TRUE,TRUE,TRUE
2025-10-22,"English (American)","WG","WG",392097,4786,10,"production",0,3686,TRUE,TRUE,TRUE
2025-10-22,"English (American)","WG","WG",392107,4796,10,"production",7,3686,TRUE,TRUE,TRUE
2025-10-22,"English (American)","WG","WG",392112,4801,10,"production",3,3686,TRUE,TRUE,TRUE
2025-10-22,"English (American)","WG","WG",392132,4821,10,"production",1,3686,TRUE,TRUE,TRUE
2025-10-22,"English (American)","WG","WG",392139,4828,10,"production",0,3686,TRUE,TRUE,TRUE
2025-10-22,"English (American)","WG","WG",392150,4839,10,"production",0,3686,TRUE,TRUE,TRUE
2025-10-22,"English (American)","WG","WG",392167,4856,10,"production",6,3686,TRUE,TRUE,TRUE
2025-10-22,"English (American)","WG","WG",392175,4864,10,"production",6,3686,TRUE,TRUE,TRUE
2025-10-22,"English (American)","WG","WG",392252,4941,10,"production",7,3686,TRUE,TRUE,TRUE
2025-10-22,"English (American)","WG","WG",392259,4948,10,"production",3,3686,TRUE,TRUE,TRUE
2025-10-22,"English (American)","WG","WG",392260,4949,10,"production",0,3686,TRUE,TRUE,TRUE
2025-10-22,"English (American)","WG","WG",392267,4956,10,"production",0,3686,TRUE,TRUE,TRUE
2025-10-22,"English (American)","WG","WG",392270,4959,10,"production",1,3686,TRUE,TRUE,TRUE
2025-10-22,"English (American)","WG","WG",392276,4965,10,"production",0,3686,TRUE,TRUE,TRUE
2025-10-22,"English (American)","WG","WG",392297,4986,10,"production",0,3686,TRUE,TRUE,TRUE
2025-10-22,"English (American)","WG","WG",392332,5021,10,"production",0,3686,TRUE,TRUE,TRUE
2025-10-22,"English (American)","WG","WG",392333,5022,10,"production",0,3686,TRUE,TRUE,TRUE
2025-10-22,"English (American)","WG","WG",392334,5023,10,"production",0,3686,TRUE,TRUE,TRUE
2025-10-22,"English (American)","WG","WG",392335,5024,10,"production",3,3686,TRUE,TRUE,TRUE
2025-10-22,"English (American)","WG","WG",392338,5027,10,"production",2,3686,TRUE,TRUE,TRUE
2025-10-22,"English (American)","WG","WG",392340,5029,10,"production",12,3686,TRUE,TRUE,TRUE
2025-10-22,"English (American)","WG","WG",392341,5030,10,"production",0,3686,TRUE,TRUE,TRUE
2025-10-22,"English (American)","WG","WG",392342,5031,10,"production",1,3686,TRUE,TRUE,TRUE
2025-10-22,"English (American)","WG","WG",392343,5032,10,"production",2,3686,TRUE,TRUE,TRUE
2025-10-22,"English (American)","WG","WG",392344,5033,10,"production",1,3686,TRUE,TRUE,TRUE
2025-10-22,"English (American)","WG","WG",392345,5034,10,"production",0,3686,TRUE,TRUE,TRUE
2025-10-22,"English (American)","WG","WG",392349,5037,10,"production",0,3686,TRUE,TRUE,TRUE
2025-10-22,"English (American)","WG","WG",392350,5038,10,"production",0,3686,TRUE,TRUE,TRUE
2025-10-22,"English (American)","WG","WG",392352,5040,10,"production",1,3686,TRUE,TRUE,TRUE
2025-10-22,"English (American)","WG","WG",392360,5048,10,"production",0,3686,TRUE,TRUE,TRUE
2025-10-22,"English (American)","WG","WG",392363,5051,10,"production",2,3686,TRUE,TRUE,TRUE
2025-10-22,"English (American)","WG","WG",393022,30729,10,"production",0,3686,TRUE,TRUE,TRUE
2025-10-22,"English (American)","WG","WG",393023,30730,10,"production",0,3686,TRUE,TRUE,TRUE
2025-10-22,"English (American)","WG","WG",393460,82593,10,"production",1,3686,TRUE,TRUE,TRUE
2025-10-22,"English (American)","WG","WG",393473,82606,10,"production",8,3686,TRUE,TRUE,TRUE
2025-10-22,"English (American)","WG","WG",393483,82616,10,"production",4,3686,TRUE,TRUE,TRUE
2025-10-22,"English (American)","WG","WG",393492,82625,10,"production",19,3686,TRUE,TRUE,TRUE
2025-10-22,"English (American)","WG","WG",393494,82627,10,"production",1,3686,TRUE,TRUE,TRUE
2025-10-22,"English (American)","WG","WG",393498,82631,10,"production",8,3686,TRUE,TRUE,TRUE
2025-10-22,"English (American)","WG","WG",393504,82637,10,"production",0,3686,TRUE,TRUE,TRUE
2025-10-22,"English (American)","WG","WG",393512,82645,10,"production",2,3686,TRUE,TRUE,TRUE
2025-10-22,"English (American)","WG","WG",393521,82654,10,"production",2,3686,TRUE,TRUE,TRUE
2025-10-22,"English (American)","WG","WG",393555,82688,10,"production",0,3686,TRUE,TRUE,TRUE
2025-10-22,"English (American)","WG","WG",393577,82710,10,"production",11,3686,TRUE,TRUE,TRUE
2025-10-22,"English (American)","WG","WG",393595,82728,10,"production",7,3686,TRUE,TRUE,TRUE
2025-10-22,"English (American)","WG","WG",393600,82733,10,"production",32,3686,TRUE,TRUE,TRUE
2025-10-22,"English (American)","WG","WG",393621,82754,10,"production",3,3686,TRUE,TRUE,TRUE
2025-10-22,"English (American)","WG","WG",393627,82760,10,"production",2,3686,TRUE,TRUE,TRUE
2025-10-22,"English (American)","WG","WG",393639,82772,10,"production",14,3686,TRUE,TRUE,TRUE
2025-10-22,"English (American)","WG","WG",393658,82791,10,"production",4,3686,TRUE,TRUE,TRUE
2025-10-22,"English (American)","WG","WG",393678,82811,10,"production",1,3686,TRUE,TRUE,TRUE
2025-10-22,"English (American)","WG","WG",393687,82820,10,"production",1,3686,TRUE,TRUE,TRUE
2025-10-22,"English (American)","WG","WG",393699,82832,10,"production",4,3686,TRUE,TRUE,TRUE
2025-10-22,"English (American)","WG","WG",393732,82865,10,"production",212,3686,TRUE,TRUE,TRUE
2025-10-22,"English (American)","WG","WG",393759,82892,10,"production",2,3686,TRUE,TRUE,TRUE
2025-10-22,"English (American)","WG","WG",393776,82909,10,"production",3,3686,TRUE,TRUE,TRUE
2025-10-22,"English (American)","WG","WG",393797,82930,10,"production",2,3686,TRUE,TRUE,TRUE
2025-10-22,"English (American)","WG","WG",393806,82939,10,"production",2,3686,TRUE,TRUE,TRUE
2025-10-22,"English (American)","WG","WG",393812,82945,10,"production",22,3686,TRUE,TRUE,TRUE
2025-10-22,"English (American)","WG","WG",393814,82947,10,"production",2,3686,TRUE,TRUE,TRUE
2025-10-22,"English (American)","WG","WG",393850,82983,10,"production",158,3686,TRUE,TRUE,TRUE
2025-10-22,"English (American)","WG","WG",393861,82994,10,"production",33,3686,TRUE,TRUE,TRUE
2025-10-22,"English (American)","WG","WG",393881,83014,10,"production",2,3686,TRUE,TRUE,TRUE
2025-10-22,"English (American)","WG","WG",393895,83028,10,"production",2,3686,TRUE,TRUE,TRUE
2025-10-22,"English (American)","WG","WG",393929,83062,10,"production",0,3686,TRUE,TRUE,TRUE
2025-10-22,"English (American)","WG","WG",393936,83069,10,"production",2,3686,TRUE,TRUE,TRUE
2025-10-22,"English (American)","WG","WG",393937,83070,10,"production",1,3686,TRUE,TRUE,TRUE
2025-10-22,"English (American)","WG","WG",393951,83084,10,"production",133,3686,TRUE,TRUE,TRUE
2025-10-22,"English (American)","WG","WG",393973,83106,10,"production",32,3686,TRUE,TRUE,TRUE
2025-10-22,"English (American)","WG","WG",394044,83177,10,"production",0,3686,TRUE,TRUE,TRUE
2025-10-22,"English (American)","WG","WG",394058,83191,10,"production",8,3686,TRUE,TRUE,TRUE
2025-10-22,"English (American)","WG","WG",394070,83203,10,"production",78,3686,TRUE,TRUE,TRUE
2025-10-22,"English (American)","WG","WG",394091,83224,10,"production",0,3686,TRUE,TRUE,TRUE
2025-10-22,"English (American)","WG","WG",394095,83228,10,"production",25,3686,TRUE,TRUE,TRUE
2025-10-22,"English (American)","WG","WG",394109,83242,10,"production",0,3686,TRUE,TRUE,TRUE
2025-10-22,"English (American)","WG","WG",394118,83251,10,"production",10,3686,TRUE,TRUE,TRUE
2025-10-22,"English (American)","WG","WG",394129,83262,10,"production",196,3686,TRUE,TRUE,TRUE
2025-10-22,"English (American)","WG","WG",394141,83274,10,"production",2,3686,TRUE,TRUE,TRUE
2025-10-22,"English (American)","WG","WG",394144,83277,10,"production",8,3686,TRUE,TRUE,TRUE
2025-10-22,"English (American)","WG","WG",394153,83286,10,"production",2,3686,TRUE,TRUE,TRUE
2025-10-22,"English (American)","WG","WG",394162,83295,10,"production",79,3686,TRUE,TRUE,TRUE
2025-10-22,"English (American)","WG","WG",394170,83303,10,"production",0,3686,TRUE,TRUE,TRUE
2025-10-22,"English (American)","WG","WG",394176,83309,10,"production",11,3686,TRUE,TRUE,TRUE
2025-10-22,"English (American)","WG","WG",394181,83314,10,"production",32,3686,TRUE,TRUE,TRUE
2025-10-22,"English (American)","WG","WG",394194,83327,10,"production",1,3686,TRUE,TRUE,TRUE
2025-10-22,"English (American)","WG","WG",394202,83335,10,"production",3,3686,TRUE,TRUE,TRUE
2025-10-22,"English (American)","WG","WG",394220,83353,10,"production",0,3686,TRUE,TRUE,TRUE
2025-10-22,"English (American)","WG","WG",394245,83378,10,"production",0,3686,TRUE,TRUE,TRUE
2025-10-22,"English (American)","WG","WG",394292,83425,10,"production",5,3686,TRUE,TRUE,TRUE
2025-10-22,"English (American)","WG","WG",394372,83505,10,"production",9,3686,TRUE,TRUE,TRUE
2025-10-22,"English (American)","WG","WG",394392,83525,10,"production",0,3686,TRUE,TRUE,TRUE
2025-10-22,"English (American)","WG","WG",394394,83527,10,"production",0,3686,TRUE,TRUE,TRUE
2025-10-22,"English (American)","WG","WG",394397,83530,10,"production",0,3686,TRUE,TRUE,TRUE
2025-10-22,"English (American)","WG","WG",394431,83564,10,"production",4,3686,TRUE,TRUE,TRUE
2025-10-22,"English (American)","WG","WG",394440,83573,10,"production",0,3686,TRUE,TRUE,TRUE
2025-10-22,"English (American)","WG","WG",394457,83590,10,"production",25,3686,TRUE,TRUE,TRUE
2025-10-22,"English (American)","WG","WG",394468,83601,10,"production",3,3686,TRUE,TRUE,TRUE
2025-10-22,"English (American)","WG","WG",394486,83619,10,"production",36,3686,TRUE,TRUE,TRUE
2025-10-22,"English (American)","WG","WG",394487,83620,10,"production",27,3686,TRUE,TRUE,TRUE
2025-10-22,"English (American)","WG","WG",394516,83649,10,"production",1,3686,TRUE,TRUE,TRUE
2025-10-22,"English (American)","WG","WG",394532,83665,10,"production",1,3686,TRUE,TRUE,TRUE
2025-10-22,"English (American)","WG","WG",394540,83673,10,"production",0,3686,TRUE,TRUE,TRUE
2025-10-22,"English (American)","WG","WG",394551,83684,10,"production",0,3686,TRUE,TRUE,TRUE
2025-10-22,"English (American)","WG","WG",394573,83706,10,"production",3,3686,TRUE,TRUE,TRUE
2025-10-22,"English (American)","WG","WG",394575,83708,10,"production",0,3686,TRUE,TRUE,TRUE
2025-10-22,"English (American)","WG","WG",394577,83710,10,"production",0,3686,TRUE,TRUE,TRUE
2025-10-22,"English (American)","WG","WG",394585,83718,10,"production",1,3686,TRUE,TRUE,TRUE
2025-10-22,"English (American)","WG","WG",394599,83732,10,"production",1,3686,TRUE,TRUE,TRUE
2025-10-22,"English (American)","WG","WG",394600,83733,10,"production",0,3686,TRUE,TRUE,TRUE
2025-10-22,"English (American)","WG","WG",394602,83735,10,"production",0,3686,TRUE,TRUE,TRUE
2025-10-22,"English (American)","WG","WG",394609,83742,10,"production",0,3686,TRUE,TRUE,TRUE
2025-10-22,"English (American)","WG","WG",394615,83748,10,"production",6,3686,TRUE,TRUE,TRUE
2025-10-22,"English (American)","WG","WG",394616,83749,10,"production",1,3686,TRUE,TRUE,TRUE
2025-10-22,"English (American)","WG","WG",394634,83767,10,"production",0,3686,TRUE,TRUE,TRUE
2025-10-22,"English (American)","WG","WG",394636,83769,10,"production",6,3686,TRUE,TRUE,TRUE
2025-10-22,"English (American)","WG","WG",394641,83774,10,"production",2,3686,TRUE,TRUE,TRUE
2025-10-22,"English (American)","WG","WG",394644,83777,10,"production",0,3686,TRUE,TRUE,TRUE
2025-10-22,"English (American)","WG","WG",394648,83781,10,"production",3,3686,TRUE,TRUE,TRUE
2025-10-22,"English (American)","WG","WG",394659,83792,10,"production",0,3686,TRUE,TRUE,TRUE
2025-10-22,"English (American)","WG","WG",394676,83809,10,"production",0,3686,TRUE,TRUE,TRUE
2025-10-22,"English (American)","WG","WG",394681,83814,10,"production",0,3686,TRUE,TRUE,TRUE
2025-10-22,"English (American)","WG","WG",394684,83817,10,"production",0,3686,TRUE,TRUE,TRUE
2025-10-22,"English (American)","WG","WG",394692,83825,10,"production",0,3686,TRUE,TRUE,TRUE
2025-10-22,"English (American)","WG","WG",394694,83827,10,"production",0,3686,TRUE,TRUE,TRUE
2025-10-22,"English (American)","WG","WG",391388,4077,11,"production",0,3686,TRUE,TRUE,TRUE
2025-10-22,"English (American)","WG","WG",391389,4078,11,"production",3,3686,TRUE,TRUE,TRUE
2025-10-22,"English (American)","WG","WG",391390,4079,11,"production",12,3686,TRUE,TRUE,TRUE
2025-10-22,"English (American)","WG","WG",391424,4113,11,"production",4,3686,TRUE,TRUE,TRUE
2025-10-22,"English (American)","WG","WG",391433,4122,11,"production",6,3686,TRUE,TRUE,TRUE
2025-10-22,"English (American)","WG","WG",391450,4139,11,"production",3,3686,TRUE,TRUE,TRUE
2025-10-22,"English (American)","WG","WG",391507,4196,11,"production",1,3686,TRUE,TRUE,TRUE
2025-10-22,"English (American)","WG","WG",391510,4199,11,"production",0,3686,TRUE,TRUE,TRUE
2025-10-22,"English (American)","WG","WG",391513,4202,11,"production",4,3686,TRUE,TRUE,TRUE
2025-10-22,"English (American)","WG","WG",391514,4203,11,"production",4,3686,TRUE,TRUE,TRUE
2025-10-22,"English (American)","WG","WG",391526,4215,11,"production",1,3686,TRUE,TRUE,TRUE
2025-10-22,"English (American)","WG","WG",391550,4239,11,"production",0,3686,TRUE,TRUE,TRUE
2025-10-22,"English (American)","WG","WG",391553,4242,11,"production",1,3686,TRUE,TRUE,TRUE
2025-10-22,"English (American)","WG","WG",391574,4263,11,"production",0,3686,TRUE,TRUE,TRUE
2025-10-22,"English (American)","WG","WG",391581,4270,11,"production",7,3686,TRUE,TRUE,TRUE
2025-10-22,"English (American)","WG","WG",391584,4273,11,"production",0,3686,TRUE,TRUE,TRUE
2025-10-22,"English (American)","WG","WG",391587,4276,11,"production",0,3686,TRUE,TRUE,TRUE
2025-10-22,"English (American)","WG","WG",391593,4282,11,"production",0,3686,TRUE,TRUE,TRUE
2025-10-22,"English (American)","WG","WG",391596,4285,11,"production",1,3686,TRUE,TRUE,TRUE
2025-10-22,"English (American)","WG","WG",391602,4291,11,"production",20,3686,TRUE,TRUE,TRUE
2025-10-22,"English (American)","WG","WG",391606,4295,11,"production",0,3686,TRUE,TRUE,TRUE
2025-10-22,"English (American)","WG","WG",391607,4296,11,"production",9,3686,TRUE,TRUE,TRUE
2025-10-22,"English (American)","WG","WG",391616,4305,11,"production",0,3686,TRUE,TRUE,TRUE
2025-10-22,"English (American)","WG","WG",391620,4309,11,"production",8,3686,TRUE,TRUE,TRUE
2025-10-22,"English (American)","WG","WG",391621,4310,11,"production",8,3686,TRUE,TRUE,TRUE
2025-10-22,"English (American)","WG","WG",391626,4315,11,"production",9,3686,TRUE,TRUE,TRUE
2025-10-22,"English (American)","WG","WG",391643,4332,11,"production",3,3686,TRUE,TRUE,TRUE
2025-10-22,"English (American)","WG","WG",391649,4338,11,"production",0,3686,TRUE,TRUE,TRUE
2025-10-22,"English (American)","WG","WG",391651,4340,11,"production",6,3686,TRUE,TRUE,TRUE
2025-10-22,"English (American)","WG","WG",391656,4345,11,"production",2,3686,TRUE,TRUE,TRUE
2025-10-22,"English (American)","WG","WG",391664,4353,11,"production",14,3686,TRUE,TRUE,TRUE
2025-10-22,"English (American)","WG","WG",391668,4357,11,"production",0,3686,TRUE,TRUE,TRUE
2025-10-22,"English (American)","WG","WG",391672,4361,11,"production",16,3686,TRUE,TRUE,TRUE
2025-10-22,"English (American)","WG","WG",391674,4363,11,"production",0,3686,TRUE,TRUE,TRUE
2025-10-22,"English (American)","WG","WG",391676,4365,11,"production",5,3686,TRUE,TRUE,TRUE
2025-10-22,"English (American)","WG","WG",391678,4367,11,"production",11,3686,TRUE,TRUE,TRUE
2025-10-22,"English (American)","WG","WG",391679,4368,11,"production",11,3686,TRUE,TRUE,TRUE
2025-10-22,"English (American)","WG","WG",391682,4371,11,"production",2,3686,TRUE,TRUE,TRUE
2025-10-22,"English (American)","WG","WG",391707,4396,11,"production",0,3686,TRUE,TRUE,TRUE
2025-10-22,"English (American)","WG","WG",391787,4476,11,"production",0,3686,TRUE,TRUE,TRUE
2025-10-22,"English (American)","WG","WG",391788,4477,11,"production",9,3686,TRUE,TRUE,TRUE
2025-10-22,"English (American)","WG","WG",391801,4490,11,"production",16,3686,TRUE,TRUE,TRUE
2025-10-22,"English (American)","WG","WG",391803,4492,11,"production",2,3686,TRUE,TRUE,TRUE
2025-10-22,"English (American)","WG","WG",391807,4496,11,"production",1,3686,TRUE,TRUE,TRUE
2025-10-22,"English (American)","WG","WG",391808,4497,11,"production",0,3686,TRUE,TRUE,TRUE
2025-10-22,"English (American)","WG","WG",391809,4498,11,"production",6,3686,TRUE,TRUE,TRUE
2025-10-22,"English (American)","WG","WG",391810,4499,11,"production",6,3686,TRUE,TRUE,TRUE
2025-10-22,"English (American)","WG","WG",391812,4501,11,"production",53,3686,TRUE,TRUE,TRUE
2025-10-22,"English (American)","WG","WG",391815,4504,11,"production",1,3686,TRUE,TRUE,TRUE
2025-10-22,"English (American)","WG","WG",391816,4505,11,"production",0,3686,TRUE,TRUE,TRUE
2025-10-22,"English (American)","WG","WG",391817,4506,11,"production",13,3686,TRUE,TRUE,TRUE
2025-10-22,"English (American)","WG","WG",391829,4518,11,"production",12,3686,TRUE,TRUE,TRUE
2025-10-22,"English (American)","WG","WG",391831,4520,11,"production",2,3686,TRUE,TRUE,TRUE
2025-10-22,"English (American)","WG","WG",391878,4567,11,"production",1,3686,TRUE,TRUE,TRUE
2025-10-22,"English (American)","WG","WG",391879,4568,11,"production",2,3686,TRUE,TRUE,TRUE
2025-10-22,"English (American)","WG","WG",391880,4569,11,"production",0,3686,TRUE,TRUE,TRUE
2025-10-22,"English (American)","WG","WG",391881,4570,11,"production",14,3686,TRUE,TRUE,TRUE
2025-10-22,"English (American)","WG","WG",391895,4584,11,"production",7,3686,TRUE,TRUE,TRUE
2025-10-22,"English (American)","WG","WG",391896,4585,11,"production",0,3686,TRUE,TRUE,TRUE
2025-10-22,"English (American)","WG","WG",391899,4588,11,"production",5,3686,TRUE,TRUE,TRUE
2025-10-22,"English (American)","WG","WG",391900,4589,11,"production",0,3686,TRUE,TRUE,TRUE
2025-10-22,"English (American)","WG","WG",391910,4599,11,"production",11,3686,TRUE,TRUE,TRUE
2025-10-22,"English (American)","WG","WG",391915,4604,11,"production",1,3686,TRUE,TRUE,TRUE
2025-10-22,"English (American)","WG","WG",391930,4619,11,"production",0,3686,TRUE,TRUE,TRUE
2025-10-22,"English (American)","WG","WG",391944,4633,11,"production",1,3686,TRUE,TRUE,TRUE
2025-10-22,"English (American)","WG","WG",391991,4680,11,"production",15,3686,TRUE,TRUE,TRUE
2025-10-22,"English (American)","WG","WG",392032,4721,11,"production",0,3686,TRUE,TRUE,TRUE
2025-10-22,"English (American)","WG","WG",392033,4722,11,"production",4,3686,TRUE,TRUE,TRUE
2025-10-22,"English (American)","WG","WG",392034,4723,11,"production",1,3686,TRUE,TRUE,TRUE
2025-10-22,"English (American)","WG","WG",392038,4727,11,"production",6,3686,TRUE,TRUE,TRUE
2025-10-22,"English (American)","WG","WG",392047,4736,11,"production",0,3686,TRUE,TRUE,TRUE
2025-10-22,"English (American)","WG","WG",392059,4748,11,"production",2,3686,TRUE,TRUE,TRUE
2025-10-22,"English (American)","WG","WG",392067,4756,11,"production",13,3686,TRUE,TRUE,TRUE
2025-10-22,"English (American)","WG","WG",392068,4757,11,"production",1,3686,TRUE,TRUE,TRUE
2025-10-22,"English (American)","WG","WG",392071,4760,11,"production",0,3686,TRUE,TRUE,TRUE
2025-10-22,"English (American)","WG","WG",392073,4762,11,"production",5,3686,TRUE,TRUE,TRUE
2025-10-22,"English (American)","WG","WG",392100,4789,11,"production",0,3686,TRUE,TRUE,TRUE
2025-10-22,"English (American)","WG","WG",392102,4791,11,"production",4,3686,TRUE,TRUE,TRUE
2025-10-22,"English (American)","WG","WG",392103,4792,11,"production",7,3686,TRUE,TRUE,TRUE
2025-10-22,"English (American)","WG","WG",392104,4793,11,"production",4,3686,TRUE,TRUE,TRUE
2025-10-22,"English (American)","WG","WG",392105,4794,11,"production",3,3686,TRUE,TRUE,TRUE
2025-10-22,"English (American)","WG","WG",392106,4795,11,"production",1,3686,TRUE,TRUE,TRUE
2025-10-22,"English (American)","WG","WG",392108,4797,11,"production",5,3686,TRUE,TRUE,TRUE
2025-10-22,"English (American)","WG","WG",392109,4798,11,"production",5,3686,TRUE,TRUE,TRUE
2025-10-22,"English (American)","WG","WG",392110,4799,11,"production",3,3686,TRUE,TRUE,TRUE
2025-10-22,"English (American)","WG","WG",392111,4800,11,"production",7,3686,TRUE,TRUE,TRUE
2025-10-22,"English (American)","WG","WG",392115,4804,11,"production",27,3686,TRUE,TRUE,TRUE
2025-10-22,"English (American)","WG","WG",392134,4823,11,"production",5,3686,TRUE,TRUE,TRUE
2025-10-22,"English (American)","WG","WG",392160,4849,11,"production",0,3686,TRUE,TRUE,TRUE
2025-10-22,"English (American)","WG","WG",392212,4901,11,"production",3,3686,TRUE,TRUE,TRUE
2025-10-22,"English (American)","WG","WG",392257,4946,11,"production",2,3686,TRUE,TRUE,TRUE
2025-10-22,"English (American)","WG","WG",392274,4963,11,"production",7,3686,TRUE,TRUE,TRUE
2025-10-22,"English (American)","WG","WG",392303,4992,11,"production",7,3686,TRUE,TRUE,TRUE
2025-10-22,"English (American)","WG","WG",393034,30741,11,"production",5,3686,TRUE,TRUE,TRUE
2025-10-22,"English (American)","WG","WG",393458,82591,11,"production",54,3686,TRUE,TRUE,TRUE
2025-10-22,"English (American)","WG","WG",393462,82595,11,"production",2,3686,TRUE,TRUE,TRUE
2025-10-22,"English (American)","WG","WG",393487,82620,11,"production",2,3686,TRUE,TRUE,TRUE
2025-10-22,"English (American)","WG","WG",393488,82621,11,"production",261,3686,TRUE,TRUE,TRUE
2025-10-22,"English (American)","WG","WG",393491,82624,11,"production",75,3686,TRUE,TRUE,TRUE
2025-10-22,"English (American)","WG","WG",393493,82626,11,"production",10,3686,TRUE,TRUE,TRUE
2025-10-22,"English (American)","WG","WG",393506,82639,11,"production",7,3686,TRUE,TRUE,TRUE
2025-10-22,"English (American)","WG","WG",393526,82659,11,"production",13,3686,TRUE,TRUE,TRUE
2025-10-22,"English (American)","WG","WG",393546,82679,11,"production",8,3686,TRUE,TRUE,TRUE
2025-10-22,"English (American)","WG","WG",393567,82700,11,"production",3,3686,TRUE,TRUE,TRUE
2025-10-22,"English (American)","WG","WG",393568,82701,11,"production",0,3686,TRUE,TRUE,TRUE
2025-10-22,"English (American)","WG","WG",393574,82707,11,"production",0,3686,TRUE,TRUE,TRUE
2025-10-22,"English (American)","WG","WG",393603,82736,11,"production",8,3686,TRUE,TRUE,TRUE
2025-10-22,"English (American)","WG","WG",393633,82766,11,"production",7,3686,TRUE,TRUE,TRUE
2025-10-22,"English (American)","WG","WG",393640,82773,11,"production",6,3686,TRUE,TRUE,TRUE
2025-10-22,"English (American)","WG","WG",393647,82780,11,"production",270,3686,TRUE,TRUE,TRUE
2025-10-22,"English (American)","WG","WG",393662,82795,11,"production",18,3686,TRUE,TRUE,TRUE
2025-10-22,"English (American)","WG","WG",393671,82804,11,"production",6,3686,TRUE,TRUE,TRUE
2025-10-22,"English (American)","WG","WG",393680,82813,11,"production",0,3686,TRUE,TRUE,TRUE
2025-10-22,"English (American)","WG","WG",393697,82830,11,"production",9,3686,TRUE,TRUE,TRUE
2025-10-22,"English (American)","WG","WG",393714,82847,11,"production",2,3686,TRUE,TRUE,TRUE
2025-10-22,"English (American)","WG","WG",393724,82857,11,"production",7,3686,TRUE,TRUE,TRUE
2025-10-22,"English (American)","WG","WG",393735,82868,11,"production",6,3686,TRUE,TRUE,TRUE
2025-10-22,"English (American)","WG","WG",393736,82869,11,"production",0,3686,TRUE,TRUE,TRUE
2025-10-22,"English (American)","WG","WG",393740,82873,11,"production",9,3686,TRUE,TRUE,TRUE
2025-10-22,"English (American)","WG","WG",393749,82882,11,"production",5,3686,TRUE,TRUE,TRUE
2025-10-22,"English (American)","WG","WG",393753,82886,11,"production",8,3686,TRUE,TRUE,TRUE
2025-10-22,"English (American)","WG","WG",393758,82891,11,"production",9,3686,TRUE,TRUE,TRUE
2025-10-22,"English (American)","WG","WG",393766,82899,11,"production",0,3686,TRUE,TRUE,TRUE
2025-10-22,"English (American)","WG","WG",393775,82908,11,"production",235,3686,TRUE,TRUE,TRUE
2025-10-22,"English (American)","WG","WG",393781,82914,11,"production",7,3686,TRUE,TRUE,TRUE
2025-10-22,"English (American)","WG","WG",393788,82921,11,"production",309,3686,TRUE,TRUE,TRUE
2025-10-22,"English (American)","WG","WG",393805,82938,11,"production",9,3686,TRUE,TRUE,TRUE
2025-10-22,"English (American)","WG","WG",393809,82942,11,"production",4,3686,TRUE,TRUE,TRUE
2025-10-22,"English (American)","WG","WG",393853,82986,11,"production",4,3686,TRUE,TRUE,TRUE
2025-10-22,"English (American)","WG","WG",393878,83011,11,"production",169,3686,TRUE,TRUE,TRUE
2025-10-22,"English (American)","WG","WG",393879,83012,11,"production",3,3686,TRUE,TRUE,TRUE
2025-10-22,"English (American)","WG","WG",393884,83017,11,"production",10,3686,TRUE,TRUE,TRUE
2025-10-22,"English (American)","WG","WG",393903,83036,11,"production",0,3686,TRUE,TRUE,TRUE
2025-10-22,"English (American)","WG","WG",393913,83046,11,"production",5,3686,TRUE,TRUE,TRUE
2025-10-22,"English (American)","WG","WG",393914,83047,11,"production",2,3686,TRUE,TRUE,TRUE
2025-10-22,"English (American)","WG","WG",393916,83049,11,"production",1,3686,TRUE,TRUE,TRUE
2025-10-22,"English (American)","WG","WG",393925,83058,11,"production",15,3686,TRUE,TRUE,TRUE
2025-10-22,"English (American)","WG","WG",393933,83066,11,"production",0,3686,TRUE,TRUE,TRUE
2025-10-22,"English (American)","WG","WG",393940,83073,11,"production",2,3686,TRUE,TRUE,TRUE
2025-10-22,"English (American)","WG","WG",393945,83078,11,"production",1,3686,TRUE,TRUE,TRUE
2025-10-22,"English (American)","WG","WG",393955,83088,11,"production",0,3686,TRUE,TRUE,TRUE
2025-10-22,"English (American)","WG","WG",393969,83102,11,"production",0,3686,TRUE,TRUE,TRUE
2025-10-22,"English (American)","WG","WG",393978,83111,11,"production",0,3686,TRUE,TRUE,TRUE
2025-10-22,"English (American)","WG","WG",393985,83118,11,"production",11,3686,TRUE,TRUE,TRUE
2025-10-22,"English (American)","WG","WG",393989,83122,11,"production",0,3686,TRUE,TRUE,TRUE
2025-10-22,"English (American)","WG","WG",393994,83127,11,"production",0,3686,TRUE,TRUE,TRUE
2025-10-22,"English (American)","WG","WG",394001,83134,11,"production",22,3686,TRUE,TRUE,TRUE
2025-10-22,"English (American)","WG","WG",394004,83137,11,"production",5,3686,TRUE,TRUE,TRUE
2025-10-22,"English (American)","WG","WG",394008,83141,11,"production",8,3686,TRUE,TRUE,TRUE
2025-10-22,"English (American)","WG","WG",394016,83149,11,"production",2,3686,TRUE,TRUE,TRUE
2025-10-22,"English (American)","WG","WG",394026,83159,11,"production",5,3686,TRUE,TRUE,TRUE
2025-10-22,"English (American)","WG","WG",394029,83162,11,"production",5,3686,TRUE,TRUE,TRUE
2025-10-22,"English (American)","WG","WG",394032,83165,11,"production",2,3686,TRUE,TRUE,TRUE
2025-10-22,"English (American)","WG","WG",394045,83178,11,"production",0,3686,TRUE,TRUE,TRUE
2025-10-22,"English (American)","WG","WG",394049,83182,11,"production",3,3686,TRUE,TRUE,TRUE
2025-10-22,"English (American)","WG","WG",394055,83188,11,"production",14,3686,TRUE,TRUE,TRUE
2025-10-22,"English (American)","WG","WG",394063,83196,11,"production",1,3686,TRUE,TRUE,TRUE
2025-10-22,"English (American)","WG","WG",394073,83206,11,"production",9,3686,TRUE,TRUE,TRUE
2025-10-22,"English (American)","WG","WG",394080,83213,11,"production",0,3686,TRUE,TRUE,TRUE
2025-10-22,"English (American)","WG","WG",394082,83215,11,"production",0,3686,TRUE,TRUE,TRUE
2025-10-22,"English (American)","WG","WG",394088,83221,11,"production",5,3686,TRUE,TRUE,TRUE
2025-10-22,"English (American)","WG","WG",394090,83223,11,"production",11,3686,TRUE,TRUE,TRUE
2025-10-22,"English (American)","WG","WG",394096,83229,11,"production",4,3686,TRUE,TRUE,TRUE
2025-10-22,"English (American)","WG","WG",394104,83237,11,"production",0,3686,TRUE,TRUE,TRUE
2025-10-22,"English (American)","WG","WG",394105,83238,11,"production",0,3686,TRUE,TRUE,TRUE
2025-10-22,"English (American)","WG","WG",394148,83281,11,"production",55,3686,TRUE,TRUE,TRUE
2025-10-22,"English (American)","WG","WG",394188,83321,11,"production",0,3686,TRUE,TRUE,TRUE
2025-10-22,"English (American)","WG","WG",394199,83332,11,"production",9,3686,TRUE,TRUE,TRUE
2025-10-22,"English (American)","WG","WG",394249,83382,11,"production",2,3686,TRUE,TRUE,TRUE
2025-10-22,"English (American)","WG","WG",394258,83391,11,"production",18,3686,TRUE,TRUE,TRUE
2025-10-22,"English (American)","WG","WG",394260,83393,11,"production",2,3686,TRUE,TRUE,TRUE
2025-10-22,"English (American)","WG","WG",394274,83407,11,"production",10,3686,TRUE,TRUE,TRUE
2025-10-22,"English (American)","WG","WG",394279,83412,11,"production",4,3686,TRUE,TRUE,TRUE
2025-10-22,"English (American)","WG","WG",394282,83415,11,"production",11,3686,TRUE,TRUE,TRUE
2025-10-22,"English (American)","WG","WG",394294,83427,11,"production",1,3686,TRUE,TRUE,TRUE
2025-10-22,"English (American)","WG","WG",394295,83428,11,"production",69,3686,TRUE,TRUE,TRUE
2025-10-22,"English (American)","WG","WG",394317,83450,11,"production",10,3686,TRUE,TRUE,TRUE
2025-10-22,"English (American)","WG","WG",394319,83452,11,"production",3,3686,TRUE,TRUE,TRUE
2025-10-22,"English (American)","WG","WG",394328,83461,11,"production",3,3686,TRUE,TRUE,TRUE
2025-10-22,"English (American)","WG","WG",394330,83463,11,"production",14,3686,TRUE,TRUE,TRUE
2025-10-22,"English (American)","WG","WG",394331,83464,11,"production",4,3686,TRUE,TRUE,TRUE
2025-10-22,"English (American)","WG","WG",394333,83466,11,"production",9,3686,TRUE,TRUE,TRUE
2025-10-22,"English (American)","WG","WG",394341,83474,11,"production",6,3686,TRUE,TRUE,TRUE
2025-10-22,"English (American)","WG","WG",394364,83497,11,"production",27,3686,TRUE,TRUE,TRUE
2025-10-22,"English (American)","WG","WG",394373,83506,11,"production",21,3686,TRUE,TRUE,TRUE
2025-10-22,"English (American)","WG","WG",394377,83510,11,"production",1,3686,TRUE,TRUE,TRUE
2025-10-22,"English (American)","WG","WG",394382,83515,11,"production",1,3686,TRUE,TRUE,TRUE
2025-10-22,"English (American)","WG","WG",394424,83557,11,"production",3,3686,TRUE,TRUE,TRUE
2025-10-22,"English (American)","WG","WG",394426,83559,11,"production",0,3686,TRUE,TRUE,TRUE
2025-10-22,"English (American)","WG","WG",394445,83578,11,"production",1,3686,TRUE,TRUE,TRUE
2025-10-22,"English (American)","WG","WG",394454,83587,11,"production",0,3686,TRUE,TRUE,TRUE
2025-10-22,"English (American)","WG","WG",394470,83603,11,"production",0,3686,TRUE,TRUE,TRUE
2025-10-22,"English (American)","WG","WG",394484,83617,11,"production",1,3686,TRUE,TRUE,TRUE
2025-10-22,"English (American)","WG","WG",394489,83622,11,"production",27,3686,TRUE,TRUE,TRUE
2025-10-22,"English (American)","WG","WG",394491,83624,11,"production",0,3686,TRUE,TRUE,TRUE
2025-10-22,"English (American)","WG","WG",394495,83628,11,"production",0,3686,TRUE,TRUE,TRUE
2025-10-22,"English (American)","WG","WG",394502,83635,11,"production",234,3686,TRUE,TRUE,TRUE
2025-10-22,"English (American)","WG","WG",394503,83636,11,"production",160,3686,TRUE,TRUE,TRUE
2025-10-22,"English (American)","WG","WG",394515,83648,11,"production",2,3686,TRUE,TRUE,TRUE
2025-10-22,"English (American)","WG","WG",394537,83670,11,"production",5,3686,TRUE,TRUE,TRUE
2025-10-22,"English (American)","WG","WG",394546,83679,11,"production",0,3686,TRUE,TRUE,TRUE
2025-10-22,"English (American)","WG","WG",394554,83687,11,"production",0,3686,TRUE,TRUE,TRUE
2025-10-22,"English (American)","WG","WG",394557,83690,11,"production",7,3686,TRUE,TRUE,TRUE
2025-10-22,"English (American)","WG","WG",394569,83702,11,"production",1,3686,TRUE,TRUE,TRUE
2025-10-22,"English (American)","WG","WG",394601,83734,11,"production",0,3686,TRUE,TRUE,TRUE
2025-10-22,"English (American)","WG","WG",394627,83760,11,"production",0,3686,TRUE,TRUE,TRUE
2025-10-22,"English (American)","WG","WG",394633,83766,11,"production",0,3686,TRUE,TRUE,TRUE
2025-10-22,"English (American)","WG","WG",394635,83768,11,"production",0,3686,TRUE,TRUE,TRUE
2025-10-22,"English (American)","WG","WG",394637,83770,11,"production",1,3686,TRUE,TRUE,TRUE
2025-10-22,"English (American)","WG","WG",394660,83793,11,"production",2,3686,TRUE,TRUE,TRUE
2025-10-22,"English (American)","WG","WG",394666,83799,11,"production",0,3686,TRUE,TRUE,TRUE
2025-10-22,"English (American)","WG","WG",394682,83815,11,"production",0,3686,TRUE,TRUE,TRUE
2025-10-22,"English (American)","WG","WG",394685,83818,11,"production",0,3686,TRUE,TRUE,TRUE
2025-10-22,"English (American)","WG","WG",394691,83824,11,"production",0,3686,TRUE,TRUE,TRUE
2025-10-22,"English (American)","WG","WG",394695,83828,11,"production",0,3686,TRUE,TRUE,TRUE
2025-10-22,"English (American)","WG","WG",394769,83902,11,"production",0,3686,TRUE,TRUE,TRUE
2025-10-22,"English (American)","WG","WG",394773,83906,11,"production",3,3686,TRUE,TRUE,TRUE
2025-10-22,"English (American)","WG","WG",394783,83916,11,"production",6,3686,TRUE,TRUE,TRUE
2025-10-22,"English (American)","WG","WG",394786,83919,11,"production",2,3686,TRUE,TRUE,TRUE
2025-10-22,"English (American)","WG","WG",394793,83926,11,"production",1,3686,TRUE,TRUE,TRUE
2025-10-22,"English (American)","WG","WG",394808,83941,11,"production",0,3686,TRUE,TRUE,TRUE
2025-10-22,"English (American)","WG","WG",394810,83943,11,"production",7,3686,TRUE,TRUE,TRUE
2025-10-22,"English (American)","WG","WG",394814,83947,11,"production",0,3686,TRUE,TRUE,TRUE
2025-10-22,"English (American)","WG","WG",394815,83948,11,"production",0,3686,TRUE,TRUE,TRUE
2025-10-22,"English (American)","WG","WG",394816,83949,11,"production",2,3686,TRUE,TRUE,TRUE
2025-10-22,"English (American)","WG","WG",394819,83952,11,"production",0,3686,TRUE,TRUE,TRUE
2025-10-22,"English (American)","WG","WG",394822,83955,11,"production",0,3686,TRUE,TRUE,TRUE
2025-10-22,"English (American)","WG","WG",394828,83961,11,"production",4,3686,TRUE,TRUE,TRUE
2025-10-22,"English (American)","WG","WG",394830,83963,11,"production",6,3686,TRUE,TRUE,TRUE
2025-10-22,"English (American)","WG","WG",394838,83971,11,"production",8,3686,TRUE,TRUE,TRUE
2025-10-22,"English (American)","WG","WG",394844,83977,11,"production",3,3686,TRUE,TRUE,TRUE
2025-10-22,"English (American)","WG","WG",394846,83979,11,"production",19,3686,TRUE,TRUE,TRUE
2025-10-22,"English (American)","WG","WG",394850,83983,11,"production",2,3686,TRUE,TRUE,TRUE
2025-10-22,"English (American)","WG","WG",394853,83986,11,"production",4,3686,TRUE,TRUE,TRUE
2025-10-22,"English (American)","WG","WG",394865,83998,11,"production",0,3686,TRUE,TRUE,TRUE
2025-10-22,"English (American)","WG","WG",394898,84031,11,"production",4,3686,TRUE,TRUE,TRUE
2025-10-22,"English (American)","WG","WG",394938,84071,11,"production",1,3686,TRUE,TRUE,TRUE
2025-10-22,"English (American)","WG","WG",394956,84089,11,"production",0,3686,TRUE,TRUE,TRUE
2025-10-22,"English (American)","WG","WG",394962,84095,11,"production",1,3686,TRUE,TRUE,TRUE
2025-10-22,"English (American)","WG","WG",394970,84103,11,"production",3,3686,TRUE,TRUE,TRUE
2025-10-22,"English (American)","WG","WG",394975,84108,11,"production",8,3686,TRUE,TRUE,TRUE
2025-10-22,"English (American)","WG","WG",394986,84119,11,"production",2,3686,TRUE,TRUE,TRUE
2025-10-22,"English (American)","WG","WG",394998,84131,11,"production",3,3686,TRUE,TRUE,TRUE
2025-10-22,"English (American)","WG","WG",395001,84134,11,"production",1,3686,TRUE,TRUE,TRUE
2025-10-22,"English (American)","WG","WG",395002,84135,11,"production",3,3686,TRUE,TRUE,TRUE
2025-10-22,"English (American)","WG","WG",395005,84138,11,"production",20,3686,TRUE,TRUE,TRUE
2025-10-22,"English (American)","WG","WG",395007,84140,11,"production",0,3686,TRUE,TRUE,TRUE
2025-10-22,"English (American)","WG","WG",395008,84141,11,"production",9,3686,TRUE,TRUE,TRUE
2025-10-22,"English (American)","WG","WG",395011,84144,11,"production",4,3686,TRUE,TRUE,TRUE
2025-10-22,"English (American)","WG","WG",395014,84147,11,"production",4,3686,TRUE,TRUE,TRUE
2025-10-22,"English (American)","WG","WG",395019,84152,11,"production",2,3686,TRUE,TRUE,TRUE
2025-10-22,"English (American)","WG","WG",395027,84160,11,"production",12,3686,TRUE,TRUE,TRUE
2025-10-22,"English (American)","WG","WG",395031,84164,11,"production",0,3686,TRUE,TRUE,TRUE
2025-10-22,"English (American)","WG","WG",395043,84176,11,"production",1,3686,TRUE,TRUE,TRUE
2025-10-22,"English (American)","WG","WG",395055,84188,11,"production",7,3686,TRUE,TRUE,TRUE
2025-10-22,"English (American)","WG","WG",395064,84197,11,"production",19,3686,TRUE,TRUE,TRUE
2025-10-22,"English (American)","WG","WG",395072,84205,11,"production",4,3686,TRUE,TRUE,TRUE
2025-10-22,"English (American)","WG","WG",395076,84209,11,"production",9,3686,TRUE,TRUE,TRUE
2025-10-22,"English (American)","WG","WG",395077,84210,11,"production",0,3686,TRUE,TRUE,TRUE
2025-10-22,"English (American)","WG","WG",395096,84229,11,"production",6,3686,TRUE,TRUE,TRUE
2025-10-22,"English (American)","WG","WG",395098,84231,11,"production",13,3686,TRUE,TRUE,TRUE
2025-10-22,"English (American)","WG","WG",395101,84234,11,"production",26,3686,TRUE,TRUE,TRUE
2025-10-22,"English (American)","WG","WG",395103,84236,11,"production",1,3686,TRUE,TRUE,TRUE
2025-10-22,"English (American)","WG","WG",395104,84237,11,"production",0,3686,TRUE,TRUE,TRUE
2025-10-22,"English (American)","WG","WG",395105,84238,11,"production",1,3686,TRUE,TRUE,TRUE
2025-10-22,"English (American)","WG","WG",395106,84239,11,"production",3,3686,TRUE,TRUE,TRUE
2025-10-22,"English (American)","WG","WG",395108,84241,11,"production",0,3686,TRUE,TRUE,TRUE
2025-10-22,"English (American)","WG","WG",395117,84250,11,"production",3,3686,TRUE,TRUE,TRUE
2025-10-22,"English (American)","WG","WG",395119,84252,11,"production",5,3686,TRUE,TRUE,TRUE
2025-10-22,"English (American)","WG","WG",395135,84268,11,"production",3,3686,TRUE,TRUE,TRUE
2025-10-22,"English (American)","WG","WG",395139,84272,11,"production",0,3686,TRUE,TRUE,TRUE
2025-10-22,"English (American)","WG","WG",395151,84284,11,"production",0,3686,TRUE,TRUE,TRUE
2025-10-22,"English (American)","WG","WG",395156,84289,11,"production",3,3686,TRUE,TRUE,TRUE
2025-10-22,"English (American)","WG","WG",395157,84290,11,"production",0,3686,TRUE,TRUE,TRUE
2025-10-22,"English (American)","WG","WG",395164,84297,11,"production",3,3686,TRUE,TRUE,TRUE
2025-10-22,"English (American)","WG","WG",395166,84299,11,"production",5,3686,TRUE,TRUE,TRUE
2025-10-22,"English (American)","WG","WG",395169,84302,11,"production",0,3686,TRUE,TRUE,TRUE
2025-10-22,"English (American)","WG","WG",395171,84304,11,"production",2,3686,TRUE,TRUE,TRUE
2025-10-22,"English (American)","WG","WG",395175,84308,11,"production",9,3686,TRUE,TRUE,TRUE
2025-10-22,"English (American)","WG","WG",395177,84310,11,"production",1,3686,TRUE,TRUE,TRUE
2025-10-22,"English (American)","WG","WG",395184,84317,11,"production",0,3686,TRUE,TRUE,TRUE
2025-10-22,"English (American)","WG","WG",395190,84323,11,"production",0,3686,TRUE,TRUE,TRUE
2025-10-22,"English (American)","WG","WG",395193,84326,11,"production",14,3686,TRUE,TRUE,TRUE
2025-10-22,"English (American)","WG","WG",395196,84329,11,"production",11,3686,TRUE,TRUE,TRUE
2025-10-22,"English (American)","WG","WG",395198,84331,11,"production",14,3686,TRUE,TRUE,TRUE
2025-10-22,"English (American)","WG","WG",395200,84333,11,"production",12,3686,TRUE,TRUE,TRUE
2025-10-22,"English (American)","WG","WG",395202,84335,11,"production",4,3686,TRUE,TRUE,TRUE
2025-10-22,"English (American)","WG","WG",395206,84339,11,"production",0,3686,TRUE,TRUE,TRUE
2025-10-22,"English (American)","WG","WG",395218,84351,11,"production",4,3686,TRUE,TRUE,TRUE
2025-10-22,"English (American)","WG","WG",395222,84355,11,"production",0,3686,TRUE,TRUE,TRUE
2025-10-22,"English (American)","WG","WG",395223,84356,11,"production",7,3686,TRUE,TRUE,TRUE
2025-10-22,"English (American)","WG","WG",395226,84359,11,"production",31,3686,TRUE,TRUE,TRUE
2025-10-22,"English (American)","WG","WG",395234,84367,11,"production",16,3686,TRUE,TRUE,TRUE
2025-10-22,"English (American)","WG","WG",395238,84371,11,"production",0,3686,TRUE,TRUE,TRUE
2025-10-22,"English (American)","WG","WG",395239,84372,11,"production",1,3686,TRUE,TRUE,TRUE
2025-10-22,"English (American)","WG","WG",395240,84373,11,"production",1,3686,TRUE,TRUE,TRUE
2025-10-22,"English (American)","WG","WG",395243,84376,11,"production",1,3686,TRUE,TRUE,TRUE
2025-10-22,"English (American)","WG","WG",395245,84378,11,"production",0,3686,TRUE,TRUE,TRUE
2025-10-22,"English (American)","WG","WG",395258,84391,11,"production",5,3686,TRUE,TRUE,TRUE
2025-10-22,"English (American)","WG","WG",391367,4056,12,"production",14,3686,TRUE,TRUE,TRUE
2025-10-22,"English (American)","WG","WG",391370,4059,12,"production",16,3686,TRUE,TRUE,TRUE
2025-10-22,"English (American)","WG","WG",391372,4061,12,"production",1,3686,TRUE,TRUE,TRUE
2025-10-22,"English (American)","WG","WG",391373,4062,12,"production",3,3686,TRUE,TRUE,TRUE
2025-10-22,"English (American)","WG","WG",391378,4067,12,"production",6,3686,TRUE,TRUE,TRUE
2025-10-22,"English (American)","WG","WG",391382,4071,12,"production",0,3686,TRUE,TRUE,TRUE
2025-10-22,"English (American)","WG","WG",391391,4080,12,"production",15,3686,TRUE,TRUE,TRUE
2025-10-22,"English (American)","WG","WG",391403,4092,12,"production",14,3686,TRUE,TRUE,TRUE
2025-10-22,"English (American)","WG","WG",391404,4093,12,"production",5,3686,TRUE,TRUE,TRUE
2025-10-22,"English (American)","WG","WG",391407,4096,12,"production",21,3686,TRUE,TRUE,TRUE
2025-10-22,"English (American)","WG","WG",391410,4099,12,"production",5,3686,TRUE,TRUE,TRUE
2025-10-22,"English (American)","WG","WG",391413,4102,12,"production",5,3686,TRUE,TRUE,TRUE
2025-10-22,"English (American)","WG","WG",391416,4105,12,"production",11,3686,TRUE,TRUE,TRUE
2025-10-22,"English (American)","WG","WG",391417,4106,12,"production",16,3686,TRUE,TRUE,TRUE
2025-10-22,"English (American)","WG","WG",391419,4108,12,"production",1,3686,TRUE,TRUE,TRUE
2025-10-22,"English (American)","WG","WG",391486,4175,12,"production",0,3686,TRUE,TRUE,TRUE
2025-10-22,"English (American)","WG","WG",391489,4178,12,"production",16,3686,TRUE,TRUE,TRUE
2025-10-22,"English (American)","WG","WG",391500,4189,12,"production",213,3686,TRUE,TRUE,TRUE
2025-10-22,"English (American)","WG","WG",391503,4192,12,"production",22,3686,TRUE,TRUE,TRUE
2025-10-22,"English (American)","WG","WG",391509,4198,12,"production",3,3686,TRUE,TRUE,TRUE
2025-10-22,"English (American)","WG","WG",391511,4200,12,"production",1,3686,TRUE,TRUE,TRUE
2025-10-22,"English (American)","WG","WG",391515,4204,12,"production",2,3686,TRUE,TRUE,TRUE
2025-10-22,"English (American)","WG","WG",391516,4205,12,"production",32,3686,TRUE,TRUE,TRUE
2025-10-22,"English (American)","WG","WG",391524,4213,12,"production",2,3686,TRUE,TRUE,TRUE
2025-10-22,"English (American)","WG","WG",391529,4218,12,"production",0,3686,TRUE,TRUE,TRUE
2025-10-22,"English (American)","WG","WG",391538,4227,12,"production",1,3686,TRUE,TRUE,TRUE
2025-10-22,"English (American)","WG","WG",391545,4234,12,"production",11,3686,TRUE,TRUE,TRUE
2025-10-22,"English (American)","WG","WG",391546,4235,12,"production",4,3686,TRUE,TRUE,TRUE
2025-10-22,"English (American)","WG","WG",391560,4249,12,"production",7,3686,TRUE,TRUE,TRUE
2025-10-22,"English (American)","WG","WG",391567,4256,12,"production",20,3686,TRUE,TRUE,TRUE
2025-10-22,"English (American)","WG","WG",391578,4267,12,"production",0,3686,TRUE,TRUE,TRUE
2025-10-22,"English (American)","WG","WG",391604,4293,12,"production",3,3686,TRUE,TRUE,TRUE
2025-10-22,"English (American)","WG","WG",391610,4299,12,"production",1,3686,TRUE,TRUE,TRUE
2025-10-22,"English (American)","WG","WG",391615,4304,12,"production",5,3686,TRUE,TRUE,TRUE
2025-10-22,"English (American)","WG","WG",391618,4307,12,"production",20,3686,TRUE,TRUE,TRUE
2025-10-22,"English (American)","WG","WG",391622,4311,12,"production",18,3686,TRUE,TRUE,TRUE
2025-10-22,"English (American)","WG","WG",391623,4312,12,"production",4,3686,TRUE,TRUE,TRUE
2025-10-22,"English (American)","WG","WG",391640,4329,12,"production",4,3686,TRUE,TRUE,TRUE
2025-10-22,"English (American)","WG","WG",391645,4334,12,"production",52,3686,TRUE,TRUE,TRUE
2025-10-22,"English (American)","WG","WG",391648,4337,12,"production",5,3686,TRUE,TRUE,TRUE
2025-10-22,"English (American)","WG","WG",391654,4343,12,"production",6,3686,TRUE,TRUE,TRUE
2025-10-22,"English (American)","WG","WG",391675,4364,12,"production",10,3686,TRUE,TRUE,TRUE
2025-10-22,"English (American)","WG","WG",391677,4366,12,"production",26,3686,TRUE,TRUE,TRUE
2025-10-22,"English (American)","WG","WG",391685,4374,12,"production",23,3686,TRUE,TRUE,TRUE
2025-10-22,"English (American)","WG","WG",391687,4376,12,"production",40,3686,TRUE,TRUE,TRUE
2025-10-22,"English (American)","WG","WG",391690,4379,12,"production",0,3686,TRUE,TRUE,TRUE
2025-10-22,"English (American)","WG","WG",391691,4380,12,"production",4,3686,TRUE,TRUE,TRUE
2025-10-22,"English (American)","WG","WG",391729,4418,12,"production",12,3686,TRUE,TRUE,TRUE
2025-10-22,"English (American)","WG","WG",391790,4479,12,"production",2,3686,TRUE,TRUE,TRUE
2025-10-22,"English (American)","WG","WG",391814,4503,12,"production",0,3686,TRUE,TRUE,TRUE
2025-10-22,"English (American)","WG","WG",391818,4507,12,"production",1,3686,TRUE,TRUE,TRUE
2025-10-22,"English (American)","WG","WG",391826,4515,12,"production",14,3686,TRUE,TRUE,TRUE
2025-10-22,"English (American)","WG","WG",391827,4516,12,"production",9,3686,TRUE,TRUE,TRUE
2025-10-22,"English (American)","WG","WG",391832,4521,12,"production",0,3686,TRUE,TRUE,TRUE
2025-10-22,"English (American)","WG","WG",391838,4527,12,"production",4,3686,TRUE,TRUE,TRUE
2025-10-22,"English (American)","WG","WG",391839,4528,12,"production",29,3686,TRUE,TRUE,TRUE
2025-10-22,"English (American)","WG","WG",391845,4534,12,"production",4,3686,TRUE,TRUE,TRUE
2025-10-22,"English (American)","WG","WG",391852,4541,12,"production",0,3686,TRUE,TRUE,TRUE
2025-10-22,"English (American)","WG","WG",391853,4542,12,"production",9,3686,TRUE,TRUE,TRUE
2025-10-22,"English (American)","WG","WG",391854,4543,12,"production",5,3686,TRUE,TRUE,TRUE
2025-10-22,"English (American)","WG","WG",391860,4549,12,"production",3,3686,TRUE,TRUE,TRUE
2025-10-22,"English (American)","WG","WG",391861,4550,12,"production",6,3686,TRUE,TRUE,TRUE
2025-10-22,"English (American)","WG","WG",391862,4551,12,"production",4,3686,TRUE,TRUE,TRUE
2025-10-22,"English (American)","WG","WG",391874,4563,12,"production",0,3686,TRUE,TRUE,TRUE
2025-10-22,"English (American)","WG","WG",391901,4590,12,"production",18,3686,TRUE,TRUE,TRUE
2025-10-22,"English (American)","WG","WG",391902,4591,12,"production",24,3686,TRUE,TRUE,TRUE
2025-10-22,"English (American)","WG","WG",391914,4603,12,"production",1,3686,TRUE,TRUE,TRUE
2025-10-22,"English (American)","WG","WG",391929,4618,12,"production",2,3686,TRUE,TRUE,TRUE
2025-10-22,"English (American)","WG","WG",391946,4635,12,"production",34,3686,TRUE,TRUE,TRUE
2025-10-22,"English (American)","WG","WG",391953,4642,12,"production",4,3686,TRUE,TRUE,TRUE
2025-10-22,"English (American)","WG","WG",391954,4643,12,"production",12,3686,TRUE,TRUE,TRUE
2025-10-22,"English (American)","WG","WG",391955,4644,12,"production",0,3686,TRUE,TRUE,TRUE
2025-10-22,"English (American)","WG","WG",391957,4646,12,"production",0,3686,TRUE,TRUE,TRUE
2025-10-22,"English (American)","WG","WG",391958,4647,12,"production",10,3686,TRUE,TRUE,TRUE
2025-10-22,"English (American)","WG","WG",391959,4648,12,"production",6,3686,TRUE,TRUE,TRUE
2025-10-22,"English (American)","WG","WG",391960,4649,12,"production",4,3686,TRUE,TRUE,TRUE
2025-10-22,"English (American)","WG","WG",391961,4650,12,"production",4,3686,TRUE,TRUE,TRUE
2025-10-22,"English (American)","WG","WG",391962,4651,12,"production",1,3686,TRUE,TRUE,TRUE
2025-10-22,"English (American)","WG","WG",391963,4652,12,"production",16,3686,TRUE,TRUE,TRUE
2025-10-22,"English (American)","WG","WG",391965,4654,12,"production",4,3686,TRUE,TRUE,TRUE
2025-10-22,"English (American)","WG","WG",391966,4655,12,"production",10,3686,TRUE,TRUE,TRUE
2025-10-22,"English (American)","WG","WG",391979,4668,12,"production",10,3686,TRUE,TRUE,TRUE
2025-10-22,"English (American)","WG","WG",391994,4683,12,"production",3,3686,TRUE,TRUE,TRUE
2025-10-22,"English (American)","WG","WG",392035,4724,12,"production",11,3686,TRUE,TRUE,TRUE
2025-10-22,"English (American)","WG","WG",392036,4725,12,"production",2,3686,TRUE,TRUE,TRUE
2025-10-22,"English (American)","WG","WG",392037,4726,12,"production",3,3686,TRUE,TRUE,TRUE
2025-10-22,"English (American)","WG","WG",392039,4728,12,"production",30,3686,TRUE,TRUE,TRUE
2025-10-22,"English (American)","WG","WG",392040,4729,12,"production",6,3686,TRUE,TRUE,TRUE
2025-10-22,"English (American)","WG","WG",392046,4735,12,"production",25,3686,TRUE,TRUE,TRUE
2025-10-22,"English (American)","WG","WG",392048,4737,12,"production",3,3686,TRUE,TRUE,TRUE
2025-10-22,"English (American)","WG","WG",392055,4744,12,"production",5,3686,TRUE,TRUE,TRUE
2025-10-22,"English (American)","WG","WG",392058,4747,12,"production",1,3686,TRUE,TRUE,TRUE
2025-10-22,"English (American)","WG","WG",392061,4750,12,"production",4,3686,TRUE,TRUE,TRUE
2025-10-22,"English (American)","WG","WG",392070,4759,12,"production",7,3686,TRUE,TRUE,TRUE
2025-10-22,"English (American)","WG","WG",392086,4775,12,"production",6,3686,TRUE,TRUE,TRUE
2025-10-22,"English (American)","WG","WG",392101,4790,12,"production",6,3686,TRUE,TRUE,TRUE
2025-10-22,"English (American)","WG","WG",392113,4802,12,"production",20,3686,TRUE,TRUE,TRUE
2025-10-22,"English (American)","WG","WG",392120,4809,12,"production",34,3686,TRUE,TRUE,TRUE
2025-10-22,"English (American)","WG","WG",392133,4822,12,"production",0,3686,TRUE,TRUE,TRUE
2025-10-22,"English (American)","WG","WG",392135,4824,12,"production",2,3686,TRUE,TRUE,TRUE
2025-10-22,"English (American)","WG","WG",392136,4825,12,"production",3,3686,TRUE,TRUE,TRUE
2025-10-22,"English (American)","WG","WG",392140,4829,12,"production",0,3686,TRUE,TRUE,TRUE
2025-10-22,"English (American)","WG","WG",392162,4851,12,"production",18,3686,TRUE,TRUE,TRUE
2025-10-22,"English (American)","WG","WG",392163,4852,12,"production",21,3686,TRUE,TRUE,TRUE
2025-10-22,"English (American)","WG","WG",392165,4854,12,"production",6,3686,TRUE,TRUE,TRUE
2025-10-22,"English (American)","WG","WG",392168,4857,12,"production",49,3686,TRUE,TRUE,TRUE
2025-10-22,"English (American)","WG","WG",392171,4860,12,"production",1,3686,TRUE,TRUE,TRUE
2025-10-22,"English (American)","WG","WG",392174,4863,12,"production",12,3686,TRUE,TRUE,TRUE
2025-10-22,"English (American)","WG","WG",392176,4865,12,"production",13,3686,TRUE,TRUE,TRUE
2025-10-22,"English (American)","WG","WG",392178,4867,12,"production",2,3686,TRUE,TRUE,TRUE
2025-10-22,"English (American)","WG","WG",392182,4871,12,"production",1,3686,TRUE,TRUE,TRUE
2025-10-22,"English (American)","WG","WG",392183,4872,12,"production",0,3686,TRUE,TRUE,TRUE
2025-10-22,"English (American)","WG","WG",392200,4889,12,"production",1,3686,TRUE,TRUE,TRUE
2025-10-22,"English (American)","WG","WG",392216,4905,12,"production",7,3686,TRUE,TRUE,TRUE
2025-10-22,"English (American)","WG","WG",392217,4906,12,"production",16,3686,TRUE,TRUE,TRUE
2025-10-22,"English (American)","WG","WG",392224,4913,12,"production",1,3686,TRUE,TRUE,TRUE
2025-10-22,"English (American)","WG","WG",392227,4916,12,"production",4,3686,TRUE,TRUE,TRUE
2025-10-22,"English (American)","WG","WG",392233,4922,12,"production",3,3686,TRUE,TRUE,TRUE
2025-10-22,"English (American)","WG","WG",392234,4923,12,"production",0,3686,TRUE,TRUE,TRUE
2025-10-22,"English (American)","WG","WG",392237,4926,12,"production",2,3686,TRUE,TRUE,TRUE
2025-10-22,"English (American)","WG","WG",392246,4935,12,"production",9,3686,TRUE,TRUE,TRUE
2025-10-22,"English (American)","WG","WG",392247,4936,12,"production",5,3686,TRUE,TRUE,TRUE
2025-10-22,"English (American)","WG","WG",392248,4937,12,"production",6,3686,TRUE,TRUE,TRUE
2025-10-22,"English (American)","WG","WG",392266,4955,12,"production",1,3686,TRUE,TRUE,TRUE
2025-10-22,"English (American)","WG","WG",392282,4971,12,"production",4,3686,TRUE,TRUE,TRUE
2025-10-22,"English (American)","WG","WG",392283,4972,12,"production",42,3686,TRUE,TRUE,TRUE
2025-10-22,"English (American)","WG","WG",392292,4981,12,"production",6,3686,TRUE,TRUE,TRUE
2025-10-22,"English (American)","WG","WG",392293,4982,12,"production",5,3686,TRUE,TRUE,TRUE
2025-10-22,"English (American)","WG","WG",392301,4990,12,"production",37,3686,TRUE,TRUE,TRUE
2025-10-22,"English (American)","WG","WG",392302,4991,12,"production",1,3686,TRUE,TRUE,TRUE
2025-10-22,"English (American)","WG","WG",392307,4996,12,"production",34,3686,TRUE,TRUE,TRUE
2025-10-22,"English (American)","WG","WG",392308,4997,12,"production",11,3686,TRUE,TRUE,TRUE
2025-10-22,"English (American)","WG","WG",392311,5000,12,"production",1,3686,TRUE,TRUE,TRUE
2025-10-22,"English (American)","WG","WG",392312,5001,12,"production",12,3686,TRUE,TRUE,TRUE
2025-10-22,"English (American)","WG","WG",392317,5006,12,"production",1,3686,TRUE,TRUE,TRUE
2025-10-22,"English (American)","WG","WG",392318,5007,12,"production",9,3686,TRUE,TRUE,TRUE
2025-10-22,"English (American)","WG","WG",392321,5010,12,"production",8,3686,TRUE,TRUE,TRUE
2025-10-22,"English (American)","WG","WG",392366,5054,12,"production",17,3686,TRUE,TRUE,TRUE
2025-10-22,"English (American)","WG","WG",392371,5059,12,"production",0,3686,TRUE,TRUE,TRUE
2025-10-22,"English (American)","WG","WG",393030,30737,12,"production",6,3686,TRUE,TRUE,TRUE
2025-10-22,"English (American)","WG","WG",393031,30738,12,"production",0,3686,TRUE,TRUE,TRUE
2025-10-22,"English (American)","WG","WG",393036,30743,12,"production",1,3686,TRUE,TRUE,TRUE
2025-10-22,"English (American)","WG","WG",393455,82588,12,"production",5,3686,TRUE,TRUE,TRUE
2025-10-22,"English (American)","WG","WG",393461,82594,12,"production",4,3686,TRUE,TRUE,TRUE
2025-10-22,"English (American)","WG","WG",393463,82596,12,"production",0,3686,TRUE,TRUE,TRUE
2025-10-22,"English (American)","WG","WG",393465,82598,12,"production",0,3686,TRUE,TRUE,TRUE
2025-10-22,"English (American)","WG","WG",393469,82602,12,"production",2,3686,TRUE,TRUE,TRUE
2025-10-22,"English (American)","WG","WG",393480,82613,12,"production",7,3686,TRUE,TRUE,TRUE
2025-10-22,"English (American)","WG","WG",393495,82628,12,"production",0,3686,TRUE,TRUE,TRUE
2025-10-22,"English (American)","WG","WG",393497,82630,12,"production",6,3686,TRUE,TRUE,TRUE
2025-10-22,"English (American)","WG","WG",393501,82634,12,"production",71,3686,TRUE,TRUE,TRUE
2025-10-22,"English (American)","WG","WG",393505,82638,12,"production",0,3686,TRUE,TRUE,TRUE
2025-10-22,"English (American)","WG","WG",393511,82644,12,"production",6,3686,TRUE,TRUE,TRUE
2025-10-22,"English (American)","WG","WG",393522,82655,12,"production",7,3686,TRUE,TRUE,TRUE
2025-10-22,"English (American)","WG","WG",393534,82667,12,"production",6,3686,TRUE,TRUE,TRUE
2025-10-22,"English (American)","WG","WG",393535,82668,12,"production",0,3686,TRUE,TRUE,TRUE
2025-10-22,"English (American)","WG","WG",393542,82675,12,"production",1,3686,TRUE,TRUE,TRUE
2025-10-22,"English (American)","WG","WG",393550,82683,12,"production",2,3686,TRUE,TRUE,TRUE
2025-10-22,"English (American)","WG","WG",393553,82686,12,"production",5,3686,TRUE,TRUE,TRUE
2025-10-22,"English (American)","WG","WG",393558,82691,12,"production",363,3686,TRUE,TRUE,TRUE
2025-10-22,"English (American)","WG","WG",393573,82706,12,"production",5,3686,TRUE,TRUE,TRUE
2025-10-22,"English (American)","WG","WG",393585,82718,12,"production",4,3686,TRUE,TRUE,TRUE
2025-10-22,"English (American)","WG","WG",393604,82737,12,"production",0,3686,TRUE,TRUE,TRUE
2025-10-22,"English (American)","WG","WG",393613,82746,12,"production",4,3686,TRUE,TRUE,TRUE
2025-10-22,"English (American)","WG","WG",393619,82752,12,"production",18,3686,TRUE,TRUE,TRUE
2025-10-22,"English (American)","WG","WG",393622,82755,12,"production",2,3686,TRUE,TRUE,TRUE
2025-10-22,"English (American)","WG","WG",393629,82762,12,"production",4,3686,TRUE,TRUE,TRUE
2025-10-22,"English (American)","WG","WG",393638,82771,12,"production",154,3686,TRUE,TRUE,TRUE
2025-10-22,"English (American)","WG","WG",393642,82775,12,"production",2,3686,TRUE,TRUE,TRUE
2025-10-22,"English (American)","WG","WG",393646,82779,12,"production",1,3686,TRUE,TRUE,TRUE
2025-10-22,"English (American)","WG","WG",393649,82782,12,"production",0,3686,TRUE,TRUE,TRUE
2025-10-22,"English (American)","WG","WG",393661,82794,12,"production",3,3686,TRUE,TRUE,TRUE
2025-10-22,"English (American)","WG","WG",393665,82798,12,"production",10,3686,TRUE,TRUE,TRUE
2025-10-22,"English (American)","WG","WG",393668,82801,12,"production",13,3686,TRUE,TRUE,TRUE
2025-10-22,"English (American)","WG","WG",393674,82807,12,"production",6,3686,TRUE,TRUE,TRUE
2025-10-22,"English (American)","WG","WG",393684,82817,12,"production",1,3686,TRUE,TRUE,TRUE
2025-10-22,"English (American)","WG","WG",393688,82821,12,"production",0,3686,TRUE,TRUE,TRUE
2025-10-22,"English (American)","WG","WG",393698,82831,12,"production",95,3686,TRUE,TRUE,TRUE
2025-10-22,"English (American)","WG","WG",393711,82844,12,"production",4,3686,TRUE,TRUE,TRUE
2025-10-22,"English (American)","WG","WG",393718,82851,12,"production",14,3686,TRUE,TRUE,TRUE
2025-10-22,"English (American)","WG","WG",393734,82867,12,"production",0,3686,TRUE,TRUE,TRUE
2025-10-22,"English (American)","WG","WG",393742,82875,12,"production",2,3686,TRUE,TRUE,TRUE
2025-10-22,"English (American)","WG","WG",393761,82894,12,"production",12,3686,TRUE,TRUE,TRUE
2025-10-22,"English (American)","WG","WG",393765,82898,12,"production",45,3686,TRUE,TRUE,TRUE
2025-10-22,"English (American)","WG","WG",393769,82902,12,"production",7,3686,TRUE,TRUE,TRUE
2025-10-22,"English (American)","WG","WG",393785,82918,12,"production",343,3686,TRUE,TRUE,TRUE
2025-10-22,"English (American)","WG","WG",393816,82949,12,"production",76,3686,TRUE,TRUE,TRUE
2025-10-22,"English (American)","WG","WG",393828,82961,12,"production",2,3686,TRUE,TRUE,TRUE
2025-10-22,"English (American)","WG","WG",393832,82965,12,"production",38,3686,TRUE,TRUE,TRUE
2025-10-22,"English (American)","WG","WG",393834,82967,12,"production",9,3686,TRUE,TRUE,TRUE
2025-10-22,"English (American)","WG","WG",393837,82970,12,"production",8,3686,TRUE,TRUE,TRUE
2025-10-22,"English (American)","WG","WG",393842,82975,12,"production",323,3686,TRUE,TRUE,TRUE
2025-10-22,"English (American)","WG","WG",393844,82977,12,"production",1,3686,TRUE,TRUE,TRUE
2025-10-22,"English (American)","WG","WG",393854,82987,12,"production",0,3686,TRUE,TRUE,TRUE
2025-10-22,"English (American)","WG","WG",393863,82996,12,"production",3,3686,TRUE,TRUE,TRUE
2025-10-22,"English (American)","WG","WG",393877,83010,12,"production",127,3686,TRUE,TRUE,TRUE
2025-10-22,"English (American)","WG","WG",393885,83018,12,"production",0,3686,TRUE,TRUE,TRUE
2025-10-22,"English (American)","WG","WG",393896,83029,12,"production",0,3686,TRUE,TRUE,TRUE
2025-10-22,"English (American)","WG","WG",393910,83043,12,"production",8,3686,TRUE,TRUE,TRUE
2025-10-22,"English (American)","WG","WG",393911,83044,12,"production",192,3686,TRUE,TRUE,TRUE
2025-10-22,"English (American)","WG","WG",393917,83050,12,"production",0,3686,TRUE,TRUE,TRUE
2025-10-22,"English (American)","WG","WG",393930,83063,12,"production",4,3686,TRUE,TRUE,TRUE
2025-10-22,"English (American)","WG","WG",393948,83081,12,"production",7,3686,TRUE,TRUE,TRUE
2025-10-22,"English (American)","WG","WG",393956,83089,12,"production",0,3686,TRUE,TRUE,TRUE
2025-10-22,"English (American)","WG","WG",393963,83096,12,"production",4,3686,TRUE,TRUE,TRUE
2025-10-22,"English (American)","WG","WG",393966,83099,12,"production",3,3686,TRUE,TRUE,TRUE
2025-10-22,"English (American)","WG","WG",393971,83104,12,"production",2,3686,TRUE,TRUE,TRUE
2025-10-22,"English (American)","WG","WG",393977,83110,12,"production",4,3686,TRUE,TRUE,TRUE
2025-10-22,"English (American)","WG","WG",393983,83116,12,"production",3,3686,TRUE,TRUE,TRUE
2025-10-22,"English (American)","WG","WG",393987,83120,12,"production",8,3686,TRUE,TRUE,TRUE
2025-10-22,"English (American)","WG","WG",393998,83131,12,"production",11,3686,TRUE,TRUE,TRUE
2025-10-22,"English (American)","WG","WG",394012,83145,12,"production",2,3686,TRUE,TRUE,TRUE
2025-10-22,"English (American)","WG","WG",394013,83146,12,"production",29,3686,TRUE,TRUE,TRUE
2025-10-22,"English (American)","WG","WG",394020,83153,12,"production",6,3686,TRUE,TRUE,TRUE
2025-10-22,"English (American)","WG","WG",394025,83158,12,"production",1,3686,TRUE,TRUE,TRUE
2025-10-22,"English (American)","WG","WG",394028,83161,12,"production",23,3686,TRUE,TRUE,TRUE
2025-10-22,"English (American)","WG","WG",394033,83166,12,"production",6,3686,TRUE,TRUE,TRUE
2025-10-22,"English (American)","WG","WG",394039,83172,12,"production",17,3686,TRUE,TRUE,TRUE
2025-10-22,"English (American)","WG","WG",394040,83173,12,"production",2,3686,TRUE,TRUE,TRUE
2025-10-22,"English (American)","WG","WG",394054,83187,12,"production",2,3686,TRUE,TRUE,TRUE
2025-10-22,"English (American)","WG","WG",394057,83190,12,"production",14,3686,TRUE,TRUE,TRUE
2025-10-22,"English (American)","WG","WG",394061,83194,12,"production",18,3686,TRUE,TRUE,TRUE
2025-10-22,"English (American)","WG","WG",394067,83200,12,"production",66,3686,TRUE,TRUE,TRUE
2025-10-22,"English (American)","WG","WG",394068,83201,12,"production",12,3686,TRUE,TRUE,TRUE
2025-10-22,"English (American)","WG","WG",394078,83211,12,"production",0,3686,TRUE,TRUE,TRUE
2025-10-22,"English (American)","WG","WG",394108,83241,12,"production",11,3686,TRUE,TRUE,TRUE
2025-10-22,"English (American)","WG","WG",394147,83280,12,"production",6,3686,TRUE,TRUE,TRUE
2025-10-22,"English (American)","WG","WG",394161,83294,12,"production",0,3686,TRUE,TRUE,TRUE
2025-10-22,"English (American)","WG","WG",394164,83297,12,"production",5,3686,TRUE,TRUE,TRUE
2025-10-22,"English (American)","WG","WG",394189,83322,12,"production",4,3686,TRUE,TRUE,TRUE
2025-10-22,"English (American)","WG","WG",394192,83325,12,"production",18,3686,TRUE,TRUE,TRUE
2025-10-22,"English (American)","WG","WG",394196,83329,12,"production",3,3686,TRUE,TRUE,TRUE
2025-10-22,"English (American)","WG","WG",394198,83331,12,"production",4,3686,TRUE,TRUE,TRUE
2025-10-22,"English (American)","WG","WG",394203,83336,12,"production",3,3686,TRUE,TRUE,TRUE
2025-10-22,"English (American)","WG","WG",394217,83350,12,"production",9,3686,TRUE,TRUE,TRUE
2025-10-22,"English (American)","WG","WG",394218,83351,12,"production",197,3686,TRUE,TRUE,TRUE
2025-10-22,"English (American)","WG","WG",394225,83358,12,"production",2,3686,TRUE,TRUE,TRUE
2025-10-22,"English (American)","WG","WG",394236,83369,12,"production",7,3686,TRUE,TRUE,TRUE
2025-10-22,"English (American)","WG","WG",394240,83373,12,"production",8,3686,TRUE,TRUE,TRUE
2025-10-22,"English (American)","WG","WG",394242,83375,12,"production",66,3686,TRUE,TRUE,TRUE
2025-10-22,"English (American)","WG","WG",394247,83380,12,"production",0,3686,TRUE,TRUE,TRUE
2025-10-22,"English (American)","WG","WG",394254,83387,12,"production",7,3686,TRUE,TRUE,TRUE
2025-10-22,"English (American)","WG","WG",394262,83395,12,"production",8,3686,TRUE,TRUE,TRUE
2025-10-22,"English (American)","WG","WG",394267,83400,12,"production",12,3686,TRUE,TRUE,TRUE
2025-10-22,"English (American)","WG","WG",394285,83418,12,"production",9,3686,TRUE,TRUE,TRUE
2025-10-22,"English (American)","WG","WG",394287,83420,12,"production",2,3686,TRUE,TRUE,TRUE
2025-10-22,"English (American)","WG","WG",394289,83422,12,"production",7,3686,TRUE,TRUE,TRUE
2025-10-22,"English (American)","WG","WG",394293,83426,12,"production",20,3686,TRUE,TRUE,TRUE
2025-10-22,"English (American)","WG","WG",394299,83432,12,"production",0,3686,TRUE,TRUE,TRUE
2025-10-22,"English (American)","WG","WG",394314,83447,12,"production",0,3686,TRUE,TRUE,TRUE
2025-10-22,"English (American)","WG","WG",394326,83459,12,"production",2,3686,TRUE,TRUE,TRUE
2025-10-22,"English (American)","WG","WG",394329,83462,12,"production",7,3686,TRUE,TRUE,TRUE
2025-10-22,"English (American)","WG","WG",394335,83468,12,"production",0,3686,TRUE,TRUE,TRUE
2025-10-22,"English (American)","WG","WG",394342,83475,12,"production",9,3686,TRUE,TRUE,TRUE
2025-10-22,"English (American)","WG","WG",394348,83481,12,"production",0,3686,TRUE,TRUE,TRUE
2025-10-22,"English (American)","WG","WG",394366,83499,12,"production",1,3686,TRUE,TRUE,TRUE
2025-10-22,"English (American)","WG","WG",394369,83502,12,"production",5,3686,TRUE,TRUE,TRUE
2025-10-22,"English (American)","WG","WG",394374,83507,12,"production",40,3686,TRUE,TRUE,TRUE
2025-10-22,"English (American)","WG","WG",394385,83518,12,"production",25,3686,TRUE,TRUE,TRUE
2025-10-22,"English (American)","WG","WG",394395,83528,12,"production",9,3686,TRUE,TRUE,TRUE
2025-10-22,"English (American)","WG","WG",394412,83545,12,"production",6,3686,TRUE,TRUE,TRUE
2025-10-22,"English (American)","WG","WG",394425,83558,12,"production",2,3686,TRUE,TRUE,TRUE
2025-10-22,"English (American)","WG","WG",394433,83566,12,"production",2,3686,TRUE,TRUE,TRUE
2025-10-22,"English (American)","WG","WG",394448,83581,12,"production",10,3686,TRUE,TRUE,TRUE
2025-10-22,"English (American)","WG","WG",394449,83582,12,"production",7,3686,TRUE,TRUE,TRUE
2025-10-22,"English (American)","WG","WG",394456,83589,12,"production",5,3686,TRUE,TRUE,TRUE
2025-10-22,"English (American)","WG","WG",394469,83602,12,"production",2,3686,TRUE,TRUE,TRUE
2025-10-22,"English (American)","WG","WG",394474,83607,12,"production",0,3686,TRUE,TRUE,TRUE
2025-10-22,"English (American)","WG","WG",394492,83625,12,"production",27,3686,TRUE,TRUE,TRUE
2025-10-22,"English (American)","WG","WG",394493,83626,12,"production",56,3686,TRUE,TRUE,TRUE
2025-10-22,"English (American)","WG","WG",394506,83639,12,"production",41,3686,TRUE,TRUE,TRUE
2025-10-22,"English (American)","WG","WG",394508,83641,12,"production",3,3686,TRUE,TRUE,TRUE
2025-10-22,"English (American)","WG","WG",394522,83655,12,"production",1,3686,TRUE,TRUE,TRUE
2025-10-22,"English (American)","WG","WG",394539,83672,12,"production",0,3686,TRUE,TRUE,TRUE
2025-10-22,"English (American)","WG","WG",394547,83680,12,"production",6,3686,TRUE,TRUE,TRUE
2025-10-22,"English (American)","WG","WG",394576,83709,12,"production",0,3686,TRUE,TRUE,TRUE
2025-10-22,"English (American)","WG","WG",394580,83713,12,"production",10,3686,TRUE,TRUE,TRUE
2025-10-22,"English (American)","WG","WG",394581,83714,12,"production",6,3686,TRUE,TRUE,TRUE
2025-10-22,"English (American)","WG","WG",394623,83756,12,"production",1,3686,TRUE,TRUE,TRUE
2025-10-22,"English (American)","WG","WG",394624,83757,12,"production",1,3686,TRUE,TRUE,TRUE
2025-10-22,"English (American)","WG","WG",394626,83759,12,"production",0,3686,TRUE,TRUE,TRUE
2025-10-22,"English (American)","WG","WG",394630,83763,12,"production",0,3686,TRUE,TRUE,TRUE
2025-10-22,"English (American)","WG","WG",394645,83778,12,"production",0,3686,TRUE,TRUE,TRUE
2025-10-22,"English (American)","WG","WG",394646,83779,12,"production",0,3686,TRUE,TRUE,TRUE
2025-10-22,"English (American)","WG","WG",394649,83782,12,"production",0,3686,TRUE,TRUE,TRUE
2025-10-22,"English (American)","WG","WG",394651,83784,12,"production",2,3686,TRUE,TRUE,TRUE
2025-10-22,"English (American)","WG","WG",394655,83788,12,"production",2,3686,TRUE,TRUE,TRUE
2025-10-22,"English (American)","WG","WG",394656,83789,12,"production",1,3686,TRUE,TRUE,TRUE
2025-10-22,"English (American)","WG","WG",394661,83794,12,"production",1,3686,TRUE,TRUE,TRUE
2025-10-22,"English (American)","WG","WG",394688,83821,12,"production",0,3686,TRUE,TRUE,TRUE
2025-10-22,"English (American)","WG","WG",394693,83826,12,"production",0,3686,TRUE,TRUE,TRUE
2025-10-22,"English (American)","WG","WG",394698,83831,12,"production",3,3686,TRUE,TRUE,TRUE
2025-10-22,"English (American)","WG","WG",394699,83832,12,"production",6,3686,TRUE,TRUE,TRUE
2025-10-22,"English (American)","WG","WG",394700,83833,12,"production",22,3686,TRUE,TRUE,TRUE
2025-10-22,"English (American)","WG","WG",394758,83891,12,"production",7,3686,TRUE,TRUE,TRUE
2025-10-22,"English (American)","WG","WG",394779,83912,12,"production",3,3686,TRUE,TRUE,TRUE
2025-10-22,"English (American)","WG","WG",394784,83917,12,"production",6,3686,TRUE,TRUE,TRUE
2025-10-22,"English (American)","WG","WG",394788,83921,12,"production",0,3686,TRUE,TRUE,TRUE
2025-10-22,"English (American)","WG","WG",394789,83922,12,"production",1,3686,TRUE,TRUE,TRUE
2025-10-22,"English (American)","WG","WG",394791,83924,12,"production",9,3686,TRUE,TRUE,TRUE
2025-10-22,"English (American)","WG","WG",394797,83930,12,"production",4,3686,TRUE,TRUE,TRUE
2025-10-22,"English (American)","WG","WG",394801,83934,12,"production",0,3686,TRUE,TRUE,TRUE
2025-10-22,"English (American)","WG","WG",394811,83944,12,"production",1,3686,TRUE,TRUE,TRUE
2025-10-22,"English (American)","WG","WG",394813,83946,12,"production",2,3686,TRUE,TRUE,TRUE
2025-10-22,"English (American)","WG","WG",394817,83950,12,"production",0,3686,TRUE,TRUE,TRUE
2025-10-22,"English (American)","WG","WG",394818,83951,12,"production",7,3686,TRUE,TRUE,TRUE
2025-10-22,"English (American)","WG","WG",394832,83965,12,"production",1,3686,TRUE,TRUE,TRUE
2025-10-22,"English (American)","WG","WG",394834,83967,12,"production",54,3686,TRUE,TRUE,TRUE
2025-10-22,"English (American)","WG","WG",394836,83969,12,"production",8,3686,TRUE,TRUE,TRUE
2025-10-22,"English (American)","WG","WG",394841,83974,12,"production",0,3686,TRUE,TRUE,TRUE
2025-10-22,"English (American)","WG","WG",394843,83976,12,"production",2,3686,TRUE,TRUE,TRUE
2025-10-22,"English (American)","WG","WG",394851,83984,12,"production",59,3686,TRUE,TRUE,TRUE
2025-10-22,"English (American)","WG","WG",394854,83987,12,"production",0,3686,TRUE,TRUE,TRUE
2025-10-22,"English (American)","WG","WG",394856,83989,12,"production",4,3686,TRUE,TRUE,TRUE
2025-10-22,"English (American)","WG","WG",394858,83991,12,"production",6,3686,TRUE,TRUE,TRUE
2025-10-22,"English (American)","WG","WG",394861,83994,12,"production",0,3686,TRUE,TRUE,TRUE
2025-10-22,"English (American)","WG","WG",394862,83995,12,"production",2,3686,TRUE,TRUE,TRUE
2025-10-22,"English (American)","WG","WG",394863,83996,12,"production",8,3686,TRUE,TRUE,TRUE
2025-10-22,"English (American)","WG","WG",394866,83999,12,"production",3,3686,TRUE,TRUE,TRUE
2025-10-22,"English (American)","WG","WG",394869,84002,12,"production",1,3686,TRUE,TRUE,TRUE
2025-10-22,"English (American)","WG","WG",394872,84005,12,"production",13,3686,TRUE,TRUE,TRUE
2025-10-22,"English (American)","WG","WG",394874,84007,12,"production",7,3686,TRUE,TRUE,TRUE
2025-10-22,"English (American)","WG","WG",394875,84008,12,"production",14,3686,TRUE,TRUE,TRUE
2025-10-22,"English (American)","WG","WG",394876,84009,12,"production",3,3686,TRUE,TRUE,TRUE
2025-10-22,"English (American)","WG","WG",394878,84011,12,"production",2,3686,TRUE,TRUE,TRUE
2025-10-22,"English (American)","WG","WG",394883,84016,12,"production",9,3686,TRUE,TRUE,TRUE
2025-10-22,"English (American)","WG","WG",394884,84017,12,"production",6,3686,TRUE,TRUE,TRUE
2025-10-22,"English (American)","WG","WG",394887,84020,12,"production",12,3686,TRUE,TRUE,TRUE
2025-10-22,"English (American)","WG","WG",394888,84021,12,"production",6,3686,TRUE,TRUE,TRUE
2025-10-22,"English (American)","WG","WG",394889,84022,12,"production",1,3686,TRUE,TRUE,TRUE
2025-10-22,"English (American)","WG","WG",394891,84024,12,"production",2,3686,TRUE,TRUE,TRUE
2025-10-22,"English (American)","WG","WG",394894,84027,12,"production",1,3686,TRUE,TRUE,TRUE
2025-10-22,"English (American)","WG","WG",394896,84029,12,"production",24,3686,TRUE,TRUE,TRUE
2025-10-22,"English (American)","WG","WG",394899,84032,12,"production",0,3686,TRUE,TRUE,TRUE
2025-10-22,"English (American)","WG","WG",394900,84033,12,"production",2,3686,TRUE,TRUE,TRUE
2025-10-22,"English (American)","WG","WG",394901,84034,12,"production",3,3686,TRUE,TRUE,TRUE
2025-10-22,"English (American)","WG","WG",394903,84036,12,"production",34,3686,TRUE,TRUE,TRUE
2025-10-22,"English (American)","WG","WG",394904,84037,12,"production",0,3686,TRUE,TRUE,TRUE
2025-10-22,"English (American)","WG","WG",394905,84038,12,"production",5,3686,TRUE,TRUE,TRUE
2025-10-22,"English (American)","WG","WG",394907,84040,12,"production",2,3686,TRUE,TRUE,TRUE
2025-10-22,"English (American)","WG","WG",394912,84045,12,"production",4,3686,TRUE,TRUE,TRUE
2025-10-22,"English (American)","WG","WG",394917,84050,12,"production",0,3686,TRUE,TRUE,TRUE
2025-10-22,"English (American)","WG","WG",394924,84057,12,"production",5,3686,TRUE,TRUE,TRUE
2025-10-22,"English (American)","WG","WG",394926,84059,12,"production",3,3686,TRUE,TRUE,TRUE
2025-10-22,"English (American)","WG","WG",394928,84061,12,"production",11,3686,TRUE,TRUE,TRUE
2025-10-22,"English (American)","WG","WG",394929,84062,12,"production",6,3686,TRUE,TRUE,TRUE
2025-10-22,"English (American)","WG","WG",394934,84067,12,"production",7,3686,TRUE,TRUE,TRUE
2025-10-22,"English (American)","WG","WG",394936,84069,12,"production",3,3686,TRUE,TRUE,TRUE
2025-10-22,"English (American)","WG","WG",394937,84070,12,"production",5,3686,TRUE,TRUE,TRUE
2025-10-22,"English (American)","WG","WG",394940,84073,12,"production",0,3686,TRUE,TRUE,TRUE
2025-10-22,"English (American)","WG","WG",394943,84076,12,"production",1,3686,TRUE,TRUE,TRUE
2025-10-22,"English (American)","WG","WG",394944,84077,12,"production",34,3686,TRUE,TRUE,TRUE
2025-10-22,"English (American)","WG","WG",394947,84080,12,"production",1,3686,TRUE,TRUE,TRUE
2025-10-22,"English (American)","WG","WG",394948,84081,12,"production",1,3686,TRUE,TRUE,TRUE
2025-10-22,"English (American)","WG","WG",394949,84082,12,"production",12,3686,TRUE,TRUE,TRUE
2025-10-22,"English (American)","WG","WG",394951,84084,12,"production",0,3686,TRUE,TRUE,TRUE
2025-10-22,"English (American)","WG","WG",394953,84086,12,"production",3,3686,TRUE,TRUE,TRUE
2025-10-22,"English (American)","WG","WG",394955,84088,12,"production",3,3686,TRUE,TRUE,TRUE
2025-10-22,"English (American)","WG","WG",394959,84092,12,"production",1,3686,TRUE,TRUE,TRUE
2025-10-22,"English (American)","WG","WG",394965,84098,12,"production",4,3686,TRUE,TRUE,TRUE
2025-10-22,"English (American)","WG","WG",394967,84100,12,"production",1,3686,TRUE,TRUE,TRUE
2025-10-22,"English (American)","WG","WG",394968,84101,12,"production",0,3686,TRUE,TRUE,TRUE
2025-10-22,"English (American)","WG","WG",394972,84105,12,"production",0,3686,TRUE,TRUE,TRUE
2025-10-22,"English (American)","WG","WG",394973,84106,12,"production",5,3686,TRUE,TRUE,TRUE
2025-10-22,"English (American)","WG","WG",394977,84110,12,"production",0,3686,TRUE,TRUE,TRUE
2025-10-22,"English (American)","WG","WG",394978,84111,12,"production",14,3686,TRUE,TRUE,TRUE
2025-10-22,"English (American)","WG","WG",394980,84113,12,"production",5,3686,TRUE,TRUE,TRUE
2025-10-22,"English (American)","WG","WG",394981,84114,12,"production",1,3686,TRUE,TRUE,TRUE
2025-10-22,"English (American)","WG","WG",394982,84115,12,"production",9,3686,TRUE,TRUE,TRUE
2025-10-22,"English (American)","WG","WG",394984,84117,12,"production",0,3686,TRUE,TRUE,TRUE
2025-10-22,"English (American)","WG","WG",394985,84118,12,"production",1,3686,TRUE,TRUE,TRUE
2025-10-22,"English (American)","WG","WG",394990,84123,12,"production",3,3686,TRUE,TRUE,TRUE
2025-10-22,"English (American)","WG","WG",394992,84125,12,"production",0,3686,TRUE,TRUE,TRUE
2025-10-22,"English (American)","WG","WG",394997,84130,12,"production",2,3686,TRUE,TRUE,TRUE
2025-10-22,"English (American)","WG","WG",394999,84132,12,"production",5,3686,TRUE,TRUE,TRUE
2025-10-22,"English (American)","WG","WG",395000,84133,12,"production",30,3686,TRUE,TRUE,TRUE
2025-10-22,"English (American)","WG","WG",395009,84142,12,"production",0,3686,TRUE,TRUE,TRUE
2025-10-22,"English (American)","WG","WG",395016,84149,12,"production",6,3686,TRUE,TRUE,TRUE
2025-10-22,"English (American)","WG","WG",395017,84150,12,"production",144,3686,TRUE,TRUE,TRUE
2025-10-22,"English (American)","WG","WG",395018,84151,12,"production",2,3686,TRUE,TRUE,TRUE
2025-10-22,"English (American)","WG","WG",395020,84153,12,"production",10,3686,TRUE,TRUE,TRUE
2025-10-22,"English (American)","WG","WG",395022,84155,12,"production",16,3686,TRUE,TRUE,TRUE
2025-10-22,"English (American)","WG","WG",395029,84162,12,"production",3,3686,TRUE,TRUE,TRUE
2025-10-22,"English (American)","WG","WG",395034,84167,12,"production",5,3686,TRUE,TRUE,TRUE
2025-10-22,"English (American)","WG","WG",395036,84169,12,"production",4,3686,TRUE,TRUE,TRUE
2025-10-22,"English (American)","WG","WG",395039,84172,12,"production",14,3686,TRUE,TRUE,TRUE
2025-10-22,"English (American)","WG","WG",395041,84174,12,"production",6,3686,TRUE,TRUE,TRUE
2025-10-22,"English (American)","WG","WG",395045,84178,12,"production",5,3686,TRUE,TRUE,TRUE
2025-10-22,"English (American)","WG","WG",395048,84181,12,"production",5,3686,TRUE,TRUE,TRUE
2025-10-22,"English (American)","WG","WG",395052,84185,12,"production",10,3686,TRUE,TRUE,TRUE
2025-10-22,"English (American)","WG","WG",395053,84186,12,"production",12,3686,TRUE,TRUE,TRUE
2025-10-22,"English (American)","WG","WG",395060,84193,12,"production",14,3686,TRUE,TRUE,TRUE
2025-10-22,"English (American)","WG","WG",395063,84196,12,"production",1,3686,TRUE,TRUE,TRUE
2025-10-22,"English (American)","WG","WG",395068,84201,12,"production",14,3686,TRUE,TRUE,TRUE
2025-10-22,"English (American)","WG","WG",395069,84202,12,"production",31,3686,TRUE,TRUE,TRUE
2025-10-22,"English (American)","WG","WG",395070,84203,12,"production",3,3686,TRUE,TRUE,TRUE
2025-10-22,"English (American)","WG","WG",395074,84207,12,"production",15,3686,TRUE,TRUE,TRUE
2025-10-22,"English (American)","WG","WG",395075,84208,12,"production",0,3686,TRUE,TRUE,TRUE
2025-10-22,"English (American)","WG","WG",395079,84212,12,"production",4,3686,TRUE,TRUE,TRUE
2025-10-22,"English (American)","WG","WG",395081,84214,12,"production",2,3686,TRUE,TRUE,TRUE
2025-10-22,"English (American)","WG","WG",395083,84216,12,"production",1,3686,TRUE,TRUE,TRUE
2025-10-22,"English (American)","WG","WG",395084,84217,12,"production",12,3686,TRUE,TRUE,TRUE
2025-10-22,"English (American)","WG","WG",395087,84220,12,"production",2,3686,TRUE,TRUE,TRUE
2025-10-22,"English (American)","WG","WG",395088,84221,12,"production",7,3686,TRUE,TRUE,TRUE
2025-10-22,"English (American)","WG","WG",395089,84222,12,"production",19,3686,TRUE,TRUE,TRUE
2025-10-22,"English (American)","WG","WG",395090,84223,12,"production",0,3686,TRUE,TRUE,TRUE
2025-10-22,"English (American)","WG","WG",395092,84225,12,"production",3,3686,TRUE,TRUE,TRUE
2025-10-22,"English (American)","WG","WG",395094,84227,12,"production",5,3686,TRUE,TRUE,TRUE
2025-10-22,"English (American)","WG","WG",395097,84230,12,"production",10,3686,TRUE,TRUE,TRUE
2025-10-22,"English (American)","WG","WG",395099,84232,12,"production",4,3686,TRUE,TRUE,TRUE
2025-10-22,"English (American)","WG","WG",395107,84240,12,"production",0,3686,TRUE,TRUE,TRUE
2025-10-22,"English (American)","WG","WG",395109,84242,12,"production",29,3686,TRUE,TRUE,TRUE
2025-10-22,"English (American)","WG","WG",395113,84246,12,"production",3,3686,TRUE,TRUE,TRUE
2025-10-22,"English (American)","WG","WG",395120,84253,12,"production",5,3686,TRUE,TRUE,TRUE
2025-10-22,"English (American)","WG","WG",395122,84255,12,"production",6,3686,TRUE,TRUE,TRUE
2025-10-22,"English (American)","WG","WG",395123,84256,12,"production",1,3686,TRUE,TRUE,TRUE
2025-10-22,"English (American)","WG","WG",395125,84258,12,"production",3,3686,TRUE,TRUE,TRUE
2025-10-22,"English (American)","WG","WG",395128,84261,12,"production",2,3686,TRUE,TRUE,TRUE
2025-10-22,"English (American)","WG","WG",395129,84262,12,"production",4,3686,TRUE,TRUE,TRUE
2025-10-22,"English (American)","WG","WG",395130,84263,12,"production",2,3686,TRUE,TRUE,TRUE
2025-10-22,"English (American)","WG","WG",395131,84264,12,"production",4,3686,TRUE,TRUE,TRUE
2025-10-22,"English (American)","WG","WG",395132,84265,12,"production",2,3686,TRUE,TRUE,TRUE
2025-10-22,"English (American)","WG","WG",395133,84266,12,"production",1,3686,TRUE,TRUE,TRUE
2025-10-22,"English (American)","WG","WG",395134,84267,12,"production",12,3686,TRUE,TRUE,TRUE
2025-10-22,"English (American)","WG","WG",395141,84274,12,"production",0,3686,TRUE,TRUE,TRUE
2025-10-22,"English (American)","WG","WG",395143,84276,12,"production",5,3686,TRUE,TRUE,TRUE
2025-10-22,"English (American)","WG","WG",395145,84278,12,"production",5,3686,TRUE,TRUE,TRUE
2025-10-22,"English (American)","WG","WG",395147,84280,12,"production",0,3686,TRUE,TRUE,TRUE
2025-10-22,"English (American)","WG","WG",395148,84281,12,"production",5,3686,TRUE,TRUE,TRUE
2025-10-22,"English (American)","WG","WG",395153,84286,12,"production",0,3686,TRUE,TRUE,TRUE
2025-10-22,"English (American)","WG","WG",395155,84288,12,"production",7,3686,TRUE,TRUE,TRUE
2025-10-22,"English (American)","WG","WG",395159,84292,12,"production",10,3686,TRUE,TRUE,TRUE
2025-10-22,"English (American)","WG","WG",395162,84295,12,"production",16,3686,TRUE,TRUE,TRUE
2025-10-22,"English (American)","WG","WG",395173,84306,12,"production",0,3686,TRUE,TRUE,TRUE
2025-10-22,"English (American)","WG","WG",395174,84307,12,"production",9,3686,TRUE,TRUE,TRUE
2025-10-22,"English (American)","WG","WG",395179,84312,12,"production",22,3686,TRUE,TRUE,TRUE
2025-10-22,"English (American)","WG","WG",395180,84313,12,"production",10,3686,TRUE,TRUE,TRUE
2025-10-22,"English (American)","WG","WG",395182,84315,12,"production",3,3686,TRUE,TRUE,TRUE
2025-10-22,"English (American)","WG","WG",395185,84318,12,"production",1,3686,TRUE,TRUE,TRUE
2025-10-22,"English (American)","WG","WG",395187,84320,12,"production",12,3686,TRUE,TRUE,TRUE
2025-10-22,"English (American)","WG","WG",395188,84321,12,"production",3,3686,TRUE,TRUE,TRUE
2025-10-22,"English (American)","WG","WG",395191,84324,12,"production",0,3686,TRUE,TRUE,TRUE
2025-10-22,"English (American)","WG","WG",395204,84337,12,"production",0,3686,TRUE,TRUE,TRUE
2025-10-22,"English (American)","WG","WG",395207,84340,12,"production",10,3686,TRUE,TRUE,TRUE
2025-10-22,"English (American)","WG","WG",395211,84344,12,"production",1,3686,TRUE,TRUE,TRUE
2025-10-22,"English (American)","WG","WG",395212,84345,12,"production",11,3686,TRUE,TRUE,TRUE
2025-10-22,"English (American)","WG","WG",395215,84348,12,"production",28,3686,TRUE,TRUE,TRUE
2025-10-22,"English (American)","WG","WG",395220,84353,12,"production",5,3686,TRUE,TRUE,TRUE
2025-10-22,"English (American)","WG","WG",395225,84358,12,"production",2,3686,TRUE,TRUE,TRUE
2025-10-22,"English (American)","WG","WG",395228,84361,12,"production",8,3686,TRUE,TRUE,TRUE
2025-10-22,"English (American)","WG","WG",395231,84364,12,"production",3,3686,TRUE,TRUE,TRUE
2025-10-22,"English (American)","WG","WG",395232,84365,12,"production",2,3686,TRUE,TRUE,TRUE
2025-10-22,"English (American)","WG","WG",395236,84369,12,"production",3,3686,TRUE,TRUE,TRUE
2025-10-22,"English (American)","WG","WG",395237,84370,12,"production",1,3686,TRUE,TRUE,TRUE
2025-10-22,"English (American)","WG","WG",395242,84375,12,"production",0,3686,TRUE,TRUE,TRUE
2025-10-22,"English (American)","WG","WG",395246,84379,12,"production",2,3686,TRUE,TRUE,TRUE
2025-10-22,"English (American)","WG","WG",395248,84381,12,"production",5,3686,TRUE,TRUE,TRUE
2025-10-22,"English (American)","WG","WG",395250,84383,12,"production",15,3686,TRUE,TRUE,TRUE
2025-10-22,"English (American)","WG","WG",395253,84386,12,"production",6,3686,TRUE,TRUE,TRUE
2025-10-22,"English (American)","WG","WG",395254,84387,12,"production",0,3686,TRUE,TRUE,TRUE
2025-10-22,"English (American)","WG","WG",395255,84388,12,"production",0,3686,TRUE,TRUE,TRUE
2025-10-22,"English (American)","WG","WG",395256,84389,12,"production",8,3686,TRUE,TRUE,TRUE
2025-10-22,"English (American)","WG","WG",395257,84390,12,"production",5,3686,TRUE,TRUE,TRUE
2025-10-22,"English (American)","WG","WG",395527,3494,12,"production",6,3686,TRUE,TRUE,TRUE
2025-10-22,"English (American)","WG","WG",391369,4058,13,"production",34,3686,TRUE,TRUE,TRUE
2025-10-22,"English (American)","WG","WG",391371,4060,13,"production",31,3686,TRUE,TRUE,TRUE
2025-10-22,"English (American)","WG","WG",391375,4064,13,"production",34,3686,TRUE,TRUE,TRUE
2025-10-22,"English (American)","WG","WG",391385,4074,13,"production",0,3686,TRUE,TRUE,TRUE
2025-10-22,"English (American)","WG","WG",391387,4076,13,"production",15,3686,TRUE,TRUE,TRUE
2025-10-22,"English (American)","WG","WG",391406,4095,13,"production",40,3686,TRUE,TRUE,TRUE
2025-10-22,"English (American)","WG","WG",391412,4101,13,"production",31,3686,TRUE,TRUE,TRUE
2025-10-22,"English (American)","WG","WG",391415,4104,13,"production",31,3686,TRUE,TRUE,TRUE
2025-10-22,"English (American)","WG","WG",391418,4107,13,"production",1,3686,TRUE,TRUE,TRUE
2025-10-22,"English (American)","WG","WG",391485,4174,13,"production",5,3686,TRUE,TRUE,TRUE
2025-10-22,"English (American)","WG","WG",391492,4181,13,"production",3,3686,TRUE,TRUE,TRUE
2025-10-22,"English (American)","WG","WG",391493,4182,13,"production",19,3686,TRUE,TRUE,TRUE
2025-10-22,"English (American)","WG","WG",391494,4183,13,"production",66,3686,TRUE,TRUE,TRUE
2025-10-22,"English (American)","WG","WG",391498,4187,13,"production",3,3686,TRUE,TRUE,TRUE
2025-10-22,"English (American)","WG","WG",391528,4217,13,"production",5,3686,TRUE,TRUE,TRUE
2025-10-22,"English (American)","WG","WG",391530,4219,13,"production",0,3686,TRUE,TRUE,TRUE
2025-10-22,"English (American)","WG","WG",391534,4223,13,"production",19,3686,TRUE,TRUE,TRUE
2025-10-22,"English (American)","WG","WG",391558,4247,13,"production",0,3686,TRUE,TRUE,TRUE
2025-10-22,"English (American)","WG","WG",391563,4252,13,"production",1,3686,TRUE,TRUE,TRUE
2025-10-22,"English (American)","WG","WG",391566,4255,13,"production",2,3686,TRUE,TRUE,TRUE
2025-10-22,"English (American)","WG","WG",391569,4258,13,"production",12,3686,TRUE,TRUE,TRUE
2025-10-22,"English (American)","WG","WG",391576,4265,13,"production",13,3686,TRUE,TRUE,TRUE
2025-10-22,"English (American)","WG","WG",391577,4266,13,"production",5,3686,TRUE,TRUE,TRUE
2025-10-22,"English (American)","WG","WG",391579,4268,13,"production",27,3686,TRUE,TRUE,TRUE
2025-10-22,"English (American)","WG","WG",391582,4271,13,"production",5,3686,TRUE,TRUE,TRUE
2025-10-22,"English (American)","WG","WG",391583,4272,13,"production",31,3686,TRUE,TRUE,TRUE
2025-10-22,"English (American)","WG","WG",391585,4274,13,"production",107,3686,TRUE,TRUE,TRUE
2025-10-22,"English (American)","WG","WG",391589,4278,13,"production",23,3686,TRUE,TRUE,TRUE
2025-10-22,"English (American)","WG","WG",391595,4284,13,"production",10,3686,TRUE,TRUE,TRUE
2025-10-22,"English (American)","WG","WG",391624,4313,13,"production",14,3686,TRUE,TRUE,TRUE
2025-10-22,"English (American)","WG","WG",391628,4317,13,"production",0,3686,TRUE,TRUE,TRUE
2025-10-22,"English (American)","WG","WG",391641,4330,13,"production",1,3686,TRUE,TRUE,TRUE
2025-10-22,"English (American)","WG","WG",391666,4355,13,"production",0,3686,TRUE,TRUE,TRUE
2025-10-22,"English (American)","WG","WG",391667,4356,13,"production",1,3686,TRUE,TRUE,TRUE
2025-10-22,"English (American)","WG","WG",391688,4377,13,"production",69,3686,TRUE,TRUE,TRUE
2025-10-22,"English (American)","WG","WG",391748,4437,13,"production",0,3686,TRUE,TRUE,TRUE
2025-10-22,"English (American)","WG","WG",391825,4514,13,"production",5,3686,TRUE,TRUE,TRUE
2025-10-22,"English (American)","WG","WG",391840,4529,13,"production",2,3686,TRUE,TRUE,TRUE
2025-10-22,"English (American)","WG","WG",391842,4531,13,"production",18,3686,TRUE,TRUE,TRUE
2025-10-22,"English (American)","WG","WG",391843,4532,13,"production",34,3686,TRUE,TRUE,TRUE
2025-10-22,"English (American)","WG","WG",391844,4533,13,"production",13,3686,TRUE,TRUE,TRUE
2025-10-22,"English (American)","WG","WG",391850,4539,13,"production",0,3686,TRUE,TRUE,TRUE
2025-10-22,"English (American)","WG","WG",391856,4545,13,"production",5,3686,TRUE,TRUE,TRUE
2025-10-22,"English (American)","WG","WG",391857,4546,13,"production",45,3686,TRUE,TRUE,TRUE
2025-10-22,"English (American)","WG","WG",391859,4548,13,"production",32,3686,TRUE,TRUE,TRUE
2025-10-22,"English (American)","WG","WG",391864,4553,13,"production",4,3686,TRUE,TRUE,TRUE
2025-10-22,"English (American)","WG","WG",391865,4554,13,"production",13,3686,TRUE,TRUE,TRUE
2025-10-22,"English (American)","WG","WG",391866,4555,13,"production",2,3686,TRUE,TRUE,TRUE
2025-10-22,"English (American)","WG","WG",391868,4557,13,"production",24,3686,TRUE,TRUE,TRUE
2025-10-22,"English (American)","WG","WG",391869,4558,13,"production",3,3686,TRUE,TRUE,TRUE
2025-10-22,"English (American)","WG","WG",391870,4559,13,"production",3,3686,TRUE,TRUE,TRUE
2025-10-22,"English (American)","WG","WG",391871,4560,13,"production",20,3686,TRUE,TRUE,TRUE
2025-10-22,"English (American)","WG","WG",391872,4561,13,"production",33,3686,TRUE,TRUE,TRUE
2025-10-22,"English (American)","WG","WG",391873,4562,13,"production",0,3686,TRUE,TRUE,TRUE
2025-10-22,"English (American)","WG","WG",391875,4564,13,"production",4,3686,TRUE,TRUE,TRUE
2025-10-22,"English (American)","WG","WG",391876,4565,13,"production",16,3686,TRUE,TRUE,TRUE
2025-10-22,"English (American)","WG","WG",391877,4566,13,"production",23,3686,TRUE,TRUE,TRUE
2025-10-22,"English (American)","WG","WG",391897,4586,13,"production",6,3686,TRUE,TRUE,TRUE
2025-10-22,"English (American)","WG","WG",391903,4592,13,"production",3,3686,TRUE,TRUE,TRUE
2025-10-22,"English (American)","WG","WG",391904,4593,13,"production",12,3686,TRUE,TRUE,TRUE
2025-10-22,"English (American)","WG","WG",391913,4602,13,"production",33,3686,TRUE,TRUE,TRUE
2025-10-22,"English (American)","WG","WG",391928,4617,13,"production",5,3686,TRUE,TRUE,TRUE
2025-10-22,"English (American)","WG","WG",391941,4630,13,"production",16,3686,TRUE,TRUE,TRUE
2025-10-22,"English (American)","WG","WG",391956,4645,13,"production",7,3686,TRUE,TRUE,TRUE
2025-10-22,"English (American)","WG","WG",391964,4653,13,"production",12,3686,TRUE,TRUE,TRUE
2025-10-22,"English (American)","WG","WG",391967,4656,13,"production",10,3686,TRUE,TRUE,TRUE
2025-10-22,"English (American)","WG","WG",391968,4657,13,"production",0,3686,TRUE,TRUE,TRUE
2025-10-22,"English (American)","WG","WG",391969,4658,13,"production",6,3686,TRUE,TRUE,TRUE
2025-10-22,"English (American)","WG","WG",391970,4659,13,"production",8,3686,TRUE,TRUE,TRUE
2025-10-22,"English (American)","WG","WG",391977,4666,13,"production",26,3686,TRUE,TRUE,TRUE
2025-10-22,"English (American)","WG","WG",391978,4667,13,"production",4,3686,TRUE,TRUE,TRUE
2025-10-22,"English (American)","WG","WG",391995,4684,13,"production",0,3686,TRUE,TRUE,TRUE
2025-10-22,"English (American)","WG","WG",391996,4685,13,"production",0,3686,TRUE,TRUE,TRUE
2025-10-22,"English (American)","WG","WG",392008,4697,13,"production",21,3686,TRUE,TRUE,TRUE
2025-10-22,"English (American)","WG","WG",392010,4699,13,"production",7,3686,TRUE,TRUE,TRUE
2025-10-22,"English (American)","WG","WG",392011,4700,13,"production",3,3686,TRUE,TRUE,TRUE
2025-10-22,"English (American)","WG","WG",392012,4701,13,"production",0,3686,TRUE,TRUE,TRUE
2025-10-22,"English (American)","WG","WG",392016,4705,13,"production",38,3686,TRUE,TRUE,TRUE
2025-10-22,"English (American)","WG","WG",392022,4711,13,"production",6,3686,TRUE,TRUE,TRUE
2025-10-22,"English (American)","WG","WG",392060,4749,13,"production",0,3686,TRUE,TRUE,TRUE
2025-10-22,"English (American)","WG","WG",392062,4751,13,"production",6,3686,TRUE,TRUE,TRUE
2025-10-22,"English (American)","WG","WG",392063,4752,13,"production",20,3686,TRUE,TRUE,TRUE
2025-10-22,"English (American)","WG","WG",392085,4774,13,"production",27,3686,TRUE,TRUE,TRUE
2025-10-22,"English (American)","WG","WG",392114,4803,13,"production",24,3686,TRUE,TRUE,TRUE
2025-10-22,"English (American)","WG","WG",392116,4805,13,"production",16,3686,TRUE,TRUE,TRUE
2025-10-22,"English (American)","WG","WG",392117,4806,13,"production",17,3686,TRUE,TRUE,TRUE
2025-10-22,"English (American)","WG","WG",392118,4807,13,"production",14,3686,TRUE,TRUE,TRUE
2025-10-22,"English (American)","WG","WG",392119,4808,13,"production",15,3686,TRUE,TRUE,TRUE
2025-10-22,"English (American)","WG","WG",392129,4818,13,"production",5,3686,TRUE,TRUE,TRUE
2025-10-22,"English (American)","WG","WG",392137,4826,13,"production",4,3686,TRUE,TRUE,TRUE
2025-10-22,"English (American)","WG","WG",392158,4847,13,"production",1,3686,TRUE,TRUE,TRUE
2025-10-22,"English (American)","WG","WG",392159,4848,13,"production",0,3686,TRUE,TRUE,TRUE
2025-10-22,"English (American)","WG","WG",392172,4861,13,"production",83,3686,TRUE,TRUE,TRUE
2025-10-22,"English (American)","WG","WG",392179,4868,13,"production",20,3686,TRUE,TRUE,TRUE
2025-10-22,"English (American)","WG","WG",392184,4873,13,"production",14,3686,TRUE,TRUE,TRUE
2025-10-22,"English (American)","WG","WG",392189,4878,13,"production",5,3686,TRUE,TRUE,TRUE
2025-10-22,"English (American)","WG","WG",392192,4881,13,"production",0,3686,TRUE,TRUE,TRUE
2025-10-22,"English (American)","WG","WG",392201,4890,13,"production",6,3686,TRUE,TRUE,TRUE
2025-10-22,"English (American)","WG","WG",392205,4894,13,"production",103,3686,TRUE,TRUE,TRUE
2025-10-22,"English (American)","WG","WG",392210,4899,13,"production",58,3686,TRUE,TRUE,TRUE
2025-10-22,"English (American)","WG","WG",392215,4904,13,"production",11,3686,TRUE,TRUE,TRUE
2025-10-22,"English (American)","WG","WG",392219,4908,13,"production",18,3686,TRUE,TRUE,TRUE
2025-10-22,"English (American)","WG","WG",392222,4911,13,"production",8,3686,TRUE,TRUE,TRUE
2025-10-22,"English (American)","WG","WG",392225,4914,13,"production",1,3686,TRUE,TRUE,TRUE
2025-10-22,"English (American)","WG","WG",392230,4919,13,"production",17,3686,TRUE,TRUE,TRUE
2025-10-22,"English (American)","WG","WG",392241,4930,13,"production",2,3686,TRUE,TRUE,TRUE
2025-10-22,"English (American)","WG","WG",392244,4933,13,"production",1,3686,TRUE,TRUE,TRUE
2025-10-22,"English (American)","WG","WG",392250,4939,13,"production",16,3686,TRUE,TRUE,TRUE
2025-10-22,"English (American)","WG","WG",392253,4942,13,"production",29,3686,TRUE,TRUE,TRUE
2025-10-22,"English (American)","WG","WG",392254,4943,13,"production",1,3686,TRUE,TRUE,TRUE
2025-10-22,"English (American)","WG","WG",392258,4947,13,"production",8,3686,TRUE,TRUE,TRUE
2025-10-22,"English (American)","WG","WG",392272,4961,13,"production",0,3686,TRUE,TRUE,TRUE
2025-10-22,"English (American)","WG","WG",392286,4975,13,"production",6,3686,TRUE,TRUE,TRUE
2025-10-22,"English (American)","WG","WG",392287,4976,13,"production",3,3686,TRUE,TRUE,TRUE
2025-10-22,"English (American)","WG","WG",392289,4978,13,"production",1,3686,TRUE,TRUE,TRUE
2025-10-22,"English (American)","WG","WG",392296,4985,13,"production",4,3686,TRUE,TRUE,TRUE
2025-10-22,"English (American)","WG","WG",392298,4987,13,"production",5,3686,TRUE,TRUE,TRUE
2025-10-22,"English (American)","WG","WG",392299,4988,13,"production",3,3686,TRUE,TRUE,TRUE
2025-10-22,"English (American)","WG","WG",392306,4995,13,"production",5,3686,TRUE,TRUE,TRUE
2025-10-22,"English (American)","WG","WG",392309,4998,13,"production",1,3686,TRUE,TRUE,TRUE
2025-10-22,"English (American)","WG","WG",392310,4999,13,"production",4,3686,TRUE,TRUE,TRUE
2025-10-22,"English (American)","WG","WG",392315,5004,13,"production",3,3686,TRUE,TRUE,TRUE
2025-10-22,"English (American)","WG","WG",392320,5009,13,"production",2,3686,TRUE,TRUE,TRUE
2025-10-22,"English (American)","WG","WG",392323,5012,13,"production",11,3686,TRUE,TRUE,TRUE
2025-10-22,"English (American)","WG","WG",392325,5014,13,"production",7,3686,TRUE,TRUE,TRUE
2025-10-22,"English (American)","WG","WG",392327,5016,13,"production",0,3686,TRUE,TRUE,TRUE
2025-10-22,"English (American)","WG","WG",392328,5017,13,"production",7,3686,TRUE,TRUE,TRUE
2025-10-22,"English (American)","WG","WG",392329,5018,13,"production",6,3686,TRUE,TRUE,TRUE
2025-10-22,"English (American)","WG","WG",392359,5047,13,"production",11,3686,TRUE,TRUE,TRUE
2025-10-22,"English (American)","WG","WG",392361,5049,13,"production",6,3686,TRUE,TRUE,TRUE
2025-10-22,"English (American)","WG","WG",393033,30740,13,"production",19,3686,TRUE,TRUE,TRUE
2025-10-22,"English (American)","WG","WG",393035,30742,13,"production",0,3686,TRUE,TRUE,TRUE
2025-10-22,"English (American)","WG","WG",393037,30744,13,"production",1,3686,TRUE,TRUE,TRUE
2025-10-22,"English (American)","WG","WG",393038,30745,13,"production",3,3686,TRUE,TRUE,TRUE
2025-10-22,"English (American)","WG","WG",393039,30746,13,"production",11,3686,TRUE,TRUE,TRUE
2025-10-22,"English (American)","WG","WG",393041,30748,13,"production",17,3686,TRUE,TRUE,TRUE
2025-10-22,"English (American)","WG","WG",393464,82597,13,"production",40,3686,TRUE,TRUE,TRUE
2025-10-22,"English (American)","WG","WG",393475,82608,13,"production",12,3686,TRUE,TRUE,TRUE
2025-10-22,"English (American)","WG","WG",393476,82609,13,"production",11,3686,TRUE,TRUE,TRUE
2025-10-22,"English (American)","WG","WG",393479,82612,13,"production",18,3686,TRUE,TRUE,TRUE
2025-10-22,"English (American)","WG","WG",393481,82614,13,"production",2,3686,TRUE,TRUE,TRUE
2025-10-22,"English (American)","WG","WG",393486,82619,13,"production",2,3686,TRUE,TRUE,TRUE
2025-10-22,"English (American)","WG","WG",393490,82623,13,"production",18,3686,TRUE,TRUE,TRUE
2025-10-22,"English (American)","WG","WG",393499,82632,13,"production",0,3686,TRUE,TRUE,TRUE
2025-10-22,"English (American)","WG","WG",393514,82647,13,"production",8,3686,TRUE,TRUE,TRUE
2025-10-22,"English (American)","WG","WG",393515,82648,13,"production",1,3686,TRUE,TRUE,TRUE
2025-10-22,"English (American)","WG","WG",393517,82650,13,"production",3,3686,TRUE,TRUE,TRUE
2025-10-22,"English (American)","WG","WG",393518,82651,13,"production",3,3686,TRUE,TRUE,TRUE
2025-10-22,"English (American)","WG","WG",393525,82658,13,"production",9,3686,TRUE,TRUE,TRUE
2025-10-22,"English (American)","WG","WG",393538,82671,13,"production",3,3686,TRUE,TRUE,TRUE
2025-10-22,"English (American)","WG","WG",393547,82680,13,"production",17,3686,TRUE,TRUE,TRUE
2025-10-22,"English (American)","WG","WG",393551,82684,13,"production",0,3686,TRUE,TRUE,TRUE
2025-10-22,"English (American)","WG","WG",393557,82690,13,"production",6,3686,TRUE,TRUE,TRUE
2025-10-22,"English (American)","WG","WG",393562,82695,13,"production",3,3686,TRUE,TRUE,TRUE
2025-10-22,"English (American)","WG","WG",393569,82702,13,"production",7,3686,TRUE,TRUE,TRUE
2025-10-22,"English (American)","WG","WG",393570,82703,13,"production",4,3686,TRUE,TRUE,TRUE
2025-10-22,"English (American)","WG","WG",393579,82712,13,"production",9,3686,TRUE,TRUE,TRUE
2025-10-22,"English (American)","WG","WG",393580,82713,13,"production",3,3686,TRUE,TRUE,TRUE
2025-10-22,"English (American)","WG","WG",393582,82715,13,"production",15,3686,TRUE,TRUE,TRUE
2025-10-22,"English (American)","WG","WG",393586,82719,13,"production",0,3686,TRUE,TRUE,TRUE
2025-10-22,"English (American)","WG","WG",393588,82721,13,"production",5,3686,TRUE,TRUE,TRUE
2025-10-22,"English (American)","WG","WG",393599,82732,13,"production",5,3686,TRUE,TRUE,TRUE
2025-10-22,"English (American)","WG","WG",393606,82739,13,"production",84,3686,TRUE,TRUE,TRUE
2025-10-22,"English (American)","WG","WG",393608,82741,13,"production",0,3686,TRUE,TRUE,TRUE
2025-10-22,"English (American)","WG","WG",393611,82744,13,"production",2,3686,TRUE,TRUE,TRUE
2025-10-22,"English (American)","WG","WG",393614,82747,13,"production",11,3686,TRUE,TRUE,TRUE
2025-10-22,"English (American)","WG","WG",393615,82748,13,"production",5,3686,TRUE,TRUE,TRUE
2025-10-22,"English (American)","WG","WG",393625,82758,13,"production",0,3686,TRUE,TRUE,TRUE
2025-10-22,"English (American)","WG","WG",393626,82759,13,"production",6,3686,TRUE,TRUE,TRUE
2025-10-22,"English (American)","WG","WG",393628,82761,13,"production",6,3686,TRUE,TRUE,TRUE
2025-10-22,"English (American)","WG","WG",393634,82767,13,"production",3,3686,TRUE,TRUE,TRUE
2025-10-22,"English (American)","WG","WG",393635,82768,13,"production",0,3686,TRUE,TRUE,TRUE
2025-10-22,"English (American)","WG","WG",393636,82769,13,"production",5,3686,TRUE,TRUE,TRUE
2025-10-22,"English (American)","WG","WG",393637,82770,13,"production",17,3686,TRUE,TRUE,TRUE
2025-10-22,"English (American)","WG","WG",393645,82778,13,"production",7,3686,TRUE,TRUE,TRUE
2025-10-22,"English (American)","WG","WG",393652,82785,13,"production",35,3686,TRUE,TRUE,TRUE
2025-10-22,"English (American)","WG","WG",393653,82786,13,"production",11,3686,TRUE,TRUE,TRUE
2025-10-22,"English (American)","WG","WG",393659,82792,13,"production",32,3686,TRUE,TRUE,TRUE
2025-10-22,"English (American)","WG","WG",393675,82808,13,"production",12,3686,TRUE,TRUE,TRUE
2025-10-22,"English (American)","WG","WG",393676,82809,13,"production",0,3686,TRUE,TRUE,TRUE
2025-10-22,"English (American)","WG","WG",393681,82814,13,"production",154,3686,TRUE,TRUE,TRUE
2025-10-22,"English (American)","WG","WG",393685,82818,13,"production",1,3686,TRUE,TRUE,TRUE
2025-10-22,"English (American)","WG","WG",393686,82819,13,"production",7,3686,TRUE,TRUE,TRUE
2025-10-22,"English (American)","WG","WG",393689,82822,13,"production",11,3686,TRUE,TRUE,TRUE
2025-10-22,"English (American)","WG","WG",393691,82824,13,"production",1,3686,TRUE,TRUE,TRUE
2025-10-22,"English (American)","WG","WG",393694,82827,13,"production",17,3686,TRUE,TRUE,TRUE
2025-10-22,"English (American)","WG","WG",393695,82828,13,"production",3,3686,TRUE,TRUE,TRUE
2025-10-22,"English (American)","WG","WG",393706,82839,13,"production",11,3686,TRUE,TRUE,TRUE
2025-10-22,"English (American)","WG","WG",393708,82841,13,"production",0,3686,TRUE,TRUE,TRUE
2025-10-22,"English (American)","WG","WG",393722,82855,13,"production",6,3686,TRUE,TRUE,TRUE
2025-10-22,"English (American)","WG","WG",393727,82860,13,"production",1,3686,TRUE,TRUE,TRUE
2025-10-22,"English (American)","WG","WG",393728,82861,13,"production",9,3686,TRUE,TRUE,TRUE
2025-10-22,"English (American)","WG","WG",393733,82866,13,"production",0,3686,TRUE,TRUE,TRUE
2025-10-22,"English (American)","WG","WG",393737,82870,13,"production",0,3686,TRUE,TRUE,TRUE
2025-10-22,"English (American)","WG","WG",393738,82871,13,"production",4,3686,TRUE,TRUE,TRUE
2025-10-22,"English (American)","WG","WG",393741,82874,13,"production",22,3686,TRUE,TRUE,TRUE
2025-10-22,"English (American)","WG","WG",393743,82876,13,"production",41,3686,TRUE,TRUE,TRUE
2025-10-22,"English (American)","WG","WG",393750,82883,13,"production",16,3686,TRUE,TRUE,TRUE
2025-10-22,"English (American)","WG","WG",393752,82885,13,"production",213,3686,TRUE,TRUE,TRUE
2025-10-22,"English (American)","WG","WG",393762,82895,13,"production",3,3686,TRUE,TRUE,TRUE
2025-10-22,"English (American)","WG","WG",393763,82896,13,"production",4,3686,TRUE,TRUE,TRUE
2025-10-22,"English (American)","WG","WG",393772,82905,13,"production",12,3686,TRUE,TRUE,TRUE
2025-10-22,"English (American)","WG","WG",393780,82913,13,"production",12,3686,TRUE,TRUE,TRUE
2025-10-22,"English (American)","WG","WG",393782,82915,13,"production",22,3686,TRUE,TRUE,TRUE
2025-10-22,"English (American)","WG","WG",393792,82925,13,"production",3,3686,TRUE,TRUE,TRUE
2025-10-22,"English (American)","WG","WG",393819,82952,13,"production",14,3686,TRUE,TRUE,TRUE
2025-10-22,"English (American)","WG","WG",393823,82956,13,"production",7,3686,TRUE,TRUE,TRUE
2025-10-22,"English (American)","WG","WG",393835,82968,13,"production",50,3686,TRUE,TRUE,TRUE
2025-10-22,"English (American)","WG","WG",393840,82973,13,"production",0,3686,TRUE,TRUE,TRUE
2025-10-22,"English (American)","WG","WG",393841,82974,13,"production",8,3686,TRUE,TRUE,TRUE
2025-10-22,"English (American)","WG","WG",393843,82976,13,"production",20,3686,TRUE,TRUE,TRUE
2025-10-22,"English (American)","WG","WG",393846,82979,13,"production",7,3686,TRUE,TRUE,TRUE
2025-10-22,"English (American)","WG","WG",393847,82980,13,"production",3,3686,TRUE,TRUE,TRUE
2025-10-22,"English (American)","WG","WG",393849,82982,13,"production",1,3686,TRUE,TRUE,TRUE
2025-10-22,"English (American)","WG","WG",393852,82985,13,"production",13,3686,TRUE,TRUE,TRUE
2025-10-22,"English (American)","WG","WG",393857,82990,13,"production",11,3686,TRUE,TRUE,TRUE
2025-10-22,"English (American)","WG","WG",393858,82991,13,"production",3,3686,TRUE,TRUE,TRUE
2025-10-22,"English (American)","WG","WG",393860,82993,13,"production",198,3686,TRUE,TRUE,TRUE
2025-10-22,"English (American)","WG","WG",393864,82997,13,"production",8,3686,TRUE,TRUE,TRUE
2025-10-22,"English (American)","WG","WG",393865,82998,13,"production",1,3686,TRUE,TRUE,TRUE
2025-10-22,"English (American)","WG","WG",393866,82999,13,"production",7,3686,TRUE,TRUE,TRUE
2025-10-22,"English (American)","WG","WG",393875,83008,13,"production",13,3686,TRUE,TRUE,TRUE
2025-10-22,"English (American)","WG","WG",393876,83009,13,"production",24,3686,TRUE,TRUE,TRUE
2025-10-22,"English (American)","WG","WG",393880,83013,13,"production",10,3686,TRUE,TRUE,TRUE
2025-10-22,"English (American)","WG","WG",393889,83022,13,"production",17,3686,TRUE,TRUE,TRUE
2025-10-22,"English (American)","WG","WG",393891,83024,13,"production",1,3686,TRUE,TRUE,TRUE
2025-10-22,"English (American)","WG","WG",393892,83025,13,"production",7,3686,TRUE,TRUE,TRUE
2025-10-22,"English (American)","WG","WG",393894,83027,13,"production",165,3686,TRUE,TRUE,TRUE
2025-10-22,"English (American)","WG","WG",393899,83032,13,"production",4,3686,TRUE,TRUE,TRUE
2025-10-22,"English (American)","WG","WG",393906,83039,13,"production",40,3686,TRUE,TRUE,TRUE
2025-10-22,"English (American)","WG","WG",393921,83054,13,"production",7,3686,TRUE,TRUE,TRUE
2025-10-22,"English (American)","WG","WG",393938,83071,13,"production",34,3686,TRUE,TRUE,TRUE
2025-10-22,"English (American)","WG","WG",393939,83072,13,"production",18,3686,TRUE,TRUE,TRUE
2025-10-22,"English (American)","WG","WG",393941,83074,13,"production",0,3686,TRUE,TRUE,TRUE
2025-10-22,"English (American)","WG","WG",393946,83079,13,"production",14,3686,TRUE,TRUE,TRUE
2025-10-22,"English (American)","WG","WG",393952,83085,13,"production",5,3686,TRUE,TRUE,TRUE
2025-10-22,"English (American)","WG","WG",393957,83090,13,"production",1,3686,TRUE,TRUE,TRUE
2025-10-22,"English (American)","WG","WG",393960,83093,13,"production",4,3686,TRUE,TRUE,TRUE
2025-10-22,"English (American)","WG","WG",393967,83100,13,"production",9,3686,TRUE,TRUE,TRUE
2025-10-22,"English (American)","WG","WG",393972,83105,13,"production",3,3686,TRUE,TRUE,TRUE
2025-10-22,"English (American)","WG","WG",393984,83117,13,"production",5,3686,TRUE,TRUE,TRUE
2025-10-22,"English (American)","WG","WG",393988,83121,13,"production",211,3686,TRUE,TRUE,TRUE
2025-10-22,"English (American)","WG","WG",393993,83126,13,"production",61,3686,TRUE,TRUE,TRUE
2025-10-22,"English (American)","WG","WG",393995,83128,13,"production",1,3686,TRUE,TRUE,TRUE
2025-10-22,"English (American)","WG","WG",394000,83133,13,"production",186,3686,TRUE,TRUE,TRUE
2025-10-22,"English (American)","WG","WG",394005,83138,13,"production",35,3686,TRUE,TRUE,TRUE
2025-10-22,"English (American)","WG","WG",394007,83140,13,"production",2,3686,TRUE,TRUE,TRUE
2025-10-22,"English (American)","WG","WG",394017,83150,13,"production",17,3686,TRUE,TRUE,TRUE
2025-10-22,"English (American)","WG","WG",394030,83163,13,"production",2,3686,TRUE,TRUE,TRUE
2025-10-22,"English (American)","WG","WG",394036,83169,13,"production",15,3686,TRUE,TRUE,TRUE
2025-10-22,"English (American)","WG","WG",394041,83174,13,"production",0,3686,TRUE,TRUE,TRUE
2025-10-22,"English (American)","WG","WG",394050,83183,13,"production",1,3686,TRUE,TRUE,TRUE
2025-10-22,"English (American)","WG","WG",394052,83185,13,"production",153,3686,TRUE,TRUE,TRUE
2025-10-22,"English (American)","WG","WG",394065,83198,13,"production",4,3686,TRUE,TRUE,TRUE
2025-10-22,"English (American)","WG","WG",394066,83199,13,"production",25,3686,TRUE,TRUE,TRUE
2025-10-22,"English (American)","WG","WG",394069,83202,13,"production",4,3686,TRUE,TRUE,TRUE
2025-10-22,"English (American)","WG","WG",394085,83218,13,"production",0,3686,TRUE,TRUE,TRUE
2025-10-22,"English (American)","WG","WG",394103,83236,13,"production",1,3686,TRUE,TRUE,TRUE
2025-10-22,"English (American)","WG","WG",394111,83244,13,"production",0,3686,TRUE,TRUE,TRUE
2025-10-22,"English (American)","WG","WG",394126,83259,13,"production",7,3686,TRUE,TRUE,TRUE
2025-10-22,"English (American)","WG","WG",394160,83293,13,"production",186,3686,TRUE,TRUE,TRUE
2025-10-22,"English (American)","WG","WG",394173,83306,13,"production",5,3686,TRUE,TRUE,TRUE
2025-10-22,"English (American)","WG","WG",394184,83317,13,"production",0,3686,TRUE,TRUE,TRUE
2025-10-22,"English (American)","WG","WG",394186,83319,13,"production",83,3686,TRUE,TRUE,TRUE
2025-10-22,"English (American)","WG","WG",394211,83344,13,"production",10,3686,TRUE,TRUE,TRUE
2025-10-22,"English (American)","WG","WG",394214,83347,13,"production",59,3686,TRUE,TRUE,TRUE
2025-10-22,"English (American)","WG","WG",394233,83366,13,"production",0,3686,TRUE,TRUE,TRUE
2025-10-22,"English (American)","WG","WG",394241,83374,13,"production",14,3686,TRUE,TRUE,TRUE
2025-10-22,"English (American)","WG","WG",394248,83381,13,"production",4,3686,TRUE,TRUE,TRUE
2025-10-22,"English (American)","WG","WG",394252,83385,13,"production",218,3686,TRUE,TRUE,TRUE
2025-10-22,"English (American)","WG","WG",394257,83390,13,"production",53,3686,TRUE,TRUE,TRUE
2025-10-22,"English (American)","WG","WG",394261,83394,13,"production",22,3686,TRUE,TRUE,TRUE
2025-10-22,"English (American)","WG","WG",394265,83398,13,"production",4,3686,TRUE,TRUE,TRUE
2025-10-22,"English (American)","WG","WG",394281,83414,13,"production",44,3686,TRUE,TRUE,TRUE
2025-10-22,"English (American)","WG","WG",394283,83416,13,"production",0,3686,TRUE,TRUE,TRUE
2025-10-22,"English (American)","WG","WG",394286,83419,13,"production",4,3686,TRUE,TRUE,TRUE
2025-10-22,"English (American)","WG","WG",394297,83430,13,"production",140,3686,TRUE,TRUE,TRUE
2025-10-22,"English (American)","WG","WG",394298,83431,13,"production",15,3686,TRUE,TRUE,TRUE
2025-10-22,"English (American)","WG","WG",394303,83436,13,"production",1,3686,TRUE,TRUE,TRUE
2025-10-22,"English (American)","WG","WG",394305,83438,13,"production",19,3686,TRUE,TRUE,TRUE
2025-10-22,"English (American)","WG","WG",394306,83439,13,"production",25,3686,TRUE,TRUE,TRUE
2025-10-22,"English (American)","WG","WG",394324,83457,13,"production",1,3686,TRUE,TRUE,TRUE
2025-10-22,"English (American)","WG","WG",394325,83458,13,"production",1,3686,TRUE,TRUE,TRUE
2025-10-22,"English (American)","WG","WG",394340,83473,13,"production",52,3686,TRUE,TRUE,TRUE
2025-10-22,"English (American)","WG","WG",394354,83487,13,"production",7,3686,TRUE,TRUE,TRUE
2025-10-22,"English (American)","WG","WG",394355,83488,13,"production",14,3686,TRUE,TRUE,TRUE
2025-10-22,"English (American)","WG","WG",394363,83496,13,"production",14,3686,TRUE,TRUE,TRUE
2025-10-22,"English (American)","WG","WG",394379,83512,13,"production",8,3686,TRUE,TRUE,TRUE
2025-10-22,"English (American)","WG","WG",394381,83514,13,"production",5,3686,TRUE,TRUE,TRUE
2025-10-22,"English (American)","WG","WG",394393,83526,13,"production",29,3686,TRUE,TRUE,TRUE
2025-10-22,"English (American)","WG","WG",394398,83531,13,"production",7,3686,TRUE,TRUE,TRUE
2025-10-22,"English (American)","WG","WG",394400,83533,13,"production",6,3686,TRUE,TRUE,TRUE
2025-10-22,"English (American)","WG","WG",394403,83536,13,"production",8,3686,TRUE,TRUE,TRUE
2025-10-22,"English (American)","WG","WG",394406,83539,13,"production",5,3686,TRUE,TRUE,TRUE
2025-10-22,"English (American)","WG","WG",394414,83547,13,"production",2,3686,TRUE,TRUE,TRUE
2025-10-22,"English (American)","WG","WG",394418,83551,13,"production",13,3686,TRUE,TRUE,TRUE
2025-10-22,"English (American)","WG","WG",394420,83553,13,"production",0,3686,TRUE,TRUE,TRUE
2025-10-22,"English (American)","WG","WG",394430,83563,13,"production",12,3686,TRUE,TRUE,TRUE
2025-10-22,"English (American)","WG","WG",394435,83568,13,"production",0,3686,TRUE,TRUE,TRUE
2025-10-22,"English (American)","WG","WG",394439,83572,13,"production",0,3686,TRUE,TRUE,TRUE
2025-10-22,"English (American)","WG","WG",394496,83629,13,"production",57,3686,TRUE,TRUE,TRUE
2025-10-22,"English (American)","WG","WG",394500,83633,13,"production",162,3686,TRUE,TRUE,TRUE
2025-10-22,"English (American)","WG","WG",394509,83642,13,"production",0,3686,TRUE,TRUE,TRUE
2025-10-22,"English (American)","WG","WG",394512,83645,13,"production",19,3686,TRUE,TRUE,TRUE
2025-10-22,"English (American)","WG","WG",394514,83647,13,"production",32,3686,TRUE,TRUE,TRUE
2025-10-22,"English (American)","WG","WG",394521,83654,13,"production",17,3686,TRUE,TRUE,TRUE
2025-10-22,"English (American)","WG","WG",394536,83669,13,"production",3,3686,TRUE,TRUE,TRUE
2025-10-22,"English (American)","WG","WG",394538,83671,13,"production",53,3686,TRUE,TRUE,TRUE
2025-10-22,"English (American)","WG","WG",394553,83686,13,"production",7,3686,TRUE,TRUE,TRUE
2025-10-22,"English (American)","WG","WG",394555,83688,13,"production",0,3686,TRUE,TRUE,TRUE
2025-10-22,"English (American)","WG","WG",394560,83693,13,"production",4,3686,TRUE,TRUE,TRUE
2025-10-22,"English (American)","WG","WG",394568,83701,13,"production",2,3686,TRUE,TRUE,TRUE
2025-10-22,"English (American)","WG","WG",394617,83750,13,"production",11,3686,TRUE,TRUE,TRUE
2025-10-22,"English (American)","WG","WG",394618,83751,13,"production",6,3686,TRUE,TRUE,TRUE
2025-10-22,"English (American)","WG","WG",394628,83761,13,"production",0,3686,TRUE,TRUE,TRUE
2025-10-22,"English (American)","WG","WG",394629,83762,13,"production",1,3686,TRUE,TRUE,TRUE
2025-10-22,"English (American)","WG","WG",394632,83765,13,"production",0,3686,TRUE,TRUE,TRUE
2025-10-22,"English (American)","WG","WG",394639,83772,13,"production",0,3686,TRUE,TRUE,TRUE
2025-10-22,"English (American)","WG","WG",394664,83797,13,"production",0,3686,TRUE,TRUE,TRUE
2025-10-22,"English (American)","WG","WG",394668,83801,13,"production",14,3686,TRUE,TRUE,TRUE
2025-10-22,"English (American)","WG","WG",394674,83807,13,"production",0,3686,TRUE,TRUE,TRUE
2025-10-22,"English (American)","WG","WG",394675,83808,13,"production",0,3686,TRUE,TRUE,TRUE
2025-10-22,"English (American)","WG","WG",394690,83823,13,"production",0,3686,TRUE,TRUE,TRUE
2025-10-22,"English (American)","WG","WG",394696,83829,13,"production",12,3686,TRUE,TRUE,TRUE
2025-10-22,"English (American)","WG","WG",394697,83830,13,"production",8,3686,TRUE,TRUE,TRUE
2025-10-22,"English (American)","WG","WG",394752,83885,13,"production",4,3686,TRUE,TRUE,TRUE
2025-10-22,"English (American)","WG","WG",395247,84380,13,"production",4,3686,TRUE,TRUE,TRUE
2025-10-22,"English (American)","WG","WG",395249,84382,13,"production",6,3686,TRUE,TRUE,TRUE
2025-10-22,"English (American)","WG","WG",395285,84418,13,"production",10,3686,TRUE,TRUE,TRUE
2025-10-22,"English (American)","WG","WG",395288,84421,13,"production",1,3686,TRUE,TRUE,TRUE
2025-10-22,"English (American)","WG","WG",395300,84433,13,"production",12,3686,TRUE,TRUE,TRUE
2025-10-22,"English (American)","WG","WG",395314,3278,13,"production",6,3686,TRUE,TRUE,TRUE
2025-10-22,"English (American)","WG","WG",395315,3279,13,"production",19,3686,TRUE,TRUE,TRUE
2025-10-22,"English (American)","WG","WG",395316,3280,13,"production",17,3686,TRUE,TRUE,TRUE
2025-10-22,"English (American)","WG","WG",395317,3281,13,"production",23,3686,TRUE,TRUE,TRUE
2025-10-22,"English (American)","WG","WG",395318,3282,13,"production",2,3686,TRUE,TRUE,TRUE
2025-10-22,"English (American)","WG","WG",395319,3283,13,"production",1,3686,TRUE,TRUE,TRUE
2025-10-22,"English (American)","WG","WG",395320,3284,13,"production",22,3686,TRUE,TRUE,TRUE
2025-10-22,"English (American)","WG","WG",395321,3285,13,"production",5,3686,TRUE,TRUE,TRUE
2025-10-22,"English (American)","WG","WG",395322,3287,13,"production",6,3686,TRUE,TRUE,TRUE
2025-10-22,"English (American)","WG","WG",395323,3288,13,"production",15,3686,TRUE,TRUE,TRUE
2025-10-22,"English (American)","WG","WG",395324,3289,13,"production",18,3686,TRUE,TRUE,TRUE
2025-10-22,"English (American)","WG","WG",395325,3290,13,"production",17,3686,TRUE,TRUE,TRUE
2025-10-22,"English (American)","WG","WG",395326,3291,13,"production",1,3686,TRUE,TRUE,TRUE
2025-10-22,"English (American)","WG","WG",395327,3292,13,"production",45,3686,TRUE,TRUE,TRUE
2025-10-22,"English (American)","WG","WG",395328,3293,13,"production",27,3686,TRUE,TRUE,TRUE
2025-10-22,"English (American)","WG","WG",395329,3294,13,"production",4,3686,TRUE,TRUE,TRUE
2025-10-22,"English (American)","WG","WG",395330,3295,13,"production",5,3686,TRUE,TRUE,TRUE
2025-10-22,"English (American)","WG","WG",395331,3296,13,"production",8,3686,TRUE,TRUE,TRUE
2025-10-22,"English (American)","WG","WG",395332,3297,13,"production",14,3686,TRUE,TRUE,TRUE
2025-10-22,"English (American)","WG","WG",395333,3298,13,"production",5,3686,TRUE,TRUE,TRUE
2025-10-22,"English (American)","WG","WG",395334,3299,13,"production",3,3686,TRUE,TRUE,TRUE
2025-10-22,"English (American)","WG","WG",395335,3300,13,"production",37,3686,TRUE,TRUE,TRUE
2025-10-22,"English (American)","WG","WG",395336,3301,13,"production",4,3686,TRUE,TRUE,TRUE
2025-10-22,"English (American)","WG","WG",395337,3302,13,"production",13,3686,TRUE,TRUE,TRUE
2025-10-22,"English (American)","WG","WG",395338,3303,13,"production",10,3686,TRUE,TRUE,TRUE
2025-10-22,"English (American)","WG","WG",395339,3305,13,"production",7,3686,TRUE,TRUE,TRUE
2025-10-22,"English (American)","WG","WG",395340,3306,13,"production",0,3686,TRUE,TRUE,TRUE
2025-10-22,"English (American)","WG","WG",395341,3307,13,"production",0,3686,TRUE,TRUE,TRUE
2025-10-22,"English (American)","WG","WG",395342,3308,13,"production",3,3686,TRUE,TRUE,TRUE
2025-10-22,"English (American)","WG","WG",395343,3309,13,"production",16,3686,TRUE,TRUE,TRUE
2025-10-22,"English (American)","WG","WG",395344,3310,13,"production",3,3686,TRUE,TRUE,TRUE
2025-10-22,"English (American)","WG","WG",395345,3311,13,"production",17,3686,TRUE,TRUE,TRUE
2025-10-22,"English (American)","WG","WG",395346,3312,13,"production",14,3686,TRUE,TRUE,TRUE
2025-10-22,"English (American)","WG","WG",395347,3313,13,"production",0,3686,TRUE,TRUE,TRUE
2025-10-22,"English (American)","WG","WG",395348,3314,13,"production",0,3686,TRUE,TRUE,TRUE
2025-10-22,"English (American)","WG","WG",395349,3315,13,"production",16,3686,TRUE,TRUE,TRUE
2025-10-22,"English (American)","WG","WG",395350,3316,13,"production",9,3686,TRUE,TRUE,TRUE
2025-10-22,"English (American)","WG","WG",395351,3317,13,"production",40,3686,TRUE,TRUE,TRUE
2025-10-22,"English (American)","WG","WG",395352,3318,13,"production",2,3686,TRUE,TRUE,TRUE
2025-10-22,"English (American)","WG","WG",395353,3319,13,"production",27,3686,TRUE,TRUE,TRUE
2025-10-22,"English (American)","WG","WG",395354,3320,13,"production",31,3686,TRUE,TRUE,TRUE
2025-10-22,"English (American)","WG","WG",395355,3321,13,"production",15,3686,TRUE,TRUE,TRUE
2025-10-22,"English (American)","WG","WG",395356,3322,13,"production",7,3686,TRUE,TRUE,TRUE
2025-10-22,"English (American)","WG","WG",395357,3323,13,"production",3,3686,TRUE,TRUE,TRUE
2025-10-22,"English (American)","WG","WG",395358,3324,13,"production",11,3686,TRUE,TRUE,TRUE
2025-10-22,"English (American)","WG","WG",395359,3325,13,"production",18,3686,TRUE,TRUE,TRUE
2025-10-22,"English (American)","WG","WG",395360,3326,13,"production",2,3686,TRUE,TRUE,TRUE
2025-10-22,"English (American)","WG","WG",395362,3328,13,"production",313,3686,TRUE,TRUE,TRUE
2025-10-22,"English (American)","WG","WG",395363,3329,13,"production",3,3686,TRUE,TRUE,TRUE
2025-10-22,"English (American)","WG","WG",395364,3330,13,"production",8,3686,TRUE,TRUE,TRUE
2025-10-22,"English (American)","WG","WG",395365,3331,13,"production",22,3686,TRUE,TRUE,TRUE
2025-10-22,"English (American)","WG","WG",395366,3332,13,"production",9,3686,TRUE,TRUE,TRUE
2025-10-22,"English (American)","WG","WG",395367,3333,13,"production",3,3686,TRUE,TRUE,TRUE
2025-10-22,"English (American)","WG","WG",395368,3334,13,"production",7,3686,TRUE,TRUE,TRUE
2025-10-22,"English (American)","WG","WG",395369,3335,13,"production",36,3686,TRUE,TRUE,TRUE
2025-10-22,"English (American)","WG","WG",395370,3336,13,"production",12,3686,TRUE,TRUE,TRUE
2025-10-22,"English (American)","WG","WG",395371,3337,13,"production",7,3686,TRUE,TRUE,TRUE
2025-10-22,"English (American)","WG","WG",395372,3338,13,"production",0,3686,TRUE,TRUE,TRUE
2025-10-22,"English (American)","WG","WG",395373,3339,13,"production",3,3686,TRUE,TRUE,TRUE
2025-10-22,"English (American)","WG","WG",395374,3340,13,"production",13,3686,TRUE,TRUE,TRUE
2025-10-22,"English (American)","WG","WG",395375,3341,13,"production",12,3686,TRUE,TRUE,TRUE
2025-10-22,"English (American)","WG","WG",395376,3342,13,"production",6,3686,TRUE,TRUE,TRUE
2025-10-22,"English (American)","WG","WG",395377,3343,13,"production",14,3686,TRUE,TRUE,TRUE
2025-10-22,"English (American)","WG","WG",395378,3344,13,"production",18,3686,TRUE,TRUE,TRUE
2025-10-22,"English (American)","WG","WG",395380,3346,13,"production",16,3686,TRUE,TRUE,TRUE
2025-10-22,"English (American)","WG","WG",395381,3347,13,"production",14,3686,TRUE,TRUE,TRUE
2025-10-22,"English (American)","WG","WG",395382,3348,13,"production",17,3686,TRUE,TRUE,TRUE
2025-10-22,"English (American)","WG","WG",395383,3349,13,"production",0,3686,TRUE,TRUE,TRUE
2025-10-22,"English (American)","WG","WG",395384,3350,13,"production",9,3686,TRUE,TRUE,TRUE
2025-10-22,"English (American)","WG","WG",395385,3351,13,"production",31,3686,TRUE,TRUE,TRUE
2025-10-22,"English (American)","WG","WG",395386,3352,13,"production",63,3686,TRUE,TRUE,TRUE
2025-10-22,"English (American)","WG","WG",395387,3353,13,"production",3,3686,TRUE,TRUE,TRUE
2025-10-22,"English (American)","WG","WG",395388,3354,13,"production",38,3686,TRUE,TRUE,TRUE
2025-10-22,"English (American)","WG","WG",395389,3355,13,"production",10,3686,TRUE,TRUE,TRUE
2025-10-22,"English (American)","WG","WG",395390,3356,13,"production",0,3686,TRUE,TRUE,TRUE
2025-10-22,"English (American)","WG","WG",395391,3357,13,"production",2,3686,TRUE,TRUE,TRUE
2025-10-22,"English (American)","WG","WG",395392,3358,13,"production",10,3686,TRUE,TRUE,TRUE
2025-10-22,"English (American)","WG","WG",395393,3359,13,"production",32,3686,TRUE,TRUE,TRUE
2025-10-22,"English (American)","WG","WG",395394,3360,13,"production",19,3686,TRUE,TRUE,TRUE
2025-10-22,"English (American)","WG","WG",395395,3361,13,"production",50,3686,TRUE,TRUE,TRUE
2025-10-22,"English (American)","WG","WG",395396,3362,13,"production",5,3686,TRUE,TRUE,TRUE
2025-10-22,"English (American)","WG","WG",395397,3363,13,"production",36,3686,TRUE,TRUE,TRUE
2025-10-22,"English (American)","WG","WG",395398,3364,13,"production",12,3686,TRUE,TRUE,TRUE
2025-10-22,"English (American)","WG","WG",395399,3365,13,"production",0,3686,TRUE,TRUE,TRUE
2025-10-22,"English (American)","WG","WG",395400,3366,13,"production",0,3686,TRUE,TRUE,TRUE
2025-10-22,"English (American)","WG","WG",395401,3367,13,"production",118,3686,TRUE,TRUE,TRUE
2025-10-22,"English (American)","WG","WG",395402,3368,13,"production",0,3686,TRUE,TRUE,TRUE
2025-10-22,"English (American)","WG","WG",395403,3369,13,"production",22,3686,TRUE,TRUE,TRUE
2025-10-22,"English (American)","WG","WG",395404,3370,13,"production",13,3686,TRUE,TRUE,TRUE
2025-10-22,"English (American)","WG","WG",395405,3371,13,"production",0,3686,TRUE,TRUE,TRUE
2025-10-22,"English (American)","WG","WG",395406,3372,13,"production",3,3686,TRUE,TRUE,TRUE
2025-10-22,"English (American)","WG","WG",395407,3373,13,"production",7,3686,TRUE,TRUE,TRUE
2025-10-22,"English (American)","WG","WG",395408,3374,13,"production",19,3686,TRUE,TRUE,TRUE
2025-10-22,"English (American)","WG","WG",395409,3375,13,"production",23,3686,TRUE,TRUE,TRUE
2025-10-22,"English (American)","WG","WG",395410,3376,13,"production",44,3686,TRUE,TRUE,TRUE
2025-10-22,"English (American)","WG","WG",395411,3377,13,"production",23,3686,TRUE,TRUE,TRUE
2025-10-22,"English (American)","WG","WG",395412,3378,13,"production",4,3686,TRUE,TRUE,TRUE
2025-10-22,"English (American)","WG","WG",395413,3379,13,"production",1,3686,TRUE,TRUE,TRUE
2025-10-22,"English (American)","WG","WG",395414,3380,13,"production",11,3686,TRUE,TRUE,TRUE
2025-10-22,"English (American)","WG","WG",395415,3381,13,"production",15,3686,TRUE,TRUE,TRUE
2025-10-22,"English (American)","WG","WG",395416,3382,13,"production",16,3686,TRUE,TRUE,TRUE
2025-10-22,"English (American)","WG","WG",395417,3383,13,"production",1,3686,TRUE,TRUE,TRUE
2025-10-22,"English (American)","WG","WG",395418,3384,13,"production",0,3686,TRUE,TRUE,TRUE
2025-10-22,"English (American)","WG","WG",395419,3385,13,"production",7,3686,TRUE,TRUE,TRUE
2025-10-22,"English (American)","WG","WG",395420,3386,13,"production",11,3686,TRUE,TRUE,TRUE
2025-10-22,"English (American)","WG","WG",395421,3387,13,"production",53,3686,TRUE,TRUE,TRUE
2025-10-22,"English (American)","WG","WG",395422,3388,13,"production",3,3686,TRUE,TRUE,TRUE
2025-10-22,"English (American)","WG","WG",395423,3389,13,"production",56,3686,TRUE,TRUE,TRUE
2025-10-22,"English (American)","WG","WG",395424,3390,13,"production",18,3686,TRUE,TRUE,TRUE
2025-10-22,"English (American)","WG","WG",395425,3391,13,"production",44,3686,TRUE,TRUE,TRUE
2025-10-22,"English (American)","WG","WG",395426,3392,13,"production",3,3686,TRUE,TRUE,TRUE
2025-10-22,"English (American)","WG","WG",395427,3393,13,"production",3,3686,TRUE,TRUE,TRUE
2025-10-22,"English (American)","WG","WG",395428,3394,13,"production",8,3686,TRUE,TRUE,TRUE
2025-10-22,"English (American)","WG","WG",395429,3395,13,"production",16,3686,TRUE,TRUE,TRUE
2025-10-22,"English (American)","WG","WG",395430,3396,13,"production",13,3686,TRUE,TRUE,TRUE
2025-10-22,"English (American)","WG","WG",395431,3397,13,"production",4,3686,TRUE,TRUE,TRUE
2025-10-22,"English (American)","WG","WG",395432,3398,13,"production",55,3686,TRUE,TRUE,TRUE
2025-10-22,"English (American)","WG","WG",395433,3399,13,"production",8,3686,TRUE,TRUE,TRUE
2025-10-22,"English (American)","WG","WG",395434,3400,13,"production",7,3686,TRUE,TRUE,TRUE
2025-10-22,"English (American)","WG","WG",395435,3401,13,"production",6,3686,TRUE,TRUE,TRUE
2025-10-22,"English (American)","WG","WG",395436,3402,13,"production",5,3686,TRUE,TRUE,TRUE
2025-10-22,"English (American)","WG","WG",395437,3403,13,"production",8,3686,TRUE,TRUE,TRUE
2025-10-22,"English (American)","WG","WG",395438,3404,13,"production",3,3686,TRUE,TRUE,TRUE
2025-10-22,"English (American)","WG","WG",395439,3405,13,"production",1,3686,TRUE,TRUE,TRUE
2025-10-22,"English (American)","WG","WG",395440,3406,13,"production",3,3686,TRUE,TRUE,TRUE
2025-10-22,"English (American)","WG","WG",395441,3407,13,"production",28,3686,TRUE,TRUE,TRUE
2025-10-22,"English (American)","WG","WG",395442,3408,13,"production",11,3686,TRUE,TRUE,TRUE
2025-10-22,"English (American)","WG","WG",395443,3409,13,"production",3,3686,TRUE,TRUE,TRUE
2025-10-22,"English (American)","WG","WG",395444,3410,13,"production",19,3686,TRUE,TRUE,TRUE
2025-10-22,"English (American)","WG","WG",395445,3412,13,"production",14,3686,TRUE,TRUE,TRUE
2025-10-22,"English (American)","WG","WG",395446,3413,13,"production",4,3686,TRUE,TRUE,TRUE
2025-10-22,"English (American)","WG","WG",395447,3414,13,"production",4,3686,TRUE,TRUE,TRUE
2025-10-22,"English (American)","WG","WG",395448,3415,13,"production",4,3686,TRUE,TRUE,TRUE
2025-10-22,"English (American)","WG","WG",395449,3416,13,"production",36,3686,TRUE,TRUE,TRUE
2025-10-22,"English (American)","WG","WG",395450,3417,13,"production",20,3686,TRUE,TRUE,TRUE
2025-10-22,"English (American)","WG","WG",395451,3418,13,"production",3,3686,TRUE,TRUE,TRUE
2025-10-22,"English (American)","WG","WG",395452,3419,13,"production",4,3686,TRUE,TRUE,TRUE
2025-10-22,"English (American)","WG","WG",395453,3420,13,"production",40,3686,TRUE,TRUE,TRUE
2025-10-22,"English (American)","WG","WG",395454,3421,13,"production",7,3686,TRUE,TRUE,TRUE
2025-10-22,"English (American)","WG","WG",395455,3422,13,"production",15,3686,TRUE,TRUE,TRUE
2025-10-22,"English (American)","WG","WG",395456,3423,13,"production",8,3686,TRUE,TRUE,TRUE
2025-10-22,"English (American)","WG","WG",395457,3424,13,"production",13,3686,TRUE,TRUE,TRUE
2025-10-22,"English (American)","WG","WG",395459,3426,13,"production",22,3686,TRUE,TRUE,TRUE
2025-10-22,"English (American)","WG","WG",395460,3427,13,"production",15,3686,TRUE,TRUE,TRUE
2025-10-22,"English (American)","WG","WG",395461,3428,13,"production",0,3686,TRUE,TRUE,TRUE
2025-10-22,"English (American)","WG","WG",395462,3429,13,"production",15,3686,TRUE,TRUE,TRUE
2025-10-22,"English (American)","WG","WG",395463,3430,13,"production",16,3686,TRUE,TRUE,TRUE
2025-10-22,"English (American)","WG","WG",395464,3431,13,"production",5,3686,TRUE,TRUE,TRUE
2025-10-22,"English (American)","WG","WG",395465,3432,13,"production",11,3686,TRUE,TRUE,TRUE
2025-10-22,"English (American)","WG","WG",395466,3433,13,"production",1,3686,TRUE,TRUE,TRUE
2025-10-22,"English (American)","WG","WG",395467,3434,13,"production",12,3686,TRUE,TRUE,TRUE
2025-10-22,"English (American)","WG","WG",395468,3435,13,"production",10,3686,TRUE,TRUE,TRUE
2025-10-22,"English (American)","WG","WG",395469,3436,13,"production",14,3686,TRUE,TRUE,TRUE
2025-10-22,"English (American)","WG","WG",395470,3437,13,"production",22,3686,TRUE,TRUE,TRUE
2025-10-22,"English (American)","WG","WG",395471,3438,13,"production",1,3686,TRUE,TRUE,TRUE
2025-10-22,"English (American)","WG","WG",395472,3439,13,"production",28,3686,TRUE,TRUE,TRUE
2025-10-22,"English (American)","WG","WG",395473,3440,13,"production",19,3686,TRUE,TRUE,TRUE
2025-10-22,"English (American)","WG","WG",395474,3441,13,"production",16,3686,TRUE,TRUE,TRUE
2025-10-22,"English (American)","WG","WG",395475,3442,13,"production",9,3686,TRUE,TRUE,TRUE
2025-10-22,"English (American)","WG","WG",395476,3443,13,"production",35,3686,TRUE,TRUE,TRUE
2025-10-22,"English (American)","WG","WG",395477,3444,13,"production",0,3686,TRUE,TRUE,TRUE
2025-10-22,"English (American)","WG","WG",395478,3445,13,"production",6,3686,TRUE,TRUE,TRUE
2025-10-22,"English (American)","WG","WG",395479,3446,13,"production",5,3686,TRUE,TRUE,TRUE
2025-10-22,"English (American)","WG","WG",395480,3447,13,"production",6,3686,TRUE,TRUE,TRUE
2025-10-22,"English (American)","WG","WG",395482,3449,13,"production",4,3686,TRUE,TRUE,TRUE
2025-10-22,"English (American)","WG","WG",395483,3450,13,"production",1,3686,TRUE,TRUE,TRUE
2025-10-22,"English (American)","WG","WG",395484,3451,13,"production",8,3686,TRUE,TRUE,TRUE
2025-10-22,"English (American)","WG","WG",395485,3452,13,"production",1,3686,TRUE,TRUE,TRUE
2025-10-22,"English (American)","WG","WG",395486,3453,13,"production",14,3686,TRUE,TRUE,TRUE
2025-10-22,"English (American)","WG","WG",395487,3454,13,"production",11,3686,TRUE,TRUE,TRUE
2025-10-22,"English (American)","WG","WG",395488,3455,13,"production",6,3686,TRUE,TRUE,TRUE
2025-10-22,"English (American)","WG","WG",395489,3456,13,"production",15,3686,TRUE,TRUE,TRUE
2025-10-22,"English (American)","WG","WG",395490,3457,13,"production",16,3686,TRUE,TRUE,TRUE
2025-10-22,"English (American)","WG","WG",395491,3458,13,"production",12,3686,TRUE,TRUE,TRUE
2025-10-22,"English (American)","WG","WG",395492,3459,13,"production",1,3686,TRUE,TRUE,TRUE
2025-10-22,"English (American)","WG","WG",395493,3460,13,"production",6,3686,TRUE,TRUE,TRUE
2025-10-22,"English (American)","WG","WG",395494,3461,13,"production",41,3686,TRUE,TRUE,TRUE
2025-10-22,"English (American)","WG","WG",395495,3462,13,"production",19,3686,TRUE,TRUE,TRUE
2025-10-22,"English (American)","WG","WG",395496,3463,13,"production",84,3686,TRUE,TRUE,TRUE
2025-10-22,"English (American)","WG","WG",395497,3464,13,"production",16,3686,TRUE,TRUE,TRUE
2025-10-22,"English (American)","WG","WG",395498,3465,13,"production",10,3686,TRUE,TRUE,TRUE
2025-10-22,"English (American)","WG","WG",395499,3466,13,"production",5,3686,TRUE,TRUE,TRUE
2025-10-22,"English (American)","WG","WG",395500,3467,13,"production",12,3686,TRUE,TRUE,TRUE
2025-10-22,"English (American)","WG","WG",395501,3468,13,"production",28,3686,TRUE,TRUE,TRUE
2025-10-22,"English (American)","WG","WG",395502,3469,13,"production",4,3686,TRUE,TRUE,TRUE
2025-10-22,"English (American)","WG","WG",395503,3470,13,"production",35,3686,TRUE,TRUE,TRUE
2025-10-22,"English (American)","WG","WG",395504,3471,13,"production",15,3686,TRUE,TRUE,TRUE
2025-10-22,"English (American)","WG","WG",395505,3472,13,"production",31,3686,TRUE,TRUE,TRUE
2025-10-22,"English (American)","WG","WG",395506,3473,13,"production",14,3686,TRUE,TRUE,TRUE
2025-10-22,"English (American)","WG","WG",395507,3474,13,"production",2,3686,TRUE,TRUE,TRUE
2025-10-22,"English (American)","WG","WG",395508,3475,13,"production",24,3686,TRUE,TRUE,TRUE
2025-10-22,"English (American)","WG","WG",395509,3476,13,"production",1,3686,TRUE,TRUE,TRUE
2025-10-22,"English (American)","WG","WG",395510,3477,13,"production",2,3686,TRUE,TRUE,TRUE
2025-10-22,"English (American)","WG","WG",395511,3478,13,"production",10,3686,TRUE,TRUE,TRUE
2025-10-22,"English (American)","WG","WG",395512,3479,13,"production",31,3686,TRUE,TRUE,TRUE
2025-10-22,"English (American)","WG","WG",395513,3480,13,"production",1,3686,TRUE,TRUE,TRUE
2025-10-22,"English (American)","WG","WG",395514,3481,13,"production",13,3686,TRUE,TRUE,TRUE
2025-10-22,"English (American)","WG","WG",395515,3482,13,"production",11,3686,TRUE,TRUE,TRUE
2025-10-22,"English (American)","WG","WG",395516,3483,13,"production",24,3686,TRUE,TRUE,TRUE
2025-10-22,"English (American)","WG","WG",395517,3484,13,"production",32,3686,TRUE,TRUE,TRUE
2025-10-22,"English (American)","WG","WG",395518,3485,13,"production",6,3686,TRUE,TRUE,TRUE
2025-10-22,"English (American)","WG","WG",395519,3486,13,"production",25,3686,TRUE,TRUE,TRUE
2025-10-22,"English (American)","WG","WG",395520,3487,13,"production",28,3686,TRUE,TRUE,TRUE
2025-10-22,"English (American)","WG","WG",395521,3488,13,"production",58,3686,TRUE,TRUE,TRUE
2025-10-22,"English (American)","WG","WG",395522,3489,13,"production",7,3686,TRUE,TRUE,TRUE
2025-10-22,"English (American)","WG","WG",395523,3490,13,"production",3,3686,TRUE,TRUE,TRUE
2025-10-22,"English (American)","WG","WG",395524,3491,13,"production",33,3686,TRUE,TRUE,TRUE
2025-10-22,"English (American)","WG","WG",395525,3492,13,"production",80,3686,TRUE,TRUE,TRUE
2025-10-22,"English (American)","WG","WG",395526,3493,13,"production",114,3686,TRUE,TRUE,TRUE
2025-10-22,"English (American)","WG","WG",395528,3495,13,"production",4,3686,TRUE,TRUE,TRUE
2025-10-22,"English (American)","WG","WG",395529,3496,13,"production",0,3686,TRUE,TRUE,TRUE
2025-10-22,"English (American)","WG","WG",395530,3497,13,"production",30,3686,TRUE,TRUE,TRUE
2025-10-22,"English (American)","WG","WG",395531,3498,13,"production",3,3686,TRUE,TRUE,TRUE
2025-10-22,"English (American)","WG","WG",395533,3500,13,"production",3,3686,TRUE,TRUE,TRUE
2025-10-22,"English (American)","WG","WG",395534,3502,13,"production",5,3686,TRUE,TRUE,TRUE
2025-10-22,"English (American)","WG","WG",395535,3503,13,"production",11,3686,TRUE,TRUE,TRUE
2025-10-22,"English (American)","WG","WG",395536,3504,13,"production",3,3686,TRUE,TRUE,TRUE
2025-10-22,"English (American)","WG","WG",395537,3505,13,"production",0,3686,TRUE,TRUE,TRUE
2025-10-22,"English (American)","WG","WG",395538,3506,13,"production",2,3686,TRUE,TRUE,TRUE
2025-10-22,"English (American)","WG","WG",395539,3507,13,"production",2,3686,TRUE,TRUE,TRUE
2025-10-22,"English (American)","WG","WG",395540,3508,13,"production",55,3686,TRUE,TRUE,TRUE
2025-10-22,"English (American)","WG","WG",395541,3509,13,"production",5,3686,TRUE,TRUE,TRUE
2025-10-22,"English (American)","WG","WG",395542,3511,13,"production",17,3686,TRUE,TRUE,TRUE
2025-10-22,"English (American)","WG","WG",395543,3512,13,"production",51,3686,TRUE,TRUE,TRUE
2025-10-22,"English (American)","WG","WG",395544,3513,13,"production",18,3686,TRUE,TRUE,TRUE
2025-10-22,"English (American)","WG","WG",395545,3514,13,"production",33,3686,TRUE,TRUE,TRUE
2025-10-22,"English (American)","WG","WG",395546,3515,13,"production",12,3686,TRUE,TRUE,TRUE
2025-10-22,"English (American)","WG","WG",395547,3516,13,"production",27,3686,TRUE,TRUE,TRUE
2025-10-22,"English (American)","WG","WG",395548,3517,13,"production",36,3686,TRUE,TRUE,TRUE
2025-10-22,"English (American)","WG","WG",395549,3518,13,"production",33,3686,TRUE,TRUE,TRUE
2025-10-22,"English (American)","WG","WG",395550,3519,13,"production",57,3686,TRUE,TRUE,TRUE
2025-10-22,"English (American)","WG","WG",395551,3521,13,"production",7,3686,TRUE,TRUE,TRUE
2025-10-22,"English (American)","WG","WG",395552,3522,13,"production",0,3686,TRUE,TRUE,TRUE
2025-10-22,"English (American)","WG","WG",395553,3523,13,"production",6,3686,TRUE,TRUE,TRUE
2025-10-22,"English (American)","WG","WG",395554,3524,13,"production",4,3686,TRUE,TRUE,TRUE
2025-10-22,"English (American)","WG","WG",395555,3525,13,"production",4,3686,TRUE,TRUE,TRUE
2025-10-22,"English (American)","WG","WG",395556,3526,13,"production",12,3686,TRUE,TRUE,TRUE
2025-10-22,"English (American)","WG","WG",395557,3527,13,"production",69,3686,TRUE,TRUE,TRUE
2025-10-22,"English (American)","WG","WG",395558,3528,13,"production",12,3686,TRUE,TRUE,TRUE
2025-10-22,"English (American)","WG","WG",395559,3529,13,"production",13,3686,TRUE,TRUE,TRUE
2025-10-22,"English (American)","WG","WG",395560,3530,13,"production",4,3686,TRUE,TRUE,TRUE
2025-10-22,"English (American)","WG","WG",395561,3531,13,"production",3,3686,TRUE,TRUE,TRUE
2025-10-22,"English (American)","WG","WG",395562,3532,13,"production",8,3686,TRUE,TRUE,TRUE
2025-10-22,"English (American)","WG","WG",395563,3533,13,"production",2,3686,TRUE,TRUE,TRUE
2025-10-22,"English (American)","WG","WG",395564,3534,13,"production",10,3686,TRUE,TRUE,TRUE
2025-10-22,"English (American)","WG","WG",395565,3535,13,"production",13,3686,TRUE,TRUE,TRUE
2025-10-22,"English (American)","WG","WG",395566,3536,13,"production",1,3686,TRUE,TRUE,TRUE
2025-10-22,"English (American)","WG","WG",395567,3537,13,"production",96,3686,TRUE,TRUE,TRUE
2025-10-22,"English (American)","WG","WG",395568,3538,13,"production",11,3686,TRUE,TRUE,TRUE
2025-10-22,"English (American)","WG","WG",395569,3540,13,"production",6,3686,TRUE,TRUE,TRUE
2025-10-22,"English (American)","WG","WG",395570,3541,13,"production",13,3686,TRUE,TRUE,TRUE
2025-10-22,"English (American)","WG","WG",395571,3542,13,"production",7,3686,TRUE,TRUE,TRUE
2025-10-22,"English (American)","WG","WG",395572,3543,13,"production",10,3686,TRUE,TRUE,TRUE
2025-10-22,"English (American)","WG","WG",395573,3544,13,"production",16,3686,TRUE,TRUE,TRUE
2025-10-22,"English (American)","WG","WG",395574,3545,13,"production",3,3686,TRUE,TRUE,TRUE
2025-10-22,"English (American)","WG","WG",395575,3546,13,"production",7,3686,TRUE,TRUE,TRUE
2025-10-22,"English (American)","WG","WG",395576,3547,13,"production",36,3686,TRUE,TRUE,TRUE
2025-10-22,"English (American)","WG","WG",395577,3548,13,"production",1,3686,TRUE,TRUE,TRUE
2025-10-22,"English (American)","WG","WG",395578,3549,13,"production",25,3686,TRUE,TRUE,TRUE
2025-10-22,"English (American)","WG","WG",395579,3550,13,"production",3,3686,TRUE,TRUE,TRUE
2025-10-22,"English (American)","WG","WG",395580,3551,13,"production",15,3686,TRUE,TRUE,TRUE
2025-10-22,"English (American)","WG","WG",395581,3552,13,"production",27,3686,TRUE,TRUE,TRUE
2025-10-22,"English (American)","WG","WG",395582,3553,13,"production",42,3686,TRUE,TRUE,TRUE
2025-10-22,"English (American)","WG","WG",395583,3554,13,"production",0,3686,TRUE,TRUE,TRUE
2025-10-22,"English (American)","WG","WG",395584,3555,13,"production",10,3686,TRUE,TRUE,TRUE
2025-10-22,"English (American)","WG","WG",395585,3556,13,"production",22,3686,TRUE,TRUE,TRUE
2025-10-22,"English (American)","WG","WG",395586,3557,13,"production",1,3686,TRUE,TRUE,TRUE
2025-10-22,"English (American)","WG","WG",395587,3558,13,"production",3,3686,TRUE,TRUE,TRUE
2025-10-22,"English (American)","WG","WG",395588,3559,13,"production",3,3686,TRUE,TRUE,TRUE
2025-10-22,"English (American)","WG","WG",395589,3560,13,"production",3,3686,TRUE,TRUE,TRUE
2025-10-22,"English (American)","WG","WG",395590,3561,13,"production",21,3686,TRUE,TRUE,TRUE
2025-10-22,"English (American)","WG","WG",395591,3562,13,"production",8,3686,TRUE,TRUE,TRUE
2025-10-22,"English (American)","WG","WG",395592,3563,13,"production",12,3686,TRUE,TRUE,TRUE
2025-10-22,"English (American)","WG","WG",395593,3564,13,"production",15,3686,TRUE,TRUE,TRUE
2025-10-22,"English (American)","WG","WG",395594,3565,13,"production",36,3686,TRUE,TRUE,TRUE
2025-10-22,"English (American)","WG","WG",395595,3566,13,"production",20,3686,TRUE,TRUE,TRUE
2025-10-22,"English (American)","WG","WG",395596,3567,13,"production",7,3686,TRUE,TRUE,TRUE
2025-10-22,"English (American)","WG","WG",395597,3568,13,"production",35,3686,TRUE,TRUE,TRUE
2025-10-22,"English (American)","WG","WG",395598,3569,13,"production",45,3686,TRUE,TRUE,TRUE
2025-10-22,"English (American)","WG","WG",395599,3570,13,"production",0,3686,TRUE,TRUE,TRUE
2025-10-22,"English (American)","WG","WG",395600,3571,13,"production",1,3686,TRUE,TRUE,TRUE
2025-10-22,"English (American)","WG","WG",395601,3572,13,"production",4,3686,TRUE,TRUE,TRUE
2025-10-22,"English (American)","WG","WG",395602,3573,13,"production",7,3686,TRUE,TRUE,TRUE
2025-10-22,"English (American)","WG","WG",395603,3574,13,"production",11,3686,TRUE,TRUE,TRUE
2025-10-22,"English (American)","WG","WG",395604,3575,13,"production",10,3686,TRUE,TRUE,TRUE
2025-10-22,"English (American)","WG","WG",395605,3576,13,"production",0,3686,TRUE,TRUE,TRUE
2025-10-22,"English (American)","WG","WG",395606,3577,13,"production",22,3686,TRUE,TRUE,TRUE
2025-10-22,"English (American)","WG","WG",395607,3578,13,"production",5,3686,TRUE,TRUE,TRUE
2025-10-22,"English (American)","WG","WG",395608,3579,13,"production",4,3686,TRUE,TRUE,TRUE
2025-10-22,"English (American)","WG","WG",395609,3580,13,"production",0,3686,TRUE,TRUE,TRUE
2025-10-22,"English (American)","WG","WG",395610,3581,13,"production",1,3686,TRUE,TRUE,TRUE
2025-10-22,"English (American)","WG","WG",395611,3582,13,"production",5,3686,TRUE,TRUE,TRUE
2025-10-22,"English (American)","WG","WG",395612,3583,13,"production",164,3686,TRUE,TRUE,TRUE
2025-10-22,"English (American)","WG","WG",395613,3584,13,"production",27,3686,TRUE,TRUE,TRUE
2025-10-22,"English (American)","WG","WG",395614,3585,13,"production",7,3686,TRUE,TRUE,TRUE
2025-10-22,"English (American)","WG","WG",395615,3586,13,"production",5,3686,TRUE,TRUE,TRUE
2025-10-22,"English (American)","WG","WG",395616,3587,13,"production",23,3686,TRUE,TRUE,TRUE
2025-10-22,"English (American)","WG","WG",395617,3588,13,"production",8,3686,TRUE,TRUE,TRUE
2025-10-22,"English (American)","WG","WG",395618,3589,13,"production",19,3686,TRUE,TRUE,TRUE
2025-10-22,"English (American)","WG","WG",395619,3590,13,"production",20,3686,TRUE,TRUE,TRUE
2025-10-22,"English (American)","WG","WG",395620,3591,13,"production",27,3686,TRUE,TRUE,TRUE
2025-10-22,"English (American)","WG","WG",395621,3592,13,"production",14,3686,TRUE,TRUE,TRUE
2025-10-22,"English (American)","WG","WG",395622,3593,13,"production",34,3686,TRUE,TRUE,TRUE
2025-10-22,"English (American)","WG","WG",395623,3594,13,"production",4,3686,TRUE,TRUE,TRUE
2025-10-22,"English (American)","WG","WG",395624,3595,13,"production",20,3686,TRUE,TRUE,TRUE
2025-10-22,"English (American)","WG","WG",395625,3596,13,"production",8,3686,TRUE,TRUE,TRUE
2025-10-22,"English (American)","WG","WG",395626,3597,13,"production",12,3686,TRUE,TRUE,TRUE
2025-10-22,"English (American)","WG","WG",395627,3598,13,"production",38,3686,TRUE,TRUE,TRUE
2025-10-22,"English (American)","WG","WG",395628,3599,13,"production",12,3686,TRUE,TRUE,TRUE
2025-10-22,"English (American)","WG","WG",395629,3600,13,"production",24,3686,TRUE,TRUE,TRUE
2025-10-22,"English (American)","WG","WG",395630,3601,13,"production",5,3686,TRUE,TRUE,TRUE
2025-10-22,"English (American)","WG","WG",395631,3602,13,"production",13,3686,TRUE,TRUE,TRUE
2025-10-22,"English (American)","WG","WG",395632,3603,13,"production",15,3686,TRUE,TRUE,TRUE
2025-10-22,"English (American)","WG","WG",395633,3604,13,"production",19,3686,TRUE,TRUE,TRUE
2025-10-22,"English (American)","WG","WG",395634,3605,13,"production",0,3686,TRUE,TRUE,TRUE
2025-10-22,"English (American)","WG","WG",395635,3606,13,"production",28,3686,TRUE,TRUE,TRUE
2025-10-22,"English (American)","WG","WG",395636,3607,13,"production",14,3686,TRUE,TRUE,TRUE
2025-10-22,"English (American)","WG","WG",395637,3608,13,"production",13,3686,TRUE,TRUE,TRUE
2025-10-22,"English (American)","WG","WG",395638,3609,13,"production",13,3686,TRUE,TRUE,TRUE
2025-10-22,"English (American)","WG","WG",395639,3610,13,"production",1,3686,TRUE,TRUE,TRUE
2025-10-22,"English (American)","WG","WG",395640,3611,13,"production",4,3686,TRUE,TRUE,TRUE
2025-10-22,"English (American)","WG","WG",395641,3612,13,"production",17,3686,TRUE,TRUE,TRUE
2025-10-22,"English (American)","WG","WG",395642,3613,13,"production",20,3686,TRUE,TRUE,TRUE
2025-10-22,"English (American)","WG","WG",395643,3614,13,"production",13,3686,TRUE,TRUE,TRUE
2025-10-22,"English (American)","WG","WG",395644,3615,13,"production",13,3686,TRUE,TRUE,TRUE
2025-10-22,"English (American)","WG","WG",395645,3616,13,"production",1,3686,TRUE,TRUE,TRUE
2025-10-22,"English (American)","WG","WG",395646,3617,13,"production",34,3686,TRUE,TRUE,TRUE
2025-10-22,"English (American)","WG","WG",395647,3618,13,"production",18,3686,TRUE,TRUE,TRUE
2025-10-22,"English (American)","WG","WG",395648,3619,13,"production",14,3686,TRUE,TRUE,TRUE
2025-10-22,"English (American)","WG","WG",395649,3620,13,"production",29,3686,TRUE,TRUE,TRUE
2025-10-22,"English (American)","WG","WG",395650,3621,13,"production",16,3686,TRUE,TRUE,TRUE
2025-10-22,"English (American)","WG","WG",395651,3622,13,"production",10,3686,TRUE,TRUE,TRUE
2025-10-22,"English (American)","WG","WG",395652,3623,13,"production",4,3686,TRUE,TRUE,TRUE
2025-10-22,"English (American)","WG","WG",395653,3624,13,"production",4,3686,TRUE,TRUE,TRUE
2025-10-22,"English (American)","WG","WG",395654,3625,13,"production",19,3686,TRUE,TRUE,TRUE
2025-10-22,"English (American)","WG","WG",395655,3626,13,"production",41,3686,TRUE,TRUE,TRUE
2025-10-22,"English (American)","WG","WG",395656,3627,13,"production",5,3686,TRUE,TRUE,TRUE
2025-10-22,"English (American)","WG","WG",395657,3628,13,"production",20,3686,TRUE,TRUE,TRUE
2025-10-22,"English (American)","WG","WG",395658,3629,13,"production",0,3686,TRUE,TRUE,TRUE
2025-10-22,"English (American)","WG","WG",395659,3630,13,"production",8,3686,TRUE,TRUE,TRUE
2025-10-22,"English (American)","WG","WG",395660,3631,13,"production",38,3686,TRUE,TRUE,TRUE
2025-10-22,"English (American)","WG","WG",395661,3632,13,"production",18,3686,TRUE,TRUE,TRUE
2025-10-22,"English (American)","WG","WG",395662,3633,13,"production",28,3686,TRUE,TRUE,TRUE
2025-10-22,"English (American)","WG","WG",395663,3634,13,"production",21,3686,TRUE,TRUE,TRUE
2025-10-22,"English (American)","WG","WG",395664,3635,13,"production",7,3686,TRUE,TRUE,TRUE
2025-10-22,"English (American)","WG","WG",395665,3636,13,"production",3,3686,TRUE,TRUE,TRUE
2025-10-22,"English (American)","WG","WG",395666,3637,13,"production",49,3686,TRUE,TRUE,TRUE
2025-10-22,"English (American)","WG","WG",395667,3638,13,"production",35,3686,TRUE,TRUE,TRUE
2025-10-22,"English (American)","WG","WG",395668,3639,13,"production",28,3686,TRUE,TRUE,TRUE
2025-10-22,"English (American)","WG","WG",395669,3640,13,"production",0,3686,TRUE,TRUE,TRUE
2025-10-22,"English (American)","WG","WG",395670,3641,13,"production",19,3686,TRUE,TRUE,TRUE
2025-10-22,"English (American)","WG","WG",395671,3642,13,"production",5,3686,TRUE,TRUE,TRUE
2025-10-22,"English (American)","WG","WG",395672,3643,13,"production",3,3686,TRUE,TRUE,TRUE
2025-10-22,"English (American)","WG","WG",395673,3644,13,"production",8,3686,TRUE,TRUE,TRUE
2025-10-22,"English (American)","WG","WG",395674,3645,13,"production",12,3686,TRUE,TRUE,TRUE
2025-10-22,"English (American)","WG","WG",395675,3646,13,"production",5,3686,TRUE,TRUE,TRUE
2025-10-22,"English (American)","WG","WG",395676,3647,13,"production",4,3686,TRUE,TRUE,TRUE
2025-10-22,"English (American)","WG","WG",395677,3648,13,"production",4,3686,TRUE,TRUE,TRUE
2025-10-22,"English (American)","WG","WG",395678,3649,13,"production",17,3686,TRUE,TRUE,TRUE
2025-10-22,"English (American)","WG","WG",395679,3650,13,"production",18,3686,TRUE,TRUE,TRUE
2025-10-22,"English (American)","WG","WG",395680,3651,13,"production",22,3686,TRUE,TRUE,TRUE
2025-10-22,"English (American)","WG","WG",395681,3652,13,"production",2,3686,TRUE,TRUE,TRUE
2025-10-22,"English (American)","WG","WG",395682,3653,13,"production",9,3686,TRUE,TRUE,TRUE
2025-10-22,"English (American)","WG","WG",395683,3654,13,"production",22,3686,TRUE,TRUE,TRUE
2025-10-22,"English (American)","WG","WG",395684,3655,13,"production",34,3686,TRUE,TRUE,TRUE
2025-10-22,"English (American)","WG","WG",395685,3656,13,"production",5,3686,TRUE,TRUE,TRUE
2025-10-22,"English (American)","WG","WG",395686,3657,13,"production",24,3686,TRUE,TRUE,TRUE
2025-10-22,"English (American)","WG","WG",395687,3658,13,"production",0,3686,TRUE,TRUE,TRUE
2025-10-22,"English (American)","WG","WG",395688,3659,13,"production",17,3686,TRUE,TRUE,TRUE
2025-10-22,"English (American)","WG","WG",395689,3660,13,"production",45,3686,TRUE,TRUE,TRUE
2025-10-22,"English (American)","WG","WG",395690,3661,13,"production",12,3686,TRUE,TRUE,TRUE
2025-10-22,"English (American)","WG","WG",395691,3662,13,"production",68,3686,TRUE,TRUE,TRUE
2025-10-22,"English (American)","WG","WG",395692,3663,13,"production",26,3686,TRUE,TRUE,TRUE
2025-10-22,"English (American)","WG","WG",395693,3664,13,"production",15,3686,TRUE,TRUE,TRUE
2025-10-22,"English (American)","WG","WG",395694,3665,13,"production",10,3686,TRUE,TRUE,TRUE
2025-10-22,"English (American)","WG","WG",395695,3666,13,"production",1,3686,TRUE,TRUE,TRUE
2025-10-22,"English (American)","WG","WG",395696,3667,13,"production",16,3686,TRUE,TRUE,TRUE
2025-10-22,"English (American)","WG","WG",395697,3668,13,"production",43,3686,TRUE,TRUE,TRUE
2025-10-22,"English (American)","WG","WG",395698,3669,13,"production",7,3686,TRUE,TRUE,TRUE
2025-10-22,"English (American)","WG","WG",395699,3670,13,"production",2,3686,TRUE,TRUE,TRUE
2025-10-22,"English (American)","WG","WG",395700,3671,13,"production",7,3686,TRUE,TRUE,TRUE
2025-10-22,"English (American)","WG","WG",395701,3672,13,"production",31,3686,TRUE,TRUE,TRUE
2025-10-22,"English (American)","WG","WG",395702,3673,13,"production",5,3686,TRUE,TRUE,TRUE
2025-10-22,"English (American)","WG","WG",395703,3674,13,"production",7,3686,TRUE,TRUE,TRUE
2025-10-22,"English (American)","WG","WG",395704,3675,13,"production",2,3686,TRUE,TRUE,TRUE
2025-10-22,"English (American)","WG","WG",395705,3676,13,"production",13,3686,TRUE,TRUE,TRUE
2025-10-22,"English (American)","WG","WG",395706,3677,13,"production",5,3686,TRUE,TRUE,TRUE
2025-10-22,"English (American)","WG","WG",395707,3678,13,"production",27,3686,TRUE,TRUE,TRUE
2025-10-22,"English (American)","WG","WG",395708,3679,13,"production",0,3686,TRUE,TRUE,TRUE
2025-10-22,"English (American)","WG","WG",395709,3680,13,"production",18,3686,TRUE,TRUE,TRUE
2025-10-22,"English (American)","WG","WG",395710,3681,13,"production",4,3686,TRUE,TRUE,TRUE
2025-10-22,"English (American)","WG","WG",395711,3682,13,"production",26,3686,TRUE,TRUE,TRUE
2025-10-22,"English (American)","WG","WG",395712,3683,13,"production",22,3686,TRUE,TRUE,TRUE
2025-10-22,"English (American)","WG","WG",395713,3684,13,"production",1,3686,TRUE,TRUE,TRUE
2025-10-22,"English (American)","WG","WG",395714,3685,13,"production",18,3686,TRUE,TRUE,TRUE
2025-10-22,"English (American)","WG","WG",395715,3686,13,"production",10,3686,TRUE,TRUE,TRUE
2025-10-22,"English (American)","WG","WG",395716,3687,13,"production",28,3686,TRUE,TRUE,TRUE
2025-10-22,"English (American)","WG","WG",395717,3688,13,"production",20,3686,TRUE,TRUE,TRUE
2025-10-22,"English (American)","WG","WG",395718,3689,13,"production",7,3686,TRUE,TRUE,TRUE
2025-10-22,"English (American)","WG","WG",395719,3690,13,"production",2,3686,TRUE,TRUE,TRUE
2025-10-22,"English (American)","WG","WG",395720,3691,13,"production",9,3686,TRUE,TRUE,TRUE
2025-10-22,"English (American)","WG","WG",395721,3692,13,"production",3,3686,TRUE,TRUE,TRUE
2025-10-22,"English (American)","WG","WG",395722,3693,13,"production",4,3686,TRUE,TRUE,TRUE
2025-10-22,"English (American)","WG","WG",395723,3694,13,"production",17,3686,TRUE,TRUE,TRUE
2025-10-22,"English (American)","WG","WG",395724,3695,13,"production",17,3686,TRUE,TRUE,TRUE
2025-10-22,"English (American)","WG","WG",395725,3696,13,"production",0,3686,TRUE,TRUE,TRUE
2025-10-22,"English (American)","WG","WG",395726,3697,13,"production",8,3686,TRUE,TRUE,TRUE
2025-10-22,"English (American)","WG","WG",395727,3698,13,"production",5,3686,TRUE,TRUE,TRUE
2025-10-22,"English (American)","WG","WG",395728,3699,13,"production",22,3686,TRUE,TRUE,TRUE
2025-10-22,"English (American)","WG","WG",395729,3700,13,"production",21,3686,TRUE,TRUE,TRUE
2025-10-22,"English (American)","WG","WG",395730,3701,13,"production",0,3686,TRUE,TRUE,TRUE
2025-10-22,"English (American)","WG","WG",395731,3702,13,"production",4,3686,TRUE,TRUE,TRUE
2025-10-22,"English (American)","WG","WG",395732,3703,13,"production",3,3686,TRUE,TRUE,TRUE
2025-10-22,"English (American)","WG","WG",395733,3704,13,"production",0,3686,TRUE,TRUE,TRUE
2025-10-22,"English (American)","WG","WG",395734,3705,13,"production",14,3686,TRUE,TRUE,TRUE
2025-10-22,"English (American)","WG","WG",395735,3706,13,"production",18,3686,TRUE,TRUE,TRUE
2025-10-22,"English (American)","WG","WG",395736,3707,13,"production",31,3686,TRUE,TRUE,TRUE
2025-10-22,"English (American)","WG","WG",395737,3708,13,"production",79,3686,TRUE,TRUE,TRUE
2025-10-22,"English (American)","WG","WG",395738,3709,13,"production",9,3686,TRUE,TRUE,TRUE
2025-10-22,"English (American)","WG","WG",395739,3710,13,"production",10,3686,TRUE,TRUE,TRUE
2025-10-22,"English (American)","WG","WG",395740,3711,13,"production",43,3686,TRUE,TRUE,TRUE
2025-10-22,"English (American)","WG","WG",395741,3712,13,"production",3,3686,TRUE,TRUE,TRUE
2025-10-22,"English (American)","WG","WG",395742,3713,13,"production",5,3686,TRUE,TRUE,TRUE
2025-10-22,"English (American)","WG","WG",395743,3714,13,"production",11,3686,TRUE,TRUE,TRUE
2025-10-22,"English (American)","WG","WG",395744,3715,13,"production",22,3686,TRUE,TRUE,TRUE
2025-10-22,"English (American)","WG","WG",395745,3716,13,"production",8,3686,TRUE,TRUE,TRUE
2025-10-22,"English (American)","WG","WG",395746,3717,13,"production",23,3686,TRUE,TRUE,TRUE
2025-10-22,"English (American)","WG","WG",395747,3718,13,"production",22,3686,TRUE,TRUE,TRUE
2025-10-22,"English (American)","WG","WG",395748,3719,13,"production",5,3686,TRUE,TRUE,TRUE
2025-10-22,"English (American)","WG","WG",395749,3720,13,"production",17,3686,TRUE,TRUE,TRUE
2025-10-22,"English (American)","WG","WG",395750,3721,13,"production",12,3686,TRUE,TRUE,TRUE
2025-10-22,"English (American)","WG","WG",395751,3722,13,"production",12,3686,TRUE,TRUE,TRUE
2025-10-22,"English (American)","WG","WG",395752,3723,13,"production",2,3686,TRUE,TRUE,TRUE
2025-10-22,"English (American)","WG","WG",395753,3724,13,"production",10,3686,TRUE,TRUE,TRUE
2025-10-22,"English (American)","WG","WG",395754,3725,13,"production",8,3686,TRUE,TRUE,TRUE
2025-10-22,"English (American)","WG","WG",395755,3726,13,"production",12,3686,TRUE,TRUE,TRUE
2025-10-22,"English (American)","WG","WG",395756,3727,13,"production",9,3686,TRUE,TRUE,TRUE
2025-10-22,"English (American)","WG","WG",395757,3728,13,"production",36,3686,TRUE,TRUE,TRUE
2025-10-22,"English (American)","WG","WG",395758,3729,13,"production",24,3686,TRUE,TRUE,TRUE
2025-10-22,"English (American)","WG","WG",395759,3730,13,"production",1,3686,TRUE,TRUE,TRUE
2025-10-22,"English (American)","WG","WG",395760,3731,13,"production",19,3686,TRUE,TRUE,TRUE
2025-10-22,"English (American)","WG","WG",395761,3732,13,"production",10,3686,TRUE,TRUE,TRUE
2025-10-22,"English (American)","WG","WG",395762,3733,13,"production",2,3686,TRUE,TRUE,TRUE
2025-10-22,"English (American)","WG","WG",395763,3734,13,"production",9,3686,TRUE,TRUE,TRUE
2025-10-22,"English (American)","WG","WG",395764,3735,13,"production",5,3686,TRUE,TRUE,TRUE
2025-10-22,"English (American)","WG","WG",395765,3736,13,"production",6,3686,TRUE,TRUE,TRUE
2025-10-22,"English (American)","WG","WG",395766,3737,13,"production",1,3686,TRUE,TRUE,TRUE
2025-10-22,"English (American)","WG","WG",395767,3738,13,"production",8,3686,TRUE,TRUE,TRUE
2025-10-22,"English (American)","WG","WG",395768,3739,13,"production",8,3686,TRUE,TRUE,TRUE
2025-10-22,"English (American)","WG","WG",395769,3740,13,"production",15,3686,TRUE,TRUE,TRUE
2025-10-22,"English (American)","WG","WG",395770,3741,13,"production",5,3686,TRUE,TRUE,TRUE
2025-10-22,"English (American)","WG","WG",395771,3742,13,"production",23,3686,TRUE,TRUE,TRUE
2025-10-22,"English (American)","WG","WG",395772,3744,13,"production",9,3686,TRUE,TRUE,TRUE
2025-10-22,"English (American)","WG","WG",395773,3745,13,"production",56,3686,TRUE,TRUE,TRUE
2025-10-22,"English (American)","WG","WG",395774,3746,13,"production",3,3686,TRUE,TRUE,TRUE
2025-10-22,"English (American)","WG","WG",395775,3747,13,"production",1,3686,TRUE,TRUE,TRUE
2025-10-22,"English (American)","WG","WG",395776,3748,13,"production",12,3686,TRUE,TRUE,TRUE
2025-10-22,"English (American)","WG","WG",395777,3749,13,"production",28,3686,TRUE,TRUE,TRUE
2025-10-22,"English (American)","WG","WG",395778,3750,13,"production",3,3686,TRUE,TRUE,TRUE
2025-10-22,"English (American)","WG","WG",395779,3751,13,"production",24,3686,TRUE,TRUE,TRUE
2025-10-22,"English (American)","WG","WG",395780,3752,13,"production",19,3686,TRUE,TRUE,TRUE
2025-10-22,"English (American)","WG","WG",395781,3754,13,"production",13,3686,TRUE,TRUE,TRUE
2025-10-22,"English (American)","WG","WG",395782,3755,13,"production",14,3686,TRUE,TRUE,TRUE
2025-10-22,"English (American)","WG","WG",395783,3756,13,"production",13,3686,TRUE,TRUE,TRUE
2025-10-22,"English (American)","WG","WG",395784,3757,13,"production",5,3686,TRUE,TRUE,TRUE
2025-10-22,"English (American)","WG","WG",395785,3758,13,"production",10,3686,TRUE,TRUE,TRUE
2025-10-22,"English (American)","WG","WG",395786,3759,13,"production",26,3686,TRUE,TRUE,TRUE
2025-10-22,"English (American)","WG","WG",395787,3760,13,"production",2,3686,TRUE,TRUE,TRUE
2025-10-22,"English (American)","WG","WG",395788,3761,13,"production",19,3686,TRUE,TRUE,TRUE
2025-10-22,"English (American)","WG","WG",395789,3763,13,"production",6,3686,TRUE,TRUE,TRUE
2025-10-22,"English (American)","WG","WG",395790,3764,13,"production",11,3686,TRUE,TRUE,TRUE
2025-10-22,"English (American)","WG","WG",395791,3765,13,"production",11,3686,TRUE,TRUE,TRUE
2025-10-22,"English (American)","WG","WG",395792,3766,13,"production",23,3686,TRUE,TRUE,TRUE
2025-10-22,"English (American)","WG","WG",395793,3767,13,"production",8,3686,TRUE,TRUE,TRUE
2025-10-22,"English (American)","WG","WG",395794,3768,13,"production",4,3686,TRUE,TRUE,TRUE
2025-10-22,"English (American)","WG","WG",395795,3769,13,"production",7,3686,TRUE,TRUE,TRUE
2025-10-22,"English (American)","WG","WG",395796,3770,13,"production",3,3686,TRUE,TRUE,TRUE
2025-10-22,"English (American)","WG","WG",395797,3772,13,"production",10,3686,TRUE,TRUE,TRUE
2025-10-22,"English (American)","WG","WG",395798,3773,13,"production",2,3686,TRUE,TRUE,TRUE
2025-10-22,"English (American)","WG","WG",395799,3774,13,"production",9,3686,TRUE,TRUE,TRUE
2025-10-22,"English (American)","WG","WG",395800,3775,13,"production",34,3686,TRUE,TRUE,TRUE
2025-10-22,"English (American)","WG","WG",395801,3776,13,"production",5,3686,TRUE,TRUE,TRUE
2025-10-22,"English (American)","WG","WG",395802,3777,13,"production",4,3686,TRUE,TRUE,TRUE
2025-10-22,"English (American)","WG","WG",395803,3778,13,"production",10,3686,TRUE,TRUE,TRUE
2025-10-22,"English (American)","WG","WG",395804,3779,13,"production",30,3686,TRUE,TRUE,TRUE
2025-10-22,"English (American)","WG","WG",395805,3780,13,"production",1,3686,TRUE,TRUE,TRUE
2025-10-22,"English (American)","WG","WG",395806,3781,13,"production",8,3686,TRUE,TRUE,TRUE
2025-10-22,"English (American)","WG","WG",395807,3782,13,"production",21,3686,TRUE,TRUE,TRUE
2025-10-22,"English (American)","WG","WG",395808,3783,13,"production",5,3686,TRUE,TRUE,TRUE
2025-10-22,"English (American)","WG","WG",395809,3784,13,"production",7,3686,TRUE,TRUE,TRUE
2025-10-22,"English (American)","WG","WG",395810,3785,13,"production",11,3686,TRUE,TRUE,TRUE
2025-10-22,"English (American)","WG","WG",395811,3786,13,"production",33,3686,TRUE,TRUE,TRUE
2025-10-22,"English (American)","WG","WG",395812,3787,13,"production",8,3686,TRUE,TRUE,TRUE
2025-10-22,"English (American)","WG","WG",395813,3788,13,"production",17,3686,TRUE,TRUE,TRUE
2025-10-22,"English (American)","WG","WG",395814,3789,13,"production",13,3686,TRUE,TRUE,TRUE
2025-10-22,"English (American)","WG","WG",395815,3790,13,"production",5,3686,TRUE,TRUE,TRUE
2025-10-22,"English (American)","WG","WG",395816,3791,13,"production",0,3686,TRUE,TRUE,TRUE
2025-10-22,"English (American)","WG","WG",395817,3792,13,"production",35,3686,TRUE,TRUE,TRUE
2025-10-22,"English (American)","WG","WG",395818,3793,13,"production",10,3686,TRUE,TRUE,TRUE
2025-10-22,"English (American)","WG","WG",395819,3794,13,"production",10,3686,TRUE,TRUE,TRUE
2025-10-22,"English (American)","WG","WG",395820,3795,13,"production",9,3686,TRUE,TRUE,TRUE
2025-10-22,"English (American)","WG","WG",395821,3796,13,"production",5,3686,TRUE,TRUE,TRUE
2025-10-22,"English (American)","WG","WG",395822,3797,13,"production",32,3686,TRUE,TRUE,TRUE
2025-10-22,"English (American)","WG","WG",395823,3798,13,"production",6,3686,TRUE,TRUE,TRUE
2025-10-22,"English (American)","WG","WG",395824,3799,13,"production",7,3686,TRUE,TRUE,TRUE
2025-10-22,"English (American)","WG","WG",395825,3800,13,"production",31,3686,TRUE,TRUE,TRUE
2025-10-22,"English (American)","WG","WG",395826,3801,13,"production",23,3686,TRUE,TRUE,TRUE
2025-10-22,"English (American)","WG","WG",395827,3802,13,"production",4,3686,TRUE,TRUE,TRUE
2025-10-22,"English (American)","WG","WG",395828,3803,13,"production",28,3686,TRUE,TRUE,TRUE
2025-10-22,"English (American)","WG","WG",395829,3804,13,"production",6,3686,TRUE,TRUE,TRUE
2025-10-22,"English (American)","WG","WG",395830,3805,13,"production",25,3686,TRUE,TRUE,TRUE
2025-10-22,"English (American)","WG","WG",395831,3806,13,"production",35,3686,TRUE,TRUE,TRUE
2025-10-22,"English (American)","WG","WG",395832,3807,13,"production",50,3686,TRUE,TRUE,TRUE
2025-10-22,"English (American)","WG","WG",395833,3808,13,"production",0,3686,TRUE,TRUE,TRUE
2025-10-22,"English (American)","WG","WG",395834,3809,13,"production",1,3686,TRUE,TRUE,TRUE
2025-10-22,"English (American)","WG","WG",395835,3810,13,"production",30,3686,TRUE,TRUE,TRUE
2025-10-22,"English (American)","WG","WG",395836,3811,13,"production",9,3686,TRUE,TRUE,TRUE
2025-10-22,"English (American)","WG","WG",395837,3812,13,"production",1,3686,TRUE,TRUE,TRUE
2025-10-22,"English (American)","WG","WG",395838,3813,13,"production",2,3686,TRUE,TRUE,TRUE
2025-10-22,"English (American)","WG","WG",395839,3814,13,"production",2,3686,TRUE,TRUE,TRUE
2025-10-22,"English (American)","WG","WG",395840,3815,13,"production",4,3686,TRUE,TRUE,TRUE
2025-10-22,"English (American)","WG","WG",395841,3816,13,"production",0,3686,TRUE,TRUE,TRUE
2025-10-22,"English (American)","WG","WG",395842,3817,13,"production",17,3686,TRUE,TRUE,TRUE
2025-10-22,"English (American)","WG","WG",395843,3818,13,"production",10,3686,TRUE,TRUE,TRUE
2025-10-22,"English (American)","WG","WG",395844,3819,13,"production",42,3686,TRUE,TRUE,TRUE
2025-10-22,"English (American)","WG","WG",395845,3820,13,"production",5,3686,TRUE,TRUE,TRUE
2025-10-22,"English (American)","WG","WG",395846,3821,13,"production",21,3686,TRUE,TRUE,TRUE
2025-10-22,"English (American)","WG","WG",395847,3822,13,"production",10,3686,TRUE,TRUE,TRUE
2025-10-22,"English (American)","WG","WG",395848,3823,13,"production",3,3686,TRUE,TRUE,TRUE
2025-10-22,"English (American)","WG","WG",395849,3824,13,"production",7,3686,TRUE,TRUE,TRUE
2025-10-22,"English (American)","WG","WG",395850,3825,13,"production",5,3686,TRUE,TRUE,TRUE
2025-10-22,"English (American)","WG","WG",395851,3826,13,"production",0,3686,TRUE,TRUE,TRUE
2025-10-22,"English (American)","WG","WG",395852,3827,13,"production",13,3686,TRUE,TRUE,TRUE
2025-10-22,"English (American)","WG","WG",395853,3828,13,"production",18,3686,TRUE,TRUE,TRUE
2025-10-22,"English (American)","WG","WG",395854,3831,13,"production",14,3686,TRUE,TRUE,TRUE
2025-10-22,"English (American)","WG","WG",395855,3832,13,"production",153,3686,TRUE,TRUE,TRUE
2025-10-22,"English (American)","WG","WG",395856,3833,13,"production",5,3686,TRUE,TRUE,TRUE
2025-10-22,"English (American)","WG","WG",395857,3834,13,"production",3,3686,TRUE,TRUE,TRUE
2025-10-22,"English (American)","WG","WG",395858,3835,13,"production",21,3686,TRUE,TRUE,TRUE
2025-10-22,"English (American)","WG","WG",395859,3836,13,"production",5,3686,TRUE,TRUE,TRUE
2025-10-22,"English (American)","WG","WG",395860,3837,13,"production",14,3686,TRUE,TRUE,TRUE
2025-10-22,"English (American)","WG","WG",395861,3838,13,"production",1,3686,TRUE,TRUE,TRUE
2025-10-22,"English (American)","WG","WG",395862,3839,13,"production",22,3686,TRUE,TRUE,TRUE
2025-10-22,"English (American)","WG","WG",395863,3840,13,"production",8,3686,TRUE,TRUE,TRUE
2025-10-22,"English (American)","WG","WG",395864,3841,13,"production",187,3686,TRUE,TRUE,TRUE
2025-10-22,"English (American)","WG","WG",395865,3842,13,"production",12,3686,TRUE,TRUE,TRUE
2025-10-22,"English (American)","WG","WG",395866,3843,13,"production",9,3686,TRUE,TRUE,TRUE
2025-10-22,"English (American)","WG","WG",395867,3845,13,"production",5,3686,TRUE,TRUE,TRUE
2025-10-22,"English (American)","WG","WG",395868,3846,13,"production",4,3686,TRUE,TRUE,TRUE
2025-10-22,"English (American)","WG","WG",395869,3847,13,"production",2,3686,TRUE,TRUE,TRUE
2025-10-22,"English (American)","WG","WG",395870,3848,13,"production",15,3686,TRUE,TRUE,TRUE
2025-10-22,"English (American)","WG","WG",395871,3849,13,"production",6,3686,TRUE,TRUE,TRUE
2025-10-22,"English (American)","WG","WG",395872,3850,13,"production",1,3686,TRUE,TRUE,TRUE
2025-10-22,"English (American)","WG","WG",395873,3851,13,"production",3,3686,TRUE,TRUE,TRUE
2025-10-22,"English (American)","WG","WG",395874,3852,13,"production",4,3686,TRUE,TRUE,TRUE
2025-10-22,"English (American)","WG","WG",395875,3853,13,"production",2,3686,TRUE,TRUE,TRUE
2025-10-22,"English (American)","WG","WG",395876,3854,13,"production",29,3686,TRUE,TRUE,TRUE
2025-10-22,"English (American)","WG","WG",395877,3855,13,"production",0,3686,TRUE,TRUE,TRUE
2025-10-22,"English (American)","WG","WG",395878,3856,13,"production",15,3686,TRUE,TRUE,TRUE
2025-10-22,"English (American)","WG","WG",395879,3857,13,"production",9,3686,TRUE,TRUE,TRUE
2025-10-22,"English (American)","WG","WG",395880,3858,13,"production",5,3686,TRUE,TRUE,TRUE
2025-10-22,"English (American)","WG","WG",395881,3859,13,"production",10,3686,TRUE,TRUE,TRUE
2025-10-22,"English (American)","WG","WG",395882,3860,13,"production",0,3686,TRUE,TRUE,TRUE
2025-10-22,"English (American)","WG","WG",395883,3861,13,"production",12,3686,TRUE,TRUE,TRUE
2025-10-22,"English (American)","WG","WG",395884,3862,13,"production",2,3686,TRUE,TRUE,TRUE
2025-10-22,"English (American)","WG","WG",395885,3863,13,"production",11,3686,TRUE,TRUE,TRUE
2025-10-22,"English (American)","WG","WG",395886,3864,13,"production",17,3686,TRUE,TRUE,TRUE
2025-10-22,"English (American)","WG","WG",395887,3865,13,"production",11,3686,TRUE,TRUE,TRUE
2025-10-22,"English (American)","WG","WG",395888,3866,13,"production",3,3686,TRUE,TRUE,TRUE
2025-10-22,"English (American)","WG","WG",395889,3867,13,"production",4,3686,TRUE,TRUE,TRUE
2025-10-22,"English (American)","WG","WG",395890,3868,13,"production",3,3686,TRUE,TRUE,TRUE
2025-10-22,"English (American)","WG","WG",395891,3869,13,"production",18,3686,TRUE,TRUE,TRUE
2025-10-22,"English (American)","WG","WG",395892,3870,13,"production",6,3686,TRUE,TRUE,TRUE
2025-10-22,"English (American)","WG","WG",395893,3871,13,"production",2,3686,TRUE,TRUE,TRUE
2025-10-22,"English (American)","WG","WG",395894,3872,13,"production",26,3686,TRUE,TRUE,TRUE
2025-10-22,"English (American)","WG","WG",395895,3873,13,"production",3,3686,TRUE,TRUE,TRUE
2025-10-22,"English (American)","WG","WG",395896,3874,13,"production",14,3686,TRUE,TRUE,TRUE
2025-10-22,"English (American)","WG","WG",395897,3875,13,"production",4,3686,TRUE,TRUE,TRUE
2025-10-22,"English (American)","WG","WG",395898,3876,13,"production",12,3686,TRUE,TRUE,TRUE
2025-10-22,"English (American)","WG","WG",395899,3877,13,"production",0,3686,TRUE,TRUE,TRUE
2025-10-22,"English (American)","WG","WG",395901,3879,13,"production",24,3686,TRUE,TRUE,TRUE
2025-10-22,"English (American)","WG","WG",395902,3880,13,"production",16,3686,TRUE,TRUE,TRUE
2025-10-22,"English (American)","WG","WG",395903,3881,13,"production",16,3686,TRUE,TRUE,TRUE
2025-10-22,"English (American)","WG","WG",395904,3882,13,"production",11,3686,TRUE,TRUE,TRUE
2025-10-22,"English (American)","WG","WG",395905,3883,13,"production",30,3686,TRUE,TRUE,TRUE
2025-10-22,"English (American)","WG","WG",395906,3884,13,"production",10,3686,TRUE,TRUE,TRUE
2025-10-22,"English (American)","WG","WG",395907,3885,13,"production",2,3686,TRUE,TRUE,TRUE
2025-10-22,"English (American)","WG","WG",395908,3886,13,"production",9,3686,TRUE,TRUE,TRUE
2025-10-22,"English (American)","WG","WG",395909,3887,13,"production",10,3686,TRUE,TRUE,TRUE
2025-10-22,"English (American)","WG","WG",395910,3888,13,"production",1,3686,TRUE,TRUE,TRUE
2025-10-22,"English (American)","WG","WG",395911,3889,13,"production",56,3686,TRUE,TRUE,TRUE
2025-10-22,"English (American)","WG","WG",395912,3890,13,"production",52,3686,TRUE,TRUE,TRUE
2025-10-22,"English (American)","WG","WG",395913,3891,13,"production",7,3686,TRUE,TRUE,TRUE
2025-10-22,"English (American)","WG","WG",395914,3892,13,"production",26,3686,TRUE,TRUE,TRUE
2025-10-22,"English (American)","WG","WG",395915,3893,13,"production",3,3686,TRUE,TRUE,TRUE
2025-10-22,"English (American)","WG","WG",395916,3894,13,"production",5,3686,TRUE,TRUE,TRUE
2025-10-22,"English (American)","WG","WG",395917,3895,13,"production",79,3686,TRUE,TRUE,TRUE
2025-10-22,"English (American)","WG","WG",395918,3896,13,"production",4,3686,TRUE,TRUE,TRUE
2025-10-22,"English (American)","WG","WG",395919,3897,13,"production",18,3686,TRUE,TRUE,TRUE
2025-10-22,"English (American)","WG","WG",395920,3898,13,"production",3,3686,TRUE,TRUE,TRUE
2025-10-22,"English (American)","WG","WG",395921,3899,13,"production",80,3686,TRUE,TRUE,TRUE
2025-10-22,"English (American)","WG","WG",395922,3900,13,"production",15,3686,TRUE,TRUE,TRUE
2025-10-22,"English (American)","WG","WG",395923,3901,13,"production",16,3686,TRUE,TRUE,TRUE
2025-10-22,"English (American)","WG","WG",395924,3902,13,"production",24,3686,TRUE,TRUE,TRUE
2025-10-22,"English (American)","WG","WG",395925,3903,13,"production",45,3686,TRUE,TRUE,TRUE
2025-10-22,"English (American)","WG","WG",395926,3904,13,"production",18,3686,TRUE,TRUE,TRUE
2025-10-22,"English (American)","WG","WG",395927,3905,13,"production",37,3686,TRUE,TRUE,TRUE
2025-10-22,"English (American)","WG","WG",395928,3906,13,"production",6,3686,TRUE,TRUE,TRUE
2025-10-22,"English (American)","WG","WG",395929,3907,13,"production",3,3686,TRUE,TRUE,TRUE
2025-10-22,"English (American)","WG","WG",395930,3908,13,"production",13,3686,TRUE,TRUE,TRUE
2025-10-22,"English (American)","WG","WG",395931,3909,13,"production",12,3686,TRUE,TRUE,TRUE
2025-10-22,"English (American)","WG","WG",395932,3910,13,"production",10,3686,TRUE,TRUE,TRUE
2025-10-22,"English (American)","WG","WG",395933,3911,13,"production",5,3686,TRUE,TRUE,TRUE
2025-10-22,"English (American)","WG","WG",395934,3912,13,"production",2,3686,TRUE,TRUE,TRUE
2025-10-22,"English (American)","WG","WG",395935,3913,13,"production",4,3686,TRUE,TRUE,TRUE
2025-10-22,"English (American)","WG","WG",395936,3914,13,"production",2,3686,TRUE,TRUE,TRUE
2025-10-22,"English (American)","WG","WG",395937,3915,13,"production",8,3686,TRUE,TRUE,TRUE
2025-10-22,"English (American)","WG","WG",395938,3916,13,"production",23,3686,TRUE,TRUE,TRUE
2025-10-22,"English (American)","WG","WG",395939,3917,13,"production",3,3686,TRUE,TRUE,TRUE
2025-10-22,"English (American)","WG","WG",395940,3918,13,"production",2,3686,TRUE,TRUE,TRUE
2025-10-22,"English (American)","WG","WG",395941,3919,13,"production",9,3686,TRUE,TRUE,TRUE
2025-10-22,"English (American)","WG","WG",395942,3920,13,"production",29,3686,TRUE,TRUE,TRUE
2025-10-22,"English (American)","WG","WG",395943,3921,13,"production",36,3686,TRUE,TRUE,TRUE
2025-10-22,"English (American)","WG","WG",395944,3922,13,"production",19,3686,TRUE,TRUE,TRUE
2025-10-22,"English (American)","WG","WG",395945,3923,13,"production",22,3686,TRUE,TRUE,TRUE
2025-10-22,"English (American)","WG","WG",395946,3924,13,"production",61,3686,TRUE,TRUE,TRUE
2025-10-22,"English (American)","WG","WG",395947,3925,13,"production",0,3686,TRUE,TRUE,TRUE
2025-10-22,"English (American)","WG","WG",395948,3926,13,"production",14,3686,TRUE,TRUE,TRUE
2025-10-22,"English (American)","WG","WG",395949,3927,13,"production",6,3686,TRUE,TRUE,TRUE
2025-10-22,"English (American)","WG","WG",395950,3928,13,"production",46,3686,TRUE,TRUE,TRUE
2025-10-22,"English (American)","WG","WG",395951,3929,13,"production",22,3686,TRUE,TRUE,TRUE
2025-10-22,"English (American)","WG","WG",395952,3930,13,"production",0,3686,TRUE,TRUE,TRUE
2025-10-22,"English (American)","WG","WG",395953,5060,13,"production",6,3686,TRUE,TRUE,TRUE
2025-10-22,"English (American)","WG","WG",395954,5061,13,"production",15,3686,TRUE,TRUE,TRUE
2025-10-22,"English (American)","WG","WG",391366,4055,14,"production",29,3686,TRUE,TRUE,TRUE
2025-10-22,"English (American)","WG","WG",391377,4066,14,"production",4,3686,TRUE,TRUE,TRUE
2025-10-22,"English (American)","WG","WG",391380,4069,14,"production",2,3686,TRUE,TRUE,TRUE
2025-10-22,"English (American)","WG","WG",391381,4070,14,"production",15,3686,TRUE,TRUE,TRUE
2025-10-22,"English (American)","WG","WG",391399,4088,14,"production",0,3686,TRUE,TRUE,TRUE
2025-10-22,"English (American)","WG","WG",391495,4184,14,"production",17,3686,TRUE,TRUE,TRUE
2025-10-22,"English (American)","WG","WG",391497,4186,14,"production",16,3686,TRUE,TRUE,TRUE
2025-10-22,"English (American)","WG","WG",391499,4188,14,"production",16,3686,TRUE,TRUE,TRUE
2025-10-22,"English (American)","WG","WG",391501,4190,14,"production",31,3686,TRUE,TRUE,TRUE
2025-10-22,"English (American)","WG","WG",391523,4212,14,"production",23,3686,TRUE,TRUE,TRUE
2025-10-22,"English (American)","WG","WG",391525,4214,14,"production",111,3686,TRUE,TRUE,TRUE
2025-10-22,"English (American)","WG","WG",391536,4225,14,"production",6,3686,TRUE,TRUE,TRUE
2025-10-22,"English (American)","WG","WG",391539,4228,14,"production",82,3686,TRUE,TRUE,TRUE
2025-10-22,"English (American)","WG","WG",391551,4240,14,"production",48,3686,TRUE,TRUE,TRUE
2025-10-22,"English (American)","WG","WG",391554,4243,14,"production",24,3686,TRUE,TRUE,TRUE
2025-10-22,"English (American)","WG","WG",391568,4257,14,"production",16,3686,TRUE,TRUE,TRUE
2025-10-22,"English (American)","WG","WG",391571,4260,14,"production",3,3686,TRUE,TRUE,TRUE
2025-10-22,"English (American)","WG","WG",391590,4279,14,"production",5,3686,TRUE,TRUE,TRUE
2025-10-22,"English (American)","WG","WG",391597,4286,14,"production",17,3686,TRUE,TRUE,TRUE
2025-10-22,"English (American)","WG","WG",391598,4287,14,"production",49,3686,TRUE,TRUE,TRUE
2025-10-22,"English (American)","WG","WG",391599,4288,14,"production",64,3686,TRUE,TRUE,TRUE
2025-10-22,"English (American)","WG","WG",391601,4290,14,"production",30,3686,TRUE,TRUE,TRUE
2025-10-22,"English (American)","WG","WG",391605,4294,14,"production",31,3686,TRUE,TRUE,TRUE
2025-10-22,"English (American)","WG","WG",391608,4297,14,"production",9,3686,TRUE,TRUE,TRUE
2025-10-22,"English (American)","WG","WG",391609,4298,14,"production",9,3686,TRUE,TRUE,TRUE
2025-10-22,"English (American)","WG","WG",391629,4318,14,"production",15,3686,TRUE,TRUE,TRUE
2025-10-22,"English (American)","WG","WG",391631,4320,14,"production",4,3686,TRUE,TRUE,TRUE
2025-10-22,"English (American)","WG","WG",391632,4321,14,"production",8,3686,TRUE,TRUE,TRUE
2025-10-22,"English (American)","WG","WG",391639,4328,14,"production",7,3686,TRUE,TRUE,TRUE
2025-10-22,"English (American)","WG","WG",391642,4331,14,"production",48,3686,TRUE,TRUE,TRUE
2025-10-22,"English (American)","WG","WG",391655,4344,14,"production",26,3686,TRUE,TRUE,TRUE
2025-10-22,"English (American)","WG","WG",391657,4346,14,"production",10,3686,TRUE,TRUE,TRUE
2025-10-22,"English (American)","WG","WG",391660,4349,14,"production",13,3686,TRUE,TRUE,TRUE
2025-10-22,"English (American)","WG","WG",391680,4369,14,"production",35,3686,TRUE,TRUE,TRUE
2025-10-22,"English (American)","WG","WG",391709,4398,14,"production",6,3686,TRUE,TRUE,TRUE
2025-10-22,"English (American)","WG","WG",391723,4412,14,"production",23,3686,TRUE,TRUE,TRUE
2025-10-22,"English (American)","WG","WG",391726,4415,14,"production",0,3686,TRUE,TRUE,TRUE
2025-10-22,"English (American)","WG","WG",391732,4421,14,"production",52,3686,TRUE,TRUE,TRUE
2025-10-22,"English (American)","WG","WG",391733,4422,14,"production",0,3686,TRUE,TRUE,TRUE
2025-10-22,"English (American)","WG","WG",391746,4435,14,"production",40,3686,TRUE,TRUE,TRUE
2025-10-22,"English (American)","WG","WG",391747,4436,14,"production",12,3686,TRUE,TRUE,TRUE
2025-10-22,"English (American)","WG","WG",391749,4438,14,"production",6,3686,TRUE,TRUE,TRUE
2025-10-22,"English (American)","WG","WG",391752,4441,14,"production",17,3686,TRUE,TRUE,TRUE
2025-10-22,"English (American)","WG","WG",391757,4446,14,"production",18,3686,TRUE,TRUE,TRUE
2025-10-22,"English (American)","WG","WG",391765,4454,14,"production",54,3686,TRUE,TRUE,TRUE
2025-10-22,"English (American)","WG","WG",391769,4458,14,"production",22,3686,TRUE,TRUE,TRUE
2025-10-22,"English (American)","WG","WG",391770,4459,14,"production",15,3686,TRUE,TRUE,TRUE
2025-10-22,"English (American)","WG","WG",391771,4460,14,"production",26,3686,TRUE,TRUE,TRUE
2025-10-22,"English (American)","WG","WG",391772,4461,14,"production",10,3686,TRUE,TRUE,TRUE
2025-10-22,"English (American)","WG","WG",391773,4462,14,"production",18,3686,TRUE,TRUE,TRUE
2025-10-22,"English (American)","WG","WG",391774,4463,14,"production",45,3686,TRUE,TRUE,TRUE
2025-10-22,"English (American)","WG","WG",391775,4464,14,"production",3,3686,TRUE,TRUE,TRUE
2025-10-22,"English (American)","WG","WG",391776,4465,14,"production",46,3686,TRUE,TRUE,TRUE
2025-10-22,"English (American)","WG","WG",391777,4466,14,"production",3,3686,TRUE,TRUE,TRUE
2025-10-22,"English (American)","WG","WG",391778,4467,14,"production",19,3686,TRUE,TRUE,TRUE
2025-10-22,"English (American)","WG","WG",391813,4502,14,"production",15,3686,TRUE,TRUE,TRUE
2025-10-22,"English (American)","WG","WG",391841,4530,14,"production",18,3686,TRUE,TRUE,TRUE
2025-10-22,"English (American)","WG","WG",391851,4540,14,"production",26,3686,TRUE,TRUE,TRUE
2025-10-22,"English (American)","WG","WG",391855,4544,14,"production",15,3686,TRUE,TRUE,TRUE
2025-10-22,"English (American)","WG","WG",391863,4552,14,"production",24,3686,TRUE,TRUE,TRUE
2025-10-22,"English (American)","WG","WG",391893,4582,14,"production",0,3686,TRUE,TRUE,TRUE
2025-10-22,"English (American)","WG","WG",391942,4631,14,"production",6,3686,TRUE,TRUE,TRUE
2025-10-22,"English (American)","WG","WG",391947,4636,14,"production",1,3686,TRUE,TRUE,TRUE
2025-10-22,"English (American)","WG","WG",391971,4660,14,"production",10,3686,TRUE,TRUE,TRUE
2025-10-22,"English (American)","WG","WG",391972,4661,14,"production",15,3686,TRUE,TRUE,TRUE
2025-10-22,"English (American)","WG","WG",391973,4662,14,"production",29,3686,TRUE,TRUE,TRUE
2025-10-22,"English (American)","WG","WG",391974,4663,14,"production",18,3686,TRUE,TRUE,TRUE
2025-10-22,"English (American)","WG","WG",391975,4664,14,"production",13,3686,TRUE,TRUE,TRUE
2025-10-22,"English (American)","WG","WG",391976,4665,14,"production",19,3686,TRUE,TRUE,TRUE
2025-10-22,"English (American)","WG","WG",391997,4686,14,"production",16,3686,TRUE,TRUE,TRUE
2025-10-22,"English (American)","WG","WG",391998,4687,14,"production",2,3686,TRUE,TRUE,TRUE
2025-10-22,"English (American)","WG","WG",391999,4688,14,"production",16,3686,TRUE,TRUE,TRUE
2025-10-22,"English (American)","WG","WG",392000,4689,14,"production",8,3686,TRUE,TRUE,TRUE
2025-10-22,"English (American)","WG","WG",392007,4696,14,"production",11,3686,TRUE,TRUE,TRUE
2025-10-22,"English (American)","WG","WG",392013,4702,14,"production",8,3686,TRUE,TRUE,TRUE
2025-10-22,"English (American)","WG","WG",392023,4712,14,"production",3,3686,TRUE,TRUE,TRUE
2025-10-22,"English (American)","WG","WG",392041,4730,14,"production",23,3686,TRUE,TRUE,TRUE
2025-10-22,"English (American)","WG","WG",392043,4732,14,"production",5,3686,TRUE,TRUE,TRUE
2025-10-22,"English (American)","WG","WG",392044,4733,14,"production",8,3686,TRUE,TRUE,TRUE
2025-10-22,"English (American)","WG","WG",392065,4754,14,"production",2,3686,TRUE,TRUE,TRUE
2025-10-22,"English (American)","WG","WG",392066,4755,14,"production",5,3686,TRUE,TRUE,TRUE
2025-10-22,"English (American)","WG","WG",392069,4758,14,"production",73,3686,TRUE,TRUE,TRUE
2025-10-22,"English (American)","WG","WG",392084,4773,14,"production",17,3686,TRUE,TRUE,TRUE
2025-10-22,"English (American)","WG","WG",392123,4812,14,"production",7,3686,TRUE,TRUE,TRUE
2025-10-22,"English (American)","WG","WG",392124,4813,14,"production",6,3686,TRUE,TRUE,TRUE
2025-10-22,"English (American)","WG","WG",392152,4841,14,"production",3,3686,TRUE,TRUE,TRUE
2025-10-22,"English (American)","WG","WG",392164,4853,14,"production",16,3686,TRUE,TRUE,TRUE
2025-10-22,"English (American)","WG","WG",392170,4859,14,"production",13,3686,TRUE,TRUE,TRUE
2025-10-22,"English (American)","WG","WG",392185,4874,14,"production",15,3686,TRUE,TRUE,TRUE
2025-10-22,"English (American)","WG","WG",392186,4875,14,"production",19,3686,TRUE,TRUE,TRUE
2025-10-22,"English (American)","WG","WG",392191,4880,14,"production",36,3686,TRUE,TRUE,TRUE
2025-10-22,"English (American)","WG","WG",392194,4883,14,"production",1,3686,TRUE,TRUE,TRUE
2025-10-22,"English (American)","WG","WG",392196,4885,14,"production",2,3686,TRUE,TRUE,TRUE
2025-10-22,"English (American)","WG","WG",392197,4886,14,"production",0,3686,TRUE,TRUE,TRUE
2025-10-22,"English (American)","WG","WG",392198,4887,14,"production",2,3686,TRUE,TRUE,TRUE
2025-10-22,"English (American)","WG","WG",392206,4895,14,"production",27,3686,TRUE,TRUE,TRUE
2025-10-22,"English (American)","WG","WG",392211,4900,14,"production",13,3686,TRUE,TRUE,TRUE
2025-10-22,"English (American)","WG","WG",392223,4912,14,"production",2,3686,TRUE,TRUE,TRUE
2025-10-22,"English (American)","WG","WG",392228,4917,14,"production",3,3686,TRUE,TRUE,TRUE
2025-10-22,"English (American)","WG","WG",392229,4918,14,"production",7,3686,TRUE,TRUE,TRUE
2025-10-22,"English (American)","WG","WG",392242,4931,14,"production",5,3686,TRUE,TRUE,TRUE
2025-10-22,"English (American)","WG","WG",392243,4932,14,"production",0,3686,TRUE,TRUE,TRUE
2025-10-22,"English (American)","WG","WG",392261,4950,14,"production",21,3686,TRUE,TRUE,TRUE
2025-10-22,"English (American)","WG","WG",392263,4952,14,"production",7,3686,TRUE,TRUE,TRUE
2025-10-22,"English (American)","WG","WG",392277,4966,14,"production",1,3686,TRUE,TRUE,TRUE
2025-10-22,"English (American)","WG","WG",392280,4969,14,"production",9,3686,TRUE,TRUE,TRUE
2025-10-22,"English (American)","WG","WG",392290,4979,14,"production",11,3686,TRUE,TRUE,TRUE
2025-10-22,"English (American)","WG","WG",392313,5002,14,"production",2,3686,TRUE,TRUE,TRUE
2025-10-22,"English (American)","WG","WG",392314,5003,14,"production",2,3686,TRUE,TRUE,TRUE
2025-10-22,"English (American)","WG","WG",392316,5005,14,"production",11,3686,TRUE,TRUE,TRUE
2025-10-22,"English (American)","WG","WG",392322,5011,14,"production",11,3686,TRUE,TRUE,TRUE
2025-10-22,"English (American)","WG","WG",392337,5026,14,"production",14,3686,TRUE,TRUE,TRUE
2025-10-22,"English (American)","WG","WG",392346,5035,14,"production",9,3686,TRUE,TRUE,TRUE
2025-10-22,"English (American)","WG","WG",392354,5042,14,"production",1,3686,TRUE,TRUE,TRUE
2025-10-22,"English (American)","WG","WG",392355,5043,14,"production",40,3686,TRUE,TRUE,TRUE
2025-10-22,"English (American)","WG","WG",392358,5046,14,"production",9,3686,TRUE,TRUE,TRUE
2025-10-22,"English (American)","WG","WG",392364,5052,14,"production",6,3686,TRUE,TRUE,TRUE
2025-10-22,"English (American)","WG","WG",392365,5053,14,"production",9,3686,TRUE,TRUE,TRUE
2025-10-22,"English (American)","WG","WG",392368,5056,14,"production",2,3686,TRUE,TRUE,TRUE
2025-10-22,"English (American)","WG","WG",392369,5057,14,"production",2,3686,TRUE,TRUE,TRUE
2025-10-22,"English (American)","WG","WG",392370,5058,14,"production",2,3686,TRUE,TRUE,TRUE
2025-10-22,"English (American)","WG","WG",393032,30739,14,"production",10,3686,TRUE,TRUE,TRUE
2025-10-22,"English (American)","WG","WG",393040,30747,14,"production",39,3686,TRUE,TRUE,TRUE
2025-10-22,"English (American)","WG","WG",393453,82586,14,"production",36,3686,TRUE,TRUE,TRUE
2025-10-22,"English (American)","WG","WG",393456,82589,14,"production",10,3686,TRUE,TRUE,TRUE
2025-10-22,"English (American)","WG","WG",393484,82617,14,"production",0,3686,TRUE,TRUE,TRUE
2025-10-22,"English (American)","WG","WG",393513,82646,14,"production",2,3686,TRUE,TRUE,TRUE
2025-10-22,"English (American)","WG","WG",393519,82652,14,"production",6,3686,TRUE,TRUE,TRUE
2025-10-22,"English (American)","WG","WG",393520,82653,14,"production",51,3686,TRUE,TRUE,TRUE
2025-10-22,"English (American)","WG","WG",393528,82661,14,"production",0,3686,TRUE,TRUE,TRUE
2025-10-22,"English (American)","WG","WG",393539,82672,14,"production",12,3686,TRUE,TRUE,TRUE
2025-10-22,"English (American)","WG","WG",393554,82687,14,"production",8,3686,TRUE,TRUE,TRUE
2025-10-22,"English (American)","WG","WG",393563,82696,14,"production",0,3686,TRUE,TRUE,TRUE
2025-10-22,"English (American)","WG","WG",393571,82704,14,"production",38,3686,TRUE,TRUE,TRUE
2025-10-22,"English (American)","WG","WG",393572,82705,14,"production",8,3686,TRUE,TRUE,TRUE
2025-10-22,"English (American)","WG","WG",393592,82725,14,"production",6,3686,TRUE,TRUE,TRUE
2025-10-22,"English (American)","WG","WG",393601,82734,14,"production",6,3686,TRUE,TRUE,TRUE
2025-10-22,"English (American)","WG","WG",393610,82743,14,"production",6,3686,TRUE,TRUE,TRUE
2025-10-22,"English (American)","WG","WG",393616,82749,14,"production",65,3686,TRUE,TRUE,TRUE
2025-10-22,"English (American)","WG","WG",393624,82757,14,"production",10,3686,TRUE,TRUE,TRUE
2025-10-22,"English (American)","WG","WG",393643,82776,14,"production",2,3686,TRUE,TRUE,TRUE
2025-10-22,"English (American)","WG","WG",393651,82784,14,"production",4,3686,TRUE,TRUE,TRUE
2025-10-22,"English (American)","WG","WG",393654,82787,14,"production",15,3686,TRUE,TRUE,TRUE
2025-10-22,"English (American)","WG","WG",393656,82789,14,"production",2,3686,TRUE,TRUE,TRUE
2025-10-22,"English (American)","WG","WG",393663,82796,14,"production",13,3686,TRUE,TRUE,TRUE
2025-10-22,"English (American)","WG","WG",393666,82799,14,"production",0,3686,TRUE,TRUE,TRUE
2025-10-22,"English (American)","WG","WG",393667,82800,14,"production",7,3686,TRUE,TRUE,TRUE
2025-10-22,"English (American)","WG","WG",393679,82812,14,"production",0,3686,TRUE,TRUE,TRUE
2025-10-22,"English (American)","WG","WG",393700,82833,14,"production",2,3686,TRUE,TRUE,TRUE
2025-10-22,"English (American)","WG","WG",393704,82837,14,"production",4,3686,TRUE,TRUE,TRUE
2025-10-22,"English (American)","WG","WG",393707,82840,14,"production",4,3686,TRUE,TRUE,TRUE
2025-10-22,"English (American)","WG","WG",393710,82843,14,"production",9,3686,TRUE,TRUE,TRUE
2025-10-22,"English (American)","WG","WG",393715,82848,14,"production",0,3686,TRUE,TRUE,TRUE
2025-10-22,"English (American)","WG","WG",393726,82859,14,"production",5,3686,TRUE,TRUE,TRUE
2025-10-22,"English (American)","WG","WG",393756,82889,14,"production",42,3686,TRUE,TRUE,TRUE
2025-10-22,"English (American)","WG","WG",393764,82897,14,"production",157,3686,TRUE,TRUE,TRUE
2025-10-22,"English (American)","WG","WG",393771,82904,14,"production",8,3686,TRUE,TRUE,TRUE
2025-10-22,"English (American)","WG","WG",393774,82907,14,"production",18,3686,TRUE,TRUE,TRUE
2025-10-22,"English (American)","WG","WG",393777,82910,14,"production",7,3686,TRUE,TRUE,TRUE
2025-10-22,"English (American)","WG","WG",393783,82916,14,"production",3,3686,TRUE,TRUE,TRUE
2025-10-22,"English (American)","WG","WG",393787,82920,14,"production",38,3686,TRUE,TRUE,TRUE
2025-10-22,"English (American)","WG","WG",393791,82924,14,"production",10,3686,TRUE,TRUE,TRUE
2025-10-22,"English (American)","WG","WG",393793,82926,14,"production",4,3686,TRUE,TRUE,TRUE
2025-10-22,"English (American)","WG","WG",393795,82928,14,"production",85,3686,TRUE,TRUE,TRUE
2025-10-22,"English (American)","WG","WG",393800,82933,14,"production",396,3686,TRUE,TRUE,TRUE
2025-10-22,"English (American)","WG","WG",393801,82934,14,"production",4,3686,TRUE,TRUE,TRUE
2025-10-22,"English (American)","WG","WG",393807,82940,14,"production",16,3686,TRUE,TRUE,TRUE
2025-10-22,"English (American)","WG","WG",393811,82944,14,"production",0,3686,TRUE,TRUE,TRUE
2025-10-22,"English (American)","WG","WG",393813,82946,14,"production",20,3686,TRUE,TRUE,TRUE
2025-10-22,"English (American)","WG","WG",393829,82962,14,"production",9,3686,TRUE,TRUE,TRUE
2025-10-22,"English (American)","WG","WG",393830,82963,14,"production",4,3686,TRUE,TRUE,TRUE
2025-10-22,"English (American)","WG","WG",393851,82984,14,"production",10,3686,TRUE,TRUE,TRUE
2025-10-22,"English (American)","WG","WG",393870,83003,14,"production",0,3686,TRUE,TRUE,TRUE
2025-10-22,"English (American)","WG","WG",393872,83005,14,"production",8,3686,TRUE,TRUE,TRUE
2025-10-22,"English (American)","WG","WG",393886,83019,14,"production",0,3686,TRUE,TRUE,TRUE
2025-10-22,"English (American)","WG","WG",393893,83026,14,"production",1,3686,TRUE,TRUE,TRUE
2025-10-22,"English (American)","WG","WG",393915,83048,14,"production",1,3686,TRUE,TRUE,TRUE
2025-10-22,"English (American)","WG","WG",393919,83052,14,"production",11,3686,TRUE,TRUE,TRUE
2025-10-22,"English (American)","WG","WG",393927,83060,14,"production",8,3686,TRUE,TRUE,TRUE
2025-10-22,"English (American)","WG","WG",393947,83080,14,"production",12,3686,TRUE,TRUE,TRUE
2025-10-22,"English (American)","WG","WG",393958,83091,14,"production",202,3686,TRUE,TRUE,TRUE
2025-10-22,"English (American)","WG","WG",393959,83092,14,"production",2,3686,TRUE,TRUE,TRUE
2025-10-22,"English (American)","WG","WG",393999,83132,14,"production",0,3686,TRUE,TRUE,TRUE
2025-10-22,"English (American)","WG","WG",394009,83142,14,"production",1,3686,TRUE,TRUE,TRUE
2025-10-22,"English (American)","WG","WG",394018,83151,14,"production",0,3686,TRUE,TRUE,TRUE
2025-10-22,"English (American)","WG","WG",394031,83164,14,"production",0,3686,TRUE,TRUE,TRUE
2025-10-22,"English (American)","WG","WG",394037,83170,14,"production",65,3686,TRUE,TRUE,TRUE
2025-10-22,"English (American)","WG","WG",394046,83179,14,"production",35,3686,TRUE,TRUE,TRUE
2025-10-22,"English (American)","WG","WG",394056,83189,14,"production",2,3686,TRUE,TRUE,TRUE
2025-10-22,"English (American)","WG","WG",394081,83214,14,"production",43,3686,TRUE,TRUE,TRUE
2025-10-22,"English (American)","WG","WG",394083,83216,14,"production",2,3686,TRUE,TRUE,TRUE
2025-10-22,"English (American)","WG","WG",394089,83222,14,"production",6,3686,TRUE,TRUE,TRUE
2025-10-22,"English (American)","WG","WG",394124,83257,14,"production",3,3686,TRUE,TRUE,TRUE
2025-10-22,"English (American)","WG","WG",394134,83267,14,"production",7,3686,TRUE,TRUE,TRUE
2025-10-22,"English (American)","WG","WG",394146,83279,14,"production",7,3686,TRUE,TRUE,TRUE
2025-10-22,"English (American)","WG","WG",394157,83290,14,"production",16,3686,TRUE,TRUE,TRUE
2025-10-22,"English (American)","WG","WG",394171,83304,14,"production",87,3686,TRUE,TRUE,TRUE
2025-10-22,"English (American)","WG","WG",394180,83313,14,"production",10,3686,TRUE,TRUE,TRUE
2025-10-22,"English (American)","WG","WG",394200,83333,14,"production",30,3686,TRUE,TRUE,TRUE
2025-10-22,"English (American)","WG","WG",394208,83341,14,"production",99,3686,TRUE,TRUE,TRUE
2025-10-22,"English (American)","WG","WG",394215,83348,14,"production",135,3686,TRUE,TRUE,TRUE
2025-10-22,"English (American)","WG","WG",394230,83363,14,"production",2,3686,TRUE,TRUE,TRUE
2025-10-22,"English (American)","WG","WG",394232,83365,14,"production",110,3686,TRUE,TRUE,TRUE
2025-10-22,"English (American)","WG","WG",394237,83370,14,"production",14,3686,TRUE,TRUE,TRUE
2025-10-22,"English (American)","WG","WG",394276,83409,14,"production",5,3686,TRUE,TRUE,TRUE
2025-10-22,"English (American)","WG","WG",394296,83429,14,"production",0,3686,TRUE,TRUE,TRUE
2025-10-22,"English (American)","WG","WG",394302,83435,14,"production",2,3686,TRUE,TRUE,TRUE
2025-10-22,"English (American)","WG","WG",394308,83441,14,"production",0,3686,TRUE,TRUE,TRUE
2025-10-22,"English (American)","WG","WG",394316,83449,14,"production",371,3686,TRUE,TRUE,TRUE
2025-10-22,"English (American)","WG","WG",394327,83460,14,"production",73,3686,TRUE,TRUE,TRUE
2025-10-22,"English (American)","WG","WG",394343,83476,14,"production",63,3686,TRUE,TRUE,TRUE
2025-10-22,"English (American)","WG","WG",394345,83478,14,"production",2,3686,TRUE,TRUE,TRUE
2025-10-22,"English (American)","WG","WG",394353,83486,14,"production",29,3686,TRUE,TRUE,TRUE
2025-10-22,"English (American)","WG","WG",394368,83501,14,"production",4,3686,TRUE,TRUE,TRUE
2025-10-22,"English (American)","WG","WG",394383,83516,14,"production",3,3686,TRUE,TRUE,TRUE
2025-10-22,"English (American)","WG","WG",394386,83519,14,"production",72,3686,TRUE,TRUE,TRUE
2025-10-22,"English (American)","WG","WG",394389,83522,14,"production",0,3686,TRUE,TRUE,TRUE
2025-10-22,"English (American)","WG","WG",394391,83524,14,"production",4,3686,TRUE,TRUE,TRUE
2025-10-22,"English (American)","WG","WG",394405,83538,14,"production",16,3686,TRUE,TRUE,TRUE
2025-10-22,"English (American)","WG","WG",394421,83554,14,"production",7,3686,TRUE,TRUE,TRUE
2025-10-22,"English (American)","WG","WG",394429,83562,14,"production",4,3686,TRUE,TRUE,TRUE
2025-10-22,"English (American)","WG","WG",394437,83570,14,"production",0,3686,TRUE,TRUE,TRUE
2025-10-22,"English (American)","WG","WG",394442,83575,14,"production",29,3686,TRUE,TRUE,TRUE
2025-10-22,"English (American)","WG","WG",394459,83592,14,"production",42,3686,TRUE,TRUE,TRUE
2025-10-22,"English (American)","WG","WG",394460,83593,14,"production",29,3686,TRUE,TRUE,TRUE
2025-10-22,"English (American)","WG","WG",394466,83599,14,"production",1,3686,TRUE,TRUE,TRUE
2025-10-22,"English (American)","WG","WG",394471,83604,14,"production",21,3686,TRUE,TRUE,TRUE
2025-10-22,"English (American)","WG","WG",394477,83610,14,"production",66,3686,TRUE,TRUE,TRUE
2025-10-22,"English (American)","WG","WG",394479,83612,14,"production",347,3686,TRUE,TRUE,TRUE
2025-10-22,"English (American)","WG","WG",394485,83618,14,"production",9,3686,TRUE,TRUE,TRUE
2025-10-22,"English (American)","WG","WG",394501,83634,14,"production",6,3686,TRUE,TRUE,TRUE
2025-10-22,"English (American)","WG","WG",394505,83638,14,"production",42,3686,TRUE,TRUE,TRUE
2025-10-22,"English (American)","WG","WG",394524,83657,14,"production",10,3686,TRUE,TRUE,TRUE
2025-10-22,"English (American)","WG","WG",394533,83666,14,"production",4,3686,TRUE,TRUE,TRUE
2025-10-22,"English (American)","WG","WG",394541,83674,14,"production",47,3686,TRUE,TRUE,TRUE
2025-10-22,"English (American)","WG","WG",394550,83683,14,"production",11,3686,TRUE,TRUE,TRUE
2025-10-22,"English (American)","WG","WG",394552,83685,14,"production",9,3686,TRUE,TRUE,TRUE
2025-10-22,"English (American)","WG","WG",394556,83689,14,"production",71,3686,TRUE,TRUE,TRUE
2025-10-22,"English (American)","WG","WG",394558,83691,14,"production",11,3686,TRUE,TRUE,TRUE
2025-10-22,"English (American)","WG","WG",394561,83694,14,"production",7,3686,TRUE,TRUE,TRUE
2025-10-22,"English (American)","WG","WG",394570,83703,14,"production",1,3686,TRUE,TRUE,TRUE
2025-10-22,"English (American)","WG","WG",394571,83704,14,"production",21,3686,TRUE,TRUE,TRUE
2025-10-22,"English (American)","WG","WG",394590,83723,14,"production",3,3686,TRUE,TRUE,TRUE
2025-10-22,"English (American)","WG","WG",394593,83726,14,"production",18,3686,TRUE,TRUE,TRUE
2025-10-22,"English (American)","WG","WG",394607,83740,14,"production",1,3686,TRUE,TRUE,TRUE
2025-10-22,"English (American)","WG","WG",394611,83744,14,"production",38,3686,TRUE,TRUE,TRUE
2025-10-22,"English (American)","WG","WG",394612,83745,14,"production",4,3686,TRUE,TRUE,TRUE
2025-10-22,"English (American)","WG","WG",394613,83746,14,"production",114,3686,TRUE,TRUE,TRUE
2025-10-22,"English (American)","WG","WG",394619,83752,14,"production",6,3686,TRUE,TRUE,TRUE
2025-10-22,"English (American)","WG","WG",394631,83764,14,"production",0,3686,TRUE,TRUE,TRUE
2025-10-22,"English (American)","WG","WG",394650,83783,14,"production",17,3686,TRUE,TRUE,TRUE
2025-10-22,"English (American)","WG","WG",394654,83787,14,"production",4,3686,TRUE,TRUE,TRUE
2025-10-22,"English (American)","WG","WG",394657,83790,14,"production",21,3686,TRUE,TRUE,TRUE
2025-10-22,"English (American)","WG","WG",394658,83791,14,"production",0,3686,TRUE,TRUE,TRUE
2025-10-22,"English (American)","WG","WG",394663,83796,14,"production",0,3686,TRUE,TRUE,TRUE
2025-10-22,"English (American)","WG","WG",394665,83798,14,"production",0,3686,TRUE,TRUE,TRUE
2025-10-22,"English (American)","WG","WG",394667,83800,14,"production",0,3686,TRUE,TRUE,TRUE
2025-10-22,"English (American)","WG","WG",394669,83802,14,"production",48,3686,TRUE,TRUE,TRUE
2025-10-22,"English (American)","WG","WG",394672,83805,14,"production",0,3686,TRUE,TRUE,TRUE
2025-10-22,"English (American)","WG","WG",394673,83806,14,"production",0,3686,TRUE,TRUE,TRUE
2025-10-22,"English (American)","WG","WG",394677,83810,14,"production",0,3686,TRUE,TRUE,TRUE
2025-10-22,"English (American)","WG","WG",394680,83813,14,"production",0,3686,TRUE,TRUE,TRUE
2025-10-22,"English (American)","WG","WG",394689,83822,14,"production",0,3686,TRUE,TRUE,TRUE
2025-10-22,"English (American)","WG","WG",394728,83861,14,"production",7,3686,TRUE,TRUE,TRUE
2025-10-22,"English (American)","WG","WG",394933,84066,14,"production",4,3686,TRUE,TRUE,TRUE
2025-10-22,"English (American)","WG","WG",395274,84407,14,"production",0,3686,TRUE,TRUE,TRUE
2025-10-22,"English (American)","WG","WG",395277,84410,14,"production",26,3686,TRUE,TRUE,TRUE
2025-10-22,"English (American)","WG","WG",395280,84413,14,"production",0,3686,TRUE,TRUE,TRUE
2025-10-22,"English (American)","WG","WG",395282,84415,14,"production",1,3686,TRUE,TRUE,TRUE
2025-10-22,"English (American)","WG","WG",395284,84417,14,"production",134,3686,TRUE,TRUE,TRUE
2025-10-22,"English (American)","WG","WG",395286,84419,14,"production",0,3686,TRUE,TRUE,TRUE
2025-10-22,"English (American)","WG","WG",395289,84422,14,"production",0,3686,TRUE,TRUE,TRUE
2025-10-22,"English (American)","WG","WG",395292,84425,14,"production",11,3686,TRUE,TRUE,TRUE
2025-10-22,"English (American)","WG","WG",395294,84427,14,"production",58,3686,TRUE,TRUE,TRUE
2025-10-22,"English (American)","WG","WG",395295,84428,14,"production",11,3686,TRUE,TRUE,TRUE
2025-10-22,"English (American)","WG","WG",395296,84429,14,"production",6,3686,TRUE,TRUE,TRUE
2025-10-22,"English (American)","WG","WG",395297,84430,14,"production",3,3686,TRUE,TRUE,TRUE
2025-10-22,"English (American)","WG","WG",395306,84439,14,"production",5,3686,TRUE,TRUE,TRUE
2025-10-22,"English (American)","WG","WG",395307,84440,14,"production",0,3686,TRUE,TRUE,TRUE
2025-10-22,"English (American)","WG","WG",395309,84442,14,"production",2,3686,TRUE,TRUE,TRUE
2025-10-22,"English (American)","WG","WG",395310,84443,14,"production",19,3686,TRUE,TRUE,TRUE
2025-10-22,"English (American)","WG","WG",395311,84444,14,"production",43,3686,TRUE,TRUE,TRUE
2025-10-22,"English (American)","WG","WG",395313,84446,14,"production",0,3686,TRUE,TRUE,TRUE
2025-10-22,"English (American)","WG","WG",395361,3327,14,"production",4,3686,TRUE,TRUE,TRUE
2025-10-22,"English (American)","WG","WG",395379,3345,14,"production",4,3686,TRUE,TRUE,TRUE
2025-10-22,"English (American)","WG","WG",395458,3425,14,"production",1,3686,TRUE,TRUE,TRUE
2025-10-22,"English (American)","WG","WG",395481,3448,14,"production",10,3686,TRUE,TRUE,TRUE
2025-10-22,"English (American)","WG","WG",395532,3499,14,"production",48,3686,TRUE,TRUE,TRUE
2025-10-22,"English (American)","WG","WG",395900,3878,14,"production",3,3686,TRUE,TRUE,TRUE
2025-10-22,"English (American)","WG","WG",391368,4057,15,"production",190,3686,TRUE,TRUE,TRUE
2025-10-22,"English (American)","WG","WG",391395,4084,15,"production",14,3686,TRUE,TRUE,TRUE
2025-10-22,"English (American)","WG","WG",391409,4098,15,"production",106,3686,TRUE,TRUE,TRUE
2025-10-22,"English (American)","WG","WG",391491,4180,15,"production",0,3686,TRUE,TRUE,TRUE
2025-10-22,"English (American)","WG","WG",391502,4191,15,"production",43,3686,TRUE,TRUE,TRUE
2025-10-22,"English (American)","WG","WG",391521,4210,15,"production",42,3686,TRUE,TRUE,TRUE
2025-10-22,"English (American)","WG","WG",391522,4211,15,"production",53,3686,TRUE,TRUE,TRUE
2025-10-22,"English (American)","WG","WG",391533,4222,15,"production",84,3686,TRUE,TRUE,TRUE
2025-10-22,"English (American)","WG","WG",391547,4236,15,"production",29,3686,TRUE,TRUE,TRUE
2025-10-22,"English (American)","WG","WG",391549,4238,15,"production",25,3686,TRUE,TRUE,TRUE
2025-10-22,"English (American)","WG","WG",391559,4248,15,"production",11,3686,TRUE,TRUE,TRUE
2025-10-22,"English (American)","WG","WG",391561,4250,15,"production",18,3686,TRUE,TRUE,TRUE
2025-10-22,"English (American)","WG","WG",391562,4251,15,"production",7,3686,TRUE,TRUE,TRUE
2025-10-22,"English (American)","WG","WG",391564,4253,15,"production",52,3686,TRUE,TRUE,TRUE
2025-10-22,"English (American)","WG","WG",391575,4264,15,"production",18,3686,TRUE,TRUE,TRUE
2025-10-22,"English (American)","WG","WG",391580,4269,15,"production",35,3686,TRUE,TRUE,TRUE
2025-10-22,"English (American)","WG","WG",391588,4277,15,"production",25,3686,TRUE,TRUE,TRUE
2025-10-22,"English (American)","WG","WG",391603,4292,15,"production",62,3686,TRUE,TRUE,TRUE
2025-10-22,"English (American)","WG","WG",391613,4302,15,"production",16,3686,TRUE,TRUE,TRUE
2025-10-22,"English (American)","WG","WG",391619,4308,15,"production",20,3686,TRUE,TRUE,TRUE
2025-10-22,"English (American)","WG","WG",391633,4322,15,"production",31,3686,TRUE,TRUE,TRUE
2025-10-22,"English (American)","WG","WG",391635,4324,15,"production",102,3686,TRUE,TRUE,TRUE
2025-10-22,"English (American)","WG","WG",391647,4336,15,"production",18,3686,TRUE,TRUE,TRUE
2025-10-22,"English (American)","WG","WG",391652,4341,15,"production",44,3686,TRUE,TRUE,TRUE
2025-10-22,"English (American)","WG","WG",391653,4342,15,"production",75,3686,TRUE,TRUE,TRUE
2025-10-22,"English (American)","WG","WG",391659,4348,15,"production",7,3686,TRUE,TRUE,TRUE
2025-10-22,"English (American)","WG","WG",391663,4352,15,"production",3,3686,TRUE,TRUE,TRUE
2025-10-22,"English (American)","WG","WG",391669,4358,15,"production",167,3686,TRUE,TRUE,TRUE
2025-10-22,"English (American)","WG","WG",391670,4359,15,"production",2,3686,TRUE,TRUE,TRUE
2025-10-22,"English (American)","WG","WG",391673,4362,15,"production",10,3686,TRUE,TRUE,TRUE
2025-10-22,"English (American)","WG","WG",391683,4372,15,"production",18,3686,TRUE,TRUE,TRUE
2025-10-22,"English (American)","WG","WG",391684,4373,15,"production",155,3686,TRUE,TRUE,TRUE
2025-10-22,"English (American)","WG","WG",391689,4378,15,"production",30,3686,TRUE,TRUE,TRUE
2025-10-22,"English (American)","WG","WG",391699,4388,15,"production",4,3686,TRUE,TRUE,TRUE
2025-10-22,"English (American)","WG","WG",391734,4423,15,"production",9,3686,TRUE,TRUE,TRUE
2025-10-22,"English (American)","WG","WG",391735,4424,15,"production",20,3686,TRUE,TRUE,TRUE
2025-10-22,"English (American)","WG","WG",391736,4425,15,"production",33,3686,TRUE,TRUE,TRUE
2025-10-22,"English (American)","WG","WG",391751,4440,15,"production",69,3686,TRUE,TRUE,TRUE
2025-10-22,"English (American)","WG","WG",391753,4442,15,"production",90,3686,TRUE,TRUE,TRUE
2025-10-22,"English (American)","WG","WG",391754,4443,15,"production",7,3686,TRUE,TRUE,TRUE
2025-10-22,"English (American)","WG","WG",391755,4444,15,"production",0,3686,TRUE,TRUE,TRUE
2025-10-22,"English (American)","WG","WG",391758,4447,15,"production",15,3686,TRUE,TRUE,TRUE
2025-10-22,"English (American)","WG","WG",391759,4448,15,"production",37,3686,TRUE,TRUE,TRUE
2025-10-22,"English (American)","WG","WG",391760,4449,15,"production",88,3686,TRUE,TRUE,TRUE
2025-10-22,"English (American)","WG","WG",391761,4450,15,"production",24,3686,TRUE,TRUE,TRUE
2025-10-22,"English (American)","WG","WG",391762,4451,15,"production",20,3686,TRUE,TRUE,TRUE
2025-10-22,"English (American)","WG","WG",391763,4452,15,"production",6,3686,TRUE,TRUE,TRUE
2025-10-22,"English (American)","WG","WG",391764,4453,15,"production",2,3686,TRUE,TRUE,TRUE
2025-10-22,"English (American)","WG","WG",391766,4455,15,"production",38,3686,TRUE,TRUE,TRUE
2025-10-22,"English (American)","WG","WG",391767,4456,15,"production",20,3686,TRUE,TRUE,TRUE
2025-10-22,"English (American)","WG","WG",391768,4457,15,"production",22,3686,TRUE,TRUE,TRUE
2025-10-22,"English (American)","WG","WG",391800,4489,15,"production",79,3686,TRUE,TRUE,TRUE
2025-10-22,"English (American)","WG","WG",391847,4536,15,"production",32,3686,TRUE,TRUE,TRUE
2025-10-22,"English (American)","WG","WG",391858,4547,15,"production",12,3686,TRUE,TRUE,TRUE
2025-10-22,"English (American)","WG","WG",391867,4556,15,"production",16,3686,TRUE,TRUE,TRUE
2025-10-22,"English (American)","WG","WG",391885,4574,15,"production",38,3686,TRUE,TRUE,TRUE
2025-10-22,"English (American)","WG","WG",391911,4600,15,"production",193,3686,TRUE,TRUE,TRUE
2025-10-22,"English (American)","WG","WG",391927,4616,15,"production",30,3686,TRUE,TRUE,TRUE
2025-10-22,"English (American)","WG","WG",391949,4638,15,"production",39,3686,TRUE,TRUE,TRUE
2025-10-22,"English (American)","WG","WG",391952,4641,15,"production",15,3686,TRUE,TRUE,TRUE
2025-10-22,"English (American)","WG","WG",391985,4674,15,"production",17,3686,TRUE,TRUE,TRUE
2025-10-22,"English (American)","WG","WG",391986,4675,15,"production",325,3686,TRUE,TRUE,TRUE
2025-10-22,"English (American)","WG","WG",391992,4681,15,"production",64,3686,TRUE,TRUE,TRUE
2025-10-22,"English (American)","WG","WG",391993,4682,15,"production",19,3686,TRUE,TRUE,TRUE
2025-10-22,"English (American)","WG","WG",392001,4690,15,"production",38,3686,TRUE,TRUE,TRUE
2025-10-22,"English (American)","WG","WG",392002,4691,15,"production",0,3686,TRUE,TRUE,TRUE
2025-10-22,"English (American)","WG","WG",392003,4692,15,"production",19,3686,TRUE,TRUE,TRUE
2025-10-22,"English (American)","WG","WG",392005,4694,15,"production",53,3686,TRUE,TRUE,TRUE
2025-10-22,"English (American)","WG","WG",392014,4703,15,"production",9,3686,TRUE,TRUE,TRUE
2025-10-22,"English (American)","WG","WG",392015,4704,15,"production",13,3686,TRUE,TRUE,TRUE
2025-10-22,"English (American)","WG","WG",392017,4706,15,"production",41,3686,TRUE,TRUE,TRUE
2025-10-22,"English (American)","WG","WG",392042,4731,15,"production",84,3686,TRUE,TRUE,TRUE
2025-10-22,"English (American)","WG","WG",392045,4734,15,"production",32,3686,TRUE,TRUE,TRUE
2025-10-22,"English (American)","WG","WG",392075,4764,15,"production",22,3686,TRUE,TRUE,TRUE
2025-10-22,"English (American)","WG","WG",392076,4765,15,"production",0,3686,TRUE,TRUE,TRUE
2025-10-22,"English (American)","WG","WG",392121,4810,15,"production",7,3686,TRUE,TRUE,TRUE
2025-10-22,"English (American)","WG","WG",392130,4819,15,"production",18,3686,TRUE,TRUE,TRUE
2025-10-22,"English (American)","WG","WG",392131,4820,15,"production",7,3686,TRUE,TRUE,TRUE
2025-10-22,"English (American)","WG","WG",392138,4827,15,"production",29,3686,TRUE,TRUE,TRUE
2025-10-22,"English (American)","WG","WG",392141,4830,15,"production",35,3686,TRUE,TRUE,TRUE
2025-10-22,"English (American)","WG","WG",392142,4831,15,"production",3,3686,TRUE,TRUE,TRUE
2025-10-22,"English (American)","WG","WG",392143,4832,15,"production",10,3686,TRUE,TRUE,TRUE
2025-10-22,"English (American)","WG","WG",392151,4840,15,"production",3,3686,TRUE,TRUE,TRUE
2025-10-22,"English (American)","WG","WG",392156,4845,15,"production",14,3686,TRUE,TRUE,TRUE
2025-10-22,"English (American)","WG","WG",392157,4846,15,"production",5,3686,TRUE,TRUE,TRUE
2025-10-22,"English (American)","WG","WG",392173,4862,15,"production",26,3686,TRUE,TRUE,TRUE
2025-10-22,"English (American)","WG","WG",392187,4876,15,"production",44,3686,TRUE,TRUE,TRUE
2025-10-22,"English (American)","WG","WG",392193,4882,15,"production",6,3686,TRUE,TRUE,TRUE
2025-10-22,"English (American)","WG","WG",392199,4888,15,"production",0,3686,TRUE,TRUE,TRUE
2025-10-22,"English (American)","WG","WG",392202,4891,15,"production",7,3686,TRUE,TRUE,TRUE
2025-10-22,"English (American)","WG","WG",392203,4892,15,"production",32,3686,TRUE,TRUE,TRUE
2025-10-22,"English (American)","WG","WG",392207,4896,15,"production",29,3686,TRUE,TRUE,TRUE
2025-10-22,"English (American)","WG","WG",392208,4897,15,"production",8,3686,TRUE,TRUE,TRUE
2025-10-22,"English (American)","WG","WG",392214,4903,15,"production",20,3686,TRUE,TRUE,TRUE
2025-10-22,"English (American)","WG","WG",392221,4910,15,"production",13,3686,TRUE,TRUE,TRUE
2025-10-22,"English (American)","WG","WG",392226,4915,15,"production",2,3686,TRUE,TRUE,TRUE
2025-10-22,"English (American)","WG","WG",392231,4920,15,"production",0,3686,TRUE,TRUE,TRUE
2025-10-22,"English (American)","WG","WG",392232,4921,15,"production",376,3686,TRUE,TRUE,TRUE
2025-10-22,"English (American)","WG","WG",392235,4924,15,"production",78,3686,TRUE,TRUE,TRUE
2025-10-22,"English (American)","WG","WG",392236,4925,15,"production",0,3686,TRUE,TRUE,TRUE
2025-10-22,"English (American)","WG","WG",392239,4928,15,"production",25,3686,TRUE,TRUE,TRUE
2025-10-22,"English (American)","WG","WG",392240,4929,15,"production",0,3686,TRUE,TRUE,TRUE
2025-10-22,"English (American)","WG","WG",392255,4944,15,"production",155,3686,TRUE,TRUE,TRUE
2025-10-22,"English (American)","WG","WG",392268,4957,15,"production",27,3686,TRUE,TRUE,TRUE
2025-10-22,"English (American)","WG","WG",392275,4964,15,"production",0,3686,TRUE,TRUE,TRUE
2025-10-22,"English (American)","WG","WG",392279,4968,15,"production",3,3686,TRUE,TRUE,TRUE
2025-10-22,"English (American)","WG","WG",392281,4970,15,"production",3,3686,TRUE,TRUE,TRUE
2025-10-22,"English (American)","WG","WG",392284,4973,15,"production",9,3686,TRUE,TRUE,TRUE
2025-10-22,"English (American)","WG","WG",392285,4974,15,"production",19,3686,TRUE,TRUE,TRUE
2025-10-22,"English (American)","WG","WG",392291,4980,15,"production",26,3686,TRUE,TRUE,TRUE
2025-10-22,"English (American)","WG","WG",392300,4989,15,"production",26,3686,TRUE,TRUE,TRUE
2025-10-22,"English (American)","WG","WG",392305,4994,15,"production",5,3686,TRUE,TRUE,TRUE
2025-10-22,"English (American)","WG","WG",392336,5025,15,"production",59,3686,TRUE,TRUE,TRUE
2025-10-22,"English (American)","WG","WG",392339,5028,15,"production",15,3686,TRUE,TRUE,TRUE
2025-10-22,"English (American)","WG","WG",392348,5036,15,"production",0,3686,TRUE,TRUE,TRUE
2025-10-22,"English (American)","WG","WG",392353,5041,15,"production",23,3686,TRUE,TRUE,TRUE
2025-10-22,"English (American)","WG","WG",392356,5044,15,"production",5,3686,TRUE,TRUE,TRUE
2025-10-22,"English (American)","WG","WG",392357,5045,15,"production",59,3686,TRUE,TRUE,TRUE
2025-10-22,"English (American)","WG","WG",392367,5055,15,"production",0,3686,TRUE,TRUE,TRUE
2025-10-22,"English (American)","WG","WG",393046,30753,15,"production",28,3686,TRUE,TRUE,TRUE
2025-10-22,"English (American)","WG","WG",393054,30761,15,"production",42,3686,TRUE,TRUE,TRUE
2025-10-22,"English (American)","WG","WG",393457,82590,15,"production",34,3686,TRUE,TRUE,TRUE
2025-10-22,"English (American)","WG","WG",393485,82618,15,"production",8,3686,TRUE,TRUE,TRUE
2025-10-22,"English (American)","WG","WG",393508,82641,15,"production",13,3686,TRUE,TRUE,TRUE
2025-10-22,"English (American)","WG","WG",393556,82689,15,"production",11,3686,TRUE,TRUE,TRUE
2025-10-22,"English (American)","WG","WG",393617,82750,15,"production",5,3686,TRUE,TRUE,TRUE
2025-10-22,"English (American)","WG","WG",393657,82790,15,"production",17,3686,TRUE,TRUE,TRUE
2025-10-22,"English (American)","WG","WG",393669,82802,15,"production",12,3686,TRUE,TRUE,TRUE
2025-10-22,"English (American)","WG","WG",393701,82834,15,"production",105,3686,TRUE,TRUE,TRUE
2025-10-22,"English (American)","WG","WG",393705,82838,15,"production",13,3686,TRUE,TRUE,TRUE
2025-10-22,"English (American)","WG","WG",393719,82852,15,"production",16,3686,TRUE,TRUE,TRUE
2025-10-22,"English (American)","WG","WG",393731,82864,15,"production",333,3686,TRUE,TRUE,TRUE
2025-10-22,"English (American)","WG","WG",393744,82877,15,"production",277,3686,TRUE,TRUE,TRUE
2025-10-22,"English (American)","WG","WG",393745,82878,15,"production",137,3686,TRUE,TRUE,TRUE
2025-10-22,"English (American)","WG","WG",393751,82884,15,"production",32,3686,TRUE,TRUE,TRUE
2025-10-22,"English (American)","WG","WG",393924,83057,15,"production",1,3686,TRUE,TRUE,TRUE
2025-10-22,"English (American)","WG","WG",393926,83059,15,"production",2,3686,TRUE,TRUE,TRUE
2025-10-22,"English (American)","WG","WG",393928,83061,15,"production",123,3686,TRUE,TRUE,TRUE
2025-10-22,"English (American)","WG","WG",393931,83064,15,"production",1,3686,TRUE,TRUE,TRUE
2025-10-22,"English (American)","WG","WG",393962,83095,15,"production",2,3686,TRUE,TRUE,TRUE
2025-10-22,"English (American)","WG","WG",393986,83119,15,"production",16,3686,TRUE,TRUE,TRUE
2025-10-22,"English (American)","WG","WG",393996,83129,15,"production",388,3686,TRUE,TRUE,TRUE
2025-10-22,"English (American)","WG","WG",394023,83156,15,"production",1,3686,TRUE,TRUE,TRUE
2025-10-22,"English (American)","WG","WG",394034,83167,15,"production",152,3686,TRUE,TRUE,TRUE
2025-10-22,"English (American)","WG","WG",394048,83181,15,"production",3,3686,TRUE,TRUE,TRUE
2025-10-22,"English (American)","WG","WG",394062,83195,15,"production",14,3686,TRUE,TRUE,TRUE
2025-10-22,"English (American)","WG","WG",394097,83230,15,"production",105,3686,TRUE,TRUE,TRUE
2025-10-22,"English (American)","WG","WG",394099,83232,15,"production",1,3686,TRUE,TRUE,TRUE
2025-10-22,"English (American)","WG","WG",394135,83268,15,"production",98,3686,TRUE,TRUE,TRUE
2025-10-22,"English (American)","WG","WG",394136,83269,15,"production",14,3686,TRUE,TRUE,TRUE
2025-10-22,"English (American)","WG","WG",394158,83291,15,"production",6,3686,TRUE,TRUE,TRUE
2025-10-22,"English (American)","WG","WG",394190,83323,15,"production",25,3686,TRUE,TRUE,TRUE
2025-10-22,"English (American)","WG","WG",394193,83326,15,"production",394,3686,TRUE,TRUE,TRUE
2025-10-22,"English (American)","WG","WG",394204,83337,15,"production",43,3686,TRUE,TRUE,TRUE
2025-10-22,"English (American)","WG","WG",394205,83338,15,"production",0,3686,TRUE,TRUE,TRUE
2025-10-22,"English (American)","WG","WG",394238,83371,15,"production",2,3686,TRUE,TRUE,TRUE
2025-10-22,"English (American)","WG","WG",394253,83386,15,"production",4,3686,TRUE,TRUE,TRUE
2025-10-22,"English (American)","WG","WG",394332,83465,15,"production",65,3686,TRUE,TRUE,TRUE
2025-10-22,"English (American)","WG","WG",394352,83485,15,"production",18,3686,TRUE,TRUE,TRUE
2025-10-22,"English (American)","WG","WG",394388,83521,15,"production",57,3686,TRUE,TRUE,TRUE
2025-10-22,"English (American)","WG","WG",394390,83523,15,"production",26,3686,TRUE,TRUE,TRUE
2025-10-22,"English (American)","WG","WG",394407,83540,15,"production",4,3686,TRUE,TRUE,TRUE
2025-10-22,"English (American)","WG","WG",394434,83567,15,"production",0,3686,TRUE,TRUE,TRUE
2025-10-22,"English (American)","WG","WG",394447,83580,15,"production",16,3686,TRUE,TRUE,TRUE
2025-10-22,"English (American)","WG","WG",394450,83583,15,"production",14,3686,TRUE,TRUE,TRUE
2025-10-22,"English (American)","WG","WG",394452,83585,15,"production",240,3686,TRUE,TRUE,TRUE
2025-10-22,"English (American)","WG","WG",394462,83595,15,"production",22,3686,TRUE,TRUE,TRUE
2025-10-22,"English (American)","WG","WG",394465,83598,15,"production",1,3686,TRUE,TRUE,TRUE
2025-10-22,"English (American)","WG","WG",394476,83609,15,"production",241,3686,TRUE,TRUE,TRUE
2025-10-22,"English (American)","WG","WG",394510,83643,15,"production",18,3686,TRUE,TRUE,TRUE
2025-10-22,"English (American)","WG","WG",394526,83659,15,"production",7,3686,TRUE,TRUE,TRUE
2025-10-22,"English (American)","WG","WG",394528,83661,15,"production",20,3686,TRUE,TRUE,TRUE
2025-10-22,"English (American)","WG","WG",394530,83663,15,"production",45,3686,TRUE,TRUE,TRUE
2025-10-22,"English (American)","WG","WG",394542,83675,15,"production",0,3686,TRUE,TRUE,TRUE
2025-10-22,"English (American)","WG","WG",394543,83676,15,"production",34,3686,TRUE,TRUE,TRUE
2025-10-22,"English (American)","WG","WG",394544,83677,15,"production",7,3686,TRUE,TRUE,TRUE
2025-10-22,"English (American)","WG","WG",394565,83698,15,"production",12,3686,TRUE,TRUE,TRUE
2025-10-22,"English (American)","WG","WG",394610,83743,15,"production",3,3686,TRUE,TRUE,TRUE
2025-10-22,"English (American)","WG","WG",394622,83755,15,"production",0,3686,TRUE,TRUE,TRUE
2025-10-22,"English (American)","WG","WG",394643,83776,15,"production",70,3686,TRUE,TRUE,TRUE
2025-10-22,"English (American)","WG","WG",394662,83795,15,"production",0,3686,TRUE,TRUE,TRUE
2025-10-22,"English (American)","WG","WG",394670,83803,15,"production",0,3686,TRUE,TRUE,TRUE
2025-10-22,"English (American)","WG","WG",394671,83804,15,"production",0,3686,TRUE,TRUE,TRUE
2025-10-22,"English (American)","WG","WG",394678,83811,15,"production",0,3686,TRUE,TRUE,TRUE
2025-10-22,"English (American)","WG","WG",394679,83812,15,"production",0,3686,TRUE,TRUE,TRUE
2025-10-22,"English (American)","WG","WG",394686,83819,15,"production",0,3686,TRUE,TRUE,TRUE
2025-10-22,"English (American)","WG","WG",394687,83820,15,"production",0,3686,TRUE,TRUE,TRUE
2025-10-22,"English (American)","WG","WG",394921,84054,15,"production",7,3686,TRUE,TRUE,TRUE
2025-10-22,"English (American)","WG","WG",395024,84157,15,"production",9,3686,TRUE,TRUE,TRUE
2025-10-22,"English (American)","WG","WG",395025,84158,15,"production",12,3686,TRUE,TRUE,TRUE
2025-10-22,"English (American)","WG","WG",395259,84392,15,"production",21,3686,TRUE,TRUE,TRUE
2025-10-22,"English (American)","WG","WG",395260,84393,15,"production",11,3686,TRUE,TRUE,TRUE
2025-10-22,"English (American)","WG","WG",395261,84394,15,"production",54,3686,TRUE,TRUE,TRUE
2025-10-22,"English (American)","WG","WG",395273,84406,15,"production",25,3686,TRUE,TRUE,TRUE
2025-10-22,"English (American)","WG","WG",395275,84408,15,"production",15,3686,TRUE,TRUE,TRUE
2025-10-22,"English (American)","WG","WG",395276,84409,15,"production",21,3686,TRUE,TRUE,TRUE
2025-10-22,"English (American)","WG","WG",395278,84411,15,"production",23,3686,TRUE,TRUE,TRUE
2025-10-22,"English (American)","WG","WG",395279,84412,15,"production",18,3686,TRUE,TRUE,TRUE
2025-10-22,"English (American)","WG","WG",395281,84414,15,"production",21,3686,TRUE,TRUE,TRUE
2025-10-22,"English (American)","WG","WG",395283,84416,15,"production",24,3686,TRUE,TRUE,TRUE
2025-10-22,"English (American)","WG","WG",395287,84420,15,"production",13,3686,TRUE,TRUE,TRUE
2025-10-22,"English (American)","WG","WG",395290,84423,15,"production",25,3686,TRUE,TRUE,TRUE
2025-10-22,"English (American)","WG","WG",395291,84424,15,"production",8,3686,TRUE,TRUE,TRUE
2025-10-22,"English (American)","WG","WG",395293,84426,15,"production",8,3686,TRUE,TRUE,TRUE
2025-10-22,"English (American)","WG","WG",395298,84431,15,"production",0,3686,TRUE,TRUE,TRUE
2025-10-22,"English (American)","WG","WG",395299,84432,15,"production",46,3686,TRUE,TRUE,TRUE
2025-10-22,"English (American)","WG","WG",395301,84434,15,"production",64,3686,TRUE,TRUE,TRUE
2025-10-22,"English (American)","WG","WG",395302,84435,15,"production",5,3686,TRUE,TRUE,TRUE
2025-10-22,"English (American)","WG","WG",395303,84436,15,"production",21,3686,TRUE,TRUE,TRUE
2025-10-22,"English (American)","WG","WG",395304,84437,15,"production",53,3686,TRUE,TRUE,TRUE
2025-10-22,"English (American)","WG","WG",395305,84438,15,"production",12,3686,TRUE,TRUE,TRUE
2025-10-22,"English (American)","WG","WG",395308,84441,15,"production",93,3686,TRUE,TRUE,TRUE
2025-10-22,"English (American)","WG","WG",395312,84445,15,"production",26,3686,TRUE,TRUE,TRUE
2025-10-22,"English (American)","WG","WG",391376,4065,16,"production",72,3686,TRUE,TRUE,TRUE
2025-10-22,"English (American)","WG","WG",391384,4073,16,"production",1,3686,TRUE,TRUE,TRUE
2025-10-22,"English (American)","WG","WG",391386,4075,16,"production",104,3686,TRUE,TRUE,TRUE
2025-10-22,"English (American)","WG","WG",391394,4083,16,"production",14,3686,TRUE,TRUE,TRUE
2025-10-22,"English (American)","WG","WG",391414,4103,16,"production",38,3686,TRUE,TRUE,TRUE
2025-10-22,"English (American)","WG","WG",391504,4193,16,"production",17,3686,TRUE,TRUE,TRUE
2025-10-22,"English (American)","WG","WG",391508,4197,16,"production",237,3686,TRUE,TRUE,TRUE
2025-10-22,"English (American)","WG","WG",391512,4201,16,"production",17,3686,TRUE,TRUE,TRUE
2025-10-22,"English (American)","WG","WG",391520,4209,16,"production",240,3686,TRUE,TRUE,TRUE
2025-10-22,"English (American)","WG","WG",391527,4216,16,"production",12,3686,TRUE,TRUE,TRUE
2025-10-22,"English (American)","WG","WG",391531,4220,16,"production",81,3686,TRUE,TRUE,TRUE
2025-10-22,"English (American)","WG","WG",391548,4237,16,"production",64,3686,TRUE,TRUE,TRUE
2025-10-22,"English (American)","WG","WG",391565,4254,16,"production",8,3686,TRUE,TRUE,TRUE
2025-10-22,"English (American)","WG","WG",391586,4275,16,"production",11,3686,TRUE,TRUE,TRUE
2025-10-22,"English (American)","WG","WG",391592,4281,16,"production",48,3686,TRUE,TRUE,TRUE
2025-10-22,"English (American)","WG","WG",391636,4325,16,"production",6,3686,TRUE,TRUE,TRUE
2025-10-22,"English (American)","WG","WG",391637,4326,16,"production",202,3686,TRUE,TRUE,TRUE
2025-10-22,"English (American)","WG","WG",391650,4339,16,"production",110,3686,TRUE,TRUE,TRUE
2025-10-22,"English (American)","WG","WG",391671,4360,16,"production",28,3686,TRUE,TRUE,TRUE
2025-10-22,"English (American)","WG","WG",391681,4370,16,"production",38,3686,TRUE,TRUE,TRUE
2025-10-22,"English (American)","WG","WG",391692,4381,16,"production",26,3686,TRUE,TRUE,TRUE
2025-10-22,"English (American)","WG","WG",391693,4382,16,"production",2,3686,TRUE,TRUE,TRUE
2025-10-22,"English (American)","WG","WG",391694,4383,16,"production",56,3686,TRUE,TRUE,TRUE
2025-10-22,"English (American)","WG","WG",391697,4386,16,"production",40,3686,TRUE,TRUE,TRUE
2025-10-22,"English (American)","WG","WG",391700,4389,16,"production",53,3686,TRUE,TRUE,TRUE
2025-10-22,"English (American)","WG","WG",391701,4390,16,"production",30,3686,TRUE,TRUE,TRUE
2025-10-22,"English (American)","WG","WG",391702,4391,16,"production",10,3686,TRUE,TRUE,TRUE
2025-10-22,"English (American)","WG","WG",391703,4392,16,"production",39,3686,TRUE,TRUE,TRUE
2025-10-22,"English (American)","WG","WG",391704,4393,16,"production",187,3686,TRUE,TRUE,TRUE
2025-10-22,"English (American)","WG","WG",391705,4394,16,"production",31,3686,TRUE,TRUE,TRUE
2025-10-22,"English (American)","WG","WG",391730,4419,16,"production",137,3686,TRUE,TRUE,TRUE
2025-10-22,"English (American)","WG","WG",391738,4427,16,"production",179,3686,TRUE,TRUE,TRUE
2025-10-22,"English (American)","WG","WG",391743,4432,16,"production",19,3686,TRUE,TRUE,TRUE
2025-10-22,"English (American)","WG","WG",391744,4433,16,"production",17,3686,TRUE,TRUE,TRUE
2025-10-22,"English (American)","WG","WG",391750,4439,16,"production",17,3686,TRUE,TRUE,TRUE
2025-10-22,"English (American)","WG","WG",391756,4445,16,"production",9,3686,TRUE,TRUE,TRUE
2025-10-22,"English (American)","WG","WG",391799,4488,16,"production",81,3686,TRUE,TRUE,TRUE
2025-10-22,"English (American)","WG","WG",391848,4537,16,"production",88,3686,TRUE,TRUE,TRUE
2025-10-22,"English (American)","WG","WG",391907,4596,16,"production",6,3686,TRUE,TRUE,TRUE
2025-10-22,"English (American)","WG","WG",391917,4606,16,"production",41,3686,TRUE,TRUE,TRUE
2025-10-22,"English (American)","WG","WG",391919,4608,16,"production",11,3686,TRUE,TRUE,TRUE
2025-10-22,"English (American)","WG","WG",391920,4609,16,"production",7,3686,TRUE,TRUE,TRUE
2025-10-22,"English (American)","WG","WG",391921,4610,16,"production",18,3686,TRUE,TRUE,TRUE
2025-10-22,"English (American)","WG","WG",391922,4611,16,"production",221,3686,TRUE,TRUE,TRUE
2025-10-22,"English (American)","WG","WG",391935,4624,16,"production",0,3686,TRUE,TRUE,TRUE
2025-10-22,"English (American)","WG","WG",391939,4628,16,"production",40,3686,TRUE,TRUE,TRUE
2025-10-22,"English (American)","WG","WG",391943,4632,16,"production",18,3686,TRUE,TRUE,TRUE
2025-10-22,"English (American)","WG","WG",391945,4634,16,"production",179,3686,TRUE,TRUE,TRUE
2025-10-22,"English (American)","WG","WG",391980,4669,16,"production",27,3686,TRUE,TRUE,TRUE
2025-10-22,"English (American)","WG","WG",391981,4670,16,"production",179,3686,TRUE,TRUE,TRUE
2025-10-22,"English (American)","WG","WG",391983,4672,16,"production",18,3686,TRUE,TRUE,TRUE
2025-10-22,"English (American)","WG","WG",391984,4673,16,"production",225,3686,TRUE,TRUE,TRUE
2025-10-22,"English (American)","WG","WG",391987,4676,16,"production",7,3686,TRUE,TRUE,TRUE
2025-10-22,"English (American)","WG","WG",391988,4677,16,"production",6,3686,TRUE,TRUE,TRUE
2025-10-22,"English (American)","WG","WG",391989,4678,16,"production",74,3686,TRUE,TRUE,TRUE
2025-10-22,"English (American)","WG","WG",391990,4679,16,"production",122,3686,TRUE,TRUE,TRUE
2025-10-22,"English (American)","WG","WG",392004,4693,16,"production",15,3686,TRUE,TRUE,TRUE
2025-10-22,"English (American)","WG","WG",392006,4695,16,"production",11,3686,TRUE,TRUE,TRUE
2025-10-22,"English (American)","WG","WG",392009,4698,16,"production",10,3686,TRUE,TRUE,TRUE
2025-10-22,"English (American)","WG","WG",392019,4708,16,"production",21,3686,TRUE,TRUE,TRUE
2025-10-22,"English (American)","WG","WG",392020,4709,16,"production",215,3686,TRUE,TRUE,TRUE
2025-10-22,"English (American)","WG","WG",392094,4783,16,"production",61,3686,TRUE,TRUE,TRUE
2025-10-22,"English (American)","WG","WG",392122,4811,16,"production",14,3686,TRUE,TRUE,TRUE
2025-10-22,"English (American)","WG","WG",392144,4833,16,"production",84,3686,TRUE,TRUE,TRUE
2025-10-22,"English (American)","WG","WG",392145,4834,16,"production",16,3686,TRUE,TRUE,TRUE
2025-10-22,"English (American)","WG","WG",392146,4835,16,"production",39,3686,TRUE,TRUE,TRUE
2025-10-22,"English (American)","WG","WG",392153,4842,16,"production",18,3686,TRUE,TRUE,TRUE
2025-10-22,"English (American)","WG","WG",392154,4843,16,"production",18,3686,TRUE,TRUE,TRUE
2025-10-22,"English (American)","WG","WG",392155,4844,16,"production",48,3686,TRUE,TRUE,TRUE
2025-10-22,"English (American)","WG","WG",392161,4850,16,"production",58,3686,TRUE,TRUE,TRUE
2025-10-22,"English (American)","WG","WG",392188,4877,16,"production",12,3686,TRUE,TRUE,TRUE
2025-10-22,"English (American)","WG","WG",392195,4884,16,"production",15,3686,TRUE,TRUE,TRUE
2025-10-22,"English (American)","WG","WG",392209,4898,16,"production",34,3686,TRUE,TRUE,TRUE
2025-10-22,"English (American)","WG","WG",392220,4909,16,"production",3,3686,TRUE,TRUE,TRUE
2025-10-22,"English (American)","WG","WG",392249,4938,16,"production",0,3686,TRUE,TRUE,TRUE
2025-10-22,"English (American)","WG","WG",392251,4940,16,"production",85,3686,TRUE,TRUE,TRUE
2025-10-22,"English (American)","WG","WG",392262,4951,16,"production",165,3686,TRUE,TRUE,TRUE
2025-10-22,"English (American)","WG","WG",392295,4984,16,"production",94,3686,TRUE,TRUE,TRUE
2025-10-22,"English (American)","WG","WG",392304,4993,16,"production",6,3686,TRUE,TRUE,TRUE
2025-10-22,"English (American)","WG","WG",392503,3411,16,"production",17,3686,TRUE,TRUE,TRUE
2025-10-22,"English (American)","WG","WG",392593,3501,16,"production",30,3686,TRUE,TRUE,TRUE
2025-10-22,"English (American)","WG","WG",392602,3510,16,"production",1,3686,TRUE,TRUE,TRUE
2025-10-22,"English (American)","WG","WG",392611,3520,16,"production",74,3686,TRUE,TRUE,TRUE
2025-10-22,"English (American)","WG","WG",392629,3539,16,"production",82,3686,TRUE,TRUE,TRUE
2025-10-22,"English (American)","WG","WG",392669,5062,16,"production",29,3686,TRUE,TRUE,TRUE
2025-10-22,"English (American)","WG","WG",392670,5063,16,"production",27,3686,TRUE,TRUE,TRUE
2025-10-22,"English (American)","WG","WG",392831,3743,16,"production",36,3686,TRUE,TRUE,TRUE
2025-10-22,"English (American)","WG","WG",392840,3753,16,"production",21,3686,TRUE,TRUE,TRUE
2025-10-22,"English (American)","WG","WG",392848,3762,16,"production",119,3686,TRUE,TRUE,TRUE
2025-10-22,"English (American)","WG","WG",392857,3771,16,"production",25,3686,TRUE,TRUE,TRUE
2025-10-22,"English (American)","WG","WG",392915,3829,16,"production",77,3686,TRUE,TRUE,TRUE
2025-10-22,"English (American)","WG","WG",392916,3830,16,"production",87,3686,TRUE,TRUE,TRUE
2025-10-22,"English (American)","WG","WG",392930,3844,16,"production",22,3686,TRUE,TRUE,TRUE
2025-10-22,"English (American)","WG","WG",393043,30750,16,"production",42,3686,TRUE,TRUE,TRUE
2025-10-22,"English (American)","WG","WG",393047,30754,16,"production",17,3686,TRUE,TRUE,TRUE
2025-10-22,"English (American)","WG","WG",393048,30755,16,"production",9,3686,TRUE,TRUE,TRUE
2025-10-22,"English (American)","WG","WG",393049,30756,16,"production",22,3686,TRUE,TRUE,TRUE
2025-10-22,"English (American)","WG","WG",393050,30757,16,"production",17,3686,TRUE,TRUE,TRUE
2025-10-22,"English (American)","WG","WG",393051,30758,16,"production",76,3686,TRUE,TRUE,TRUE
2025-10-22,"English (American)","WG","WG",393052,30759,16,"production",1,3686,TRUE,TRUE,TRUE
2025-10-22,"English (American)","WG","WG",393482,82615,16,"production",0,3686,TRUE,TRUE,TRUE
2025-10-22,"English (American)","WG","WG",393502,82635,16,"production",10,3686,TRUE,TRUE,TRUE
2025-10-22,"English (American)","WG","WG",393509,82642,16,"production",19,3686,TRUE,TRUE,TRUE
2025-10-22,"English (American)","WG","WG",393510,82643,16,"production",16,3686,TRUE,TRUE,TRUE
2025-10-22,"English (American)","WG","WG",393532,82665,16,"production",0,3686,TRUE,TRUE,TRUE
2025-10-22,"English (American)","WG","WG",393537,82670,16,"production",52,3686,TRUE,TRUE,TRUE
2025-10-22,"English (American)","WG","WG",393540,82673,16,"production",15,3686,TRUE,TRUE,TRUE
2025-10-22,"English (American)","WG","WG",393543,82676,16,"production",10,3686,TRUE,TRUE,TRUE
2025-10-22,"English (American)","WG","WG",393565,82698,16,"production",48,3686,TRUE,TRUE,TRUE
2025-10-22,"English (American)","WG","WG",393576,82709,16,"production",353,3686,TRUE,TRUE,TRUE
2025-10-22,"English (American)","WG","WG",393584,82717,16,"production",53,3686,TRUE,TRUE,TRUE
2025-10-22,"English (American)","WG","WG",393587,82720,16,"production",0,3686,TRUE,TRUE,TRUE
2025-10-22,"English (American)","WG","WG",393594,82727,16,"production",145,3686,TRUE,TRUE,TRUE
2025-10-22,"English (American)","WG","WG",393607,82740,16,"production",133,3686,TRUE,TRUE,TRUE
2025-10-22,"English (American)","WG","WG",393644,82777,16,"production",57,3686,TRUE,TRUE,TRUE
2025-10-22,"English (American)","WG","WG",393683,82816,16,"production",5,3686,TRUE,TRUE,TRUE
2025-10-22,"English (American)","WG","WG",393713,82846,16,"production",104,3686,TRUE,TRUE,TRUE
2025-10-22,"English (American)","WG","WG",393730,82863,16,"production",0,3686,TRUE,TRUE,TRUE
2025-10-22,"English (American)","WG","WG",393768,82901,16,"production",15,3686,TRUE,TRUE,TRUE
2025-10-22,"English (American)","WG","WG",393770,82903,16,"production",73,3686,TRUE,TRUE,TRUE
2025-10-22,"English (American)","WG","WG",393789,82922,16,"production",25,3686,TRUE,TRUE,TRUE
2025-10-22,"English (American)","WG","WG",393831,82964,16,"production",115,3686,TRUE,TRUE,TRUE
2025-10-22,"English (American)","WG","WG",393839,82972,16,"production",19,3686,TRUE,TRUE,TRUE
2025-10-22,"English (American)","WG","WG",393848,82981,16,"production",38,3686,TRUE,TRUE,TRUE
2025-10-22,"English (American)","WG","WG",393856,82989,16,"production",38,3686,TRUE,TRUE,TRUE
2025-10-22,"English (American)","WG","WG",393883,83016,16,"production",17,3686,TRUE,TRUE,TRUE
2025-10-22,"English (American)","WG","WG",393902,83035,16,"production",171,3686,TRUE,TRUE,TRUE
2025-10-22,"English (American)","WG","WG",393905,83038,16,"production",18,3686,TRUE,TRUE,TRUE
2025-10-22,"English (American)","WG","WG",393907,83040,16,"production",8,3686,TRUE,TRUE,TRUE
2025-10-22,"English (American)","WG","WG",393942,83075,16,"production",12,3686,TRUE,TRUE,TRUE
2025-10-22,"English (American)","WG","WG",393964,83097,16,"production",3,3686,TRUE,TRUE,TRUE
2025-10-22,"English (American)","WG","WG",393970,83103,16,"production",47,3686,TRUE,TRUE,TRUE
2025-10-22,"English (American)","WG","WG",393974,83107,16,"production",0,3686,TRUE,TRUE,TRUE
2025-10-22,"English (American)","WG","WG",394071,83204,16,"production",5,3686,TRUE,TRUE,TRUE
2025-10-22,"English (American)","WG","WG",394093,83226,16,"production",152,3686,TRUE,TRUE,TRUE
2025-10-22,"English (American)","WG","WG",394116,83249,16,"production",164,3686,TRUE,TRUE,TRUE
2025-10-22,"English (American)","WG","WG",394119,83252,16,"production",35,3686,TRUE,TRUE,TRUE
2025-10-22,"English (American)","WG","WG",394138,83271,16,"production",2,3686,TRUE,TRUE,TRUE
2025-10-22,"English (American)","WG","WG",394140,83273,16,"production",68,3686,TRUE,TRUE,TRUE
2025-10-22,"English (American)","WG","WG",394142,83275,16,"production",34,3686,TRUE,TRUE,TRUE
2025-10-22,"English (American)","WG","WG",394154,83287,16,"production",6,3686,TRUE,TRUE,TRUE
2025-10-22,"English (American)","WG","WG",394156,83289,16,"production",2,3686,TRUE,TRUE,TRUE
2025-10-22,"English (American)","WG","WG",394165,83298,16,"production",67,3686,TRUE,TRUE,TRUE
2025-10-22,"English (American)","WG","WG",394177,83310,16,"production",15,3686,TRUE,TRUE,TRUE
2025-10-22,"English (American)","WG","WG",394179,83312,16,"production",54,3686,TRUE,TRUE,TRUE
2025-10-22,"English (American)","WG","WG",394182,83315,16,"production",31,3686,TRUE,TRUE,TRUE
2025-10-22,"English (American)","WG","WG",394201,83334,16,"production",5,3686,TRUE,TRUE,TRUE
2025-10-22,"English (American)","WG","WG",394222,83355,16,"production",22,3686,TRUE,TRUE,TRUE
2025-10-22,"English (American)","WG","WG",394256,83389,16,"production",13,3686,TRUE,TRUE,TRUE
2025-10-22,"English (American)","WG","WG",394269,83402,16,"production",0,3686,TRUE,TRUE,TRUE
2025-10-22,"English (American)","WG","WG",394270,83403,16,"production",8,3686,TRUE,TRUE,TRUE
2025-10-22,"English (American)","WG","WG",394275,83408,16,"production",62,3686,TRUE,TRUE,TRUE
2025-10-22,"English (American)","WG","WG",394290,83423,16,"production",33,3686,TRUE,TRUE,TRUE
2025-10-22,"English (American)","WG","WG",394310,83443,16,"production",41,3686,TRUE,TRUE,TRUE
2025-10-22,"English (American)","WG","WG",394347,83480,16,"production",18,3686,TRUE,TRUE,TRUE
2025-10-22,"English (American)","WG","WG",394350,83483,16,"production",17,3686,TRUE,TRUE,TRUE
2025-10-22,"English (American)","WG","WG",394359,83492,16,"production",35,3686,TRUE,TRUE,TRUE
2025-10-22,"English (American)","WG","WG",394361,83494,16,"production",28,3686,TRUE,TRUE,TRUE
2025-10-22,"English (American)","WG","WG",394370,83503,16,"production",20,3686,TRUE,TRUE,TRUE
2025-10-22,"English (American)","WG","WG",394378,83511,16,"production",2,3686,TRUE,TRUE,TRUE
2025-10-22,"English (American)","WG","WG",394380,83513,16,"production",8,3686,TRUE,TRUE,TRUE
2025-10-22,"English (American)","WG","WG",394399,83532,16,"production",17,3686,TRUE,TRUE,TRUE
2025-10-22,"English (American)","WG","WG",394402,83535,16,"production",34,3686,TRUE,TRUE,TRUE
2025-10-22,"English (American)","WG","WG",394409,83542,16,"production",18,3686,TRUE,TRUE,TRUE
2025-10-22,"English (American)","WG","WG",394415,83548,16,"production",59,3686,TRUE,TRUE,TRUE
2025-10-22,"English (American)","WG","WG",394417,83550,16,"production",3,3686,TRUE,TRUE,TRUE
2025-10-22,"English (American)","WG","WG",394419,83552,16,"production",24,3686,TRUE,TRUE,TRUE
2025-10-22,"English (American)","WG","WG",394422,83555,16,"production",71,3686,TRUE,TRUE,TRUE
2025-10-22,"English (American)","WG","WG",394441,83574,16,"production",15,3686,TRUE,TRUE,TRUE
2025-10-22,"English (American)","WG","WG",394463,83596,16,"production",14,3686,TRUE,TRUE,TRUE
2025-10-22,"English (American)","WG","WG",394467,83600,16,"production",5,3686,TRUE,TRUE,TRUE
2025-10-22,"English (American)","WG","WG",394473,83606,16,"production",19,3686,TRUE,TRUE,TRUE
2025-10-22,"English (American)","WG","WG",394499,83632,16,"production",8,3686,TRUE,TRUE,TRUE
2025-10-22,"English (American)","WG","WG",394513,83646,16,"production",54,3686,TRUE,TRUE,TRUE
2025-10-22,"English (American)","WG","WG",394517,83650,16,"production",10,3686,TRUE,TRUE,TRUE
2025-10-22,"English (American)","WG","WG",394523,83656,16,"production",79,3686,TRUE,TRUE,TRUE
2025-10-22,"English (American)","WG","WG",394531,83664,16,"production",58,3686,TRUE,TRUE,TRUE
2025-10-22,"English (American)","WG","WG",394591,83724,16,"production",21,3686,TRUE,TRUE,TRUE
2025-10-22,"English (American)","WG","WG",394614,83747,16,"production",13,3686,TRUE,TRUE,TRUE
2025-10-22,"English (American)","WG","WG",394647,83780,16,"production",23,3686,TRUE,TRUE,TRUE
2025-10-22,"English (American)","WG","WG",395265,84398,16,"production",3,3686,TRUE,TRUE,TRUE
2025-10-22,"English (American)","WG","WG",395267,84400,16,"production",11,3686,TRUE,TRUE,TRUE
2025-10-22,"English (American)","WG","WG",395268,84401,16,"production",49,3686,TRUE,TRUE,TRUE
2025-10-22,"English (American)","WG","WG",395270,84403,16,"production",10,3686,TRUE,TRUE,TRUE
2025-10-22,"English (American)","WG","WG",395271,84404,16,"production",17,3686,TRUE,TRUE,TRUE
2025-10-22,"English (American)","WG","WG",395272,84405,16,"production",8,3686,TRUE,TRUE,TRUE
2025-10-22,"English (American)","WG","WG",391247,3936,17,"production",65,3686,TRUE,TRUE,TRUE
2025-10-22,"English (American)","WG","WG",391248,3937,17,"production",60,3686,TRUE,TRUE,TRUE
2025-10-22,"English (American)","WG","WG",391249,3938,17,"production",32,3686,TRUE,TRUE,TRUE
2025-10-22,"English (American)","WG","WG",391250,3939,17,"production",39,3686,TRUE,TRUE,TRUE
2025-10-22,"English (American)","WG","WG",391251,3940,17,"production",13,3686,TRUE,TRUE,TRUE
2025-10-22,"English (American)","WG","WG",391252,3941,17,"production",31,3686,TRUE,TRUE,TRUE
2025-10-22,"English (American)","WG","WG",391253,3942,17,"production",61,3686,TRUE,TRUE,TRUE
2025-10-22,"English (American)","WG","WG",391257,3946,17,"production",22,3686,TRUE,TRUE,TRUE
2025-10-22,"English (American)","WG","WG",391259,3948,17,"production",79,3686,TRUE,TRUE,TRUE
2025-10-22,"English (American)","WG","WG",391260,3949,17,"production",18,3686,TRUE,TRUE,TRUE
2025-10-22,"English (American)","WG","WG",391264,3953,17,"production",145,3686,TRUE,TRUE,TRUE
2025-10-22,"English (American)","WG","WG",391266,3955,17,"production",174,3686,TRUE,TRUE,TRUE
2025-10-22,"English (American)","WG","WG",391267,3956,17,"production",83,3686,TRUE,TRUE,TRUE
2025-10-22,"English (American)","WG","WG",391268,3957,17,"production",2,3686,TRUE,TRUE,TRUE
2025-10-22,"English (American)","WG","WG",391270,3959,17,"production",27,3686,TRUE,TRUE,TRUE
2025-10-22,"English (American)","WG","WG",391271,3960,17,"production",73,3686,TRUE,TRUE,TRUE
2025-10-22,"English (American)","WG","WG",391272,3961,17,"production",110,3686,TRUE,TRUE,TRUE
2025-10-22,"English (American)","WG","WG",391273,3962,17,"production",70,3686,TRUE,TRUE,TRUE
2025-10-22,"English (American)","WG","WG",391275,3964,17,"production",114,3686,TRUE,TRUE,TRUE
2025-10-22,"English (American)","WG","WG",391276,3965,17,"production",23,3686,TRUE,TRUE,TRUE
2025-10-22,"English (American)","WG","WG",391277,3966,17,"production",103,3686,TRUE,TRUE,TRUE
2025-10-22,"English (American)","WG","WG",391278,3967,17,"production",82,3686,TRUE,TRUE,TRUE
2025-10-22,"English (American)","WG","WG",391280,3969,17,"production",79,3686,TRUE,TRUE,TRUE
2025-10-22,"English (American)","WG","WG",391281,3970,17,"production",164,3686,TRUE,TRUE,TRUE
2025-10-22,"English (American)","WG","WG",391283,3972,17,"production",46,3686,TRUE,TRUE,TRUE
2025-10-22,"English (American)","WG","WG",391284,3973,17,"production",48,3686,TRUE,TRUE,TRUE
2025-10-22,"English (American)","WG","WG",391287,3976,17,"production",15,3686,TRUE,TRUE,TRUE
2025-10-22,"English (American)","WG","WG",391289,3978,17,"production",23,3686,TRUE,TRUE,TRUE
2025-10-22,"English (American)","WG","WG",391290,3979,17,"production",9,3686,TRUE,TRUE,TRUE
2025-10-22,"English (American)","WG","WG",391291,3980,17,"production",16,3686,TRUE,TRUE,TRUE
2025-10-22,"English (American)","WG","WG",391295,3984,17,"production",45,3686,TRUE,TRUE,TRUE
2025-10-22,"English (American)","WG","WG",391298,3987,17,"production",45,3686,TRUE,TRUE,TRUE
2025-10-22,"English (American)","WG","WG",391299,3988,17,"production",20,3686,TRUE,TRUE,TRUE
2025-10-22,"English (American)","WG","WG",391301,3990,17,"production",91,3686,TRUE,TRUE,TRUE
2025-10-22,"English (American)","WG","WG",391303,3992,17,"production",293,3686,TRUE,TRUE,TRUE
2025-10-22,"English (American)","WG","WG",391307,3996,17,"production",198,3686,TRUE,TRUE,TRUE
2025-10-22,"English (American)","WG","WG",391309,3998,17,"production",26,3686,TRUE,TRUE,TRUE
2025-10-22,"English (American)","WG","WG",391314,4003,17,"production",6,3686,TRUE,TRUE,TRUE
2025-10-22,"English (American)","WG","WG",391315,4004,17,"production",51,3686,TRUE,TRUE,TRUE
2025-10-22,"English (American)","WG","WG",391325,4014,17,"production",78,3686,TRUE,TRUE,TRUE
2025-10-22,"English (American)","WG","WG",391329,4018,17,"production",68,3686,TRUE,TRUE,TRUE
2025-10-22,"English (American)","WG","WG",391379,4068,17,"production",37,3686,TRUE,TRUE,TRUE
2025-10-22,"English (American)","WG","WG",391411,4100,17,"production",43,3686,TRUE,TRUE,TRUE
2025-10-22,"English (American)","WG","WG",391695,4384,17,"production",23,3686,TRUE,TRUE,TRUE
2025-10-22,"English (American)","WG","WG",391698,4387,17,"production",34,3686,TRUE,TRUE,TRUE
2025-10-22,"English (American)","WG","WG",391712,4401,17,"production",33,3686,TRUE,TRUE,TRUE
2025-10-22,"English (American)","WG","WG",391713,4402,17,"production",131,3686,TRUE,TRUE,TRUE
2025-10-22,"English (American)","WG","WG",391731,4420,17,"production",0,3686,TRUE,TRUE,TRUE
2025-10-22,"English (American)","WG","WG",391737,4426,17,"production",34,3686,TRUE,TRUE,TRUE
2025-10-22,"English (American)","WG","WG",391739,4428,17,"production",61,3686,TRUE,TRUE,TRUE
2025-10-22,"English (American)","WG","WG",391740,4429,17,"production",64,3686,TRUE,TRUE,TRUE
2025-10-22,"English (American)","WG","WG",391741,4430,17,"production",347,3686,TRUE,TRUE,TRUE
2025-10-22,"English (American)","WG","WG",391742,4431,17,"production",56,3686,TRUE,TRUE,TRUE
2025-10-22,"English (American)","WG","WG",391745,4434,17,"production",117,3686,TRUE,TRUE,TRUE
2025-10-22,"English (American)","WG","WG",391916,4605,17,"production",5,3686,TRUE,TRUE,TRUE
2025-10-22,"English (American)","WG","WG",391918,4607,17,"production",55,3686,TRUE,TRUE,TRUE
2025-10-22,"English (American)","WG","WG",391923,4612,17,"production",29,3686,TRUE,TRUE,TRUE
2025-10-22,"English (American)","WG","WG",391925,4614,17,"production",240,3686,TRUE,TRUE,TRUE
2025-10-22,"English (American)","WG","WG",391936,4625,17,"production",37,3686,TRUE,TRUE,TRUE
2025-10-22,"English (American)","WG","WG",391937,4626,17,"production",88,3686,TRUE,TRUE,TRUE
2025-10-22,"English (American)","WG","WG",391938,4627,17,"production",6,3686,TRUE,TRUE,TRUE
2025-10-22,"English (American)","WG","WG",391982,4671,17,"production",14,3686,TRUE,TRUE,TRUE
2025-10-22,"English (American)","WG","WG",392021,4710,17,"production",51,3686,TRUE,TRUE,TRUE
2025-10-22,"English (American)","WG","WG",392095,4784,17,"production",54,3686,TRUE,TRUE,TRUE
2025-10-22,"English (American)","WG","WG",392147,4836,17,"production",155,3686,TRUE,TRUE,TRUE
2025-10-22,"English (American)","WG","WG",392148,4837,17,"production",48,3686,TRUE,TRUE,TRUE
2025-10-22,"English (American)","WG","WG",392149,4838,17,"production",5,3686,TRUE,TRUE,TRUE
2025-10-22,"English (American)","WG","WG",392177,4866,17,"production",15,3686,TRUE,TRUE,TRUE
2025-10-22,"English (American)","WG","WG",392190,4879,17,"production",0,3686,TRUE,TRUE,TRUE
2025-10-22,"English (American)","WG","WG",392204,4893,17,"production",44,3686,TRUE,TRUE,TRUE
2025-10-22,"English (American)","WG","WG",392218,4907,17,"production",2,3686,TRUE,TRUE,TRUE
2025-10-22,"English (American)","WG","WG",392238,4927,17,"production",37,3686,TRUE,TRUE,TRUE
2025-10-22,"English (American)","WG","WG",392245,4934,17,"production",20,3686,TRUE,TRUE,TRUE
2025-10-22,"English (American)","WG","WG",392264,4953,17,"production",53,3686,TRUE,TRUE,TRUE
2025-10-22,"English (American)","WG","WG",392265,4954,17,"production",56,3686,TRUE,TRUE,TRUE
2025-10-22,"English (American)","WG","WG",392288,4977,17,"production",260,3686,TRUE,TRUE,TRUE
2025-10-22,"English (American)","WG","WG",392330,5019,17,"production",123,3686,TRUE,TRUE,TRUE
2025-10-22,"English (American)","WG","WG",393044,30751,17,"production",119,3686,TRUE,TRUE,TRUE
2025-10-22,"English (American)","WG","WG",393202,81175,17,"production",7,3686,TRUE,TRUE,TRUE
2025-10-22,"English (American)","WG","WG",393454,82587,17,"production",71,3686,TRUE,TRUE,TRUE
2025-10-22,"English (American)","WG","WG",393459,82592,17,"production",71,3686,TRUE,TRUE,TRUE
2025-10-22,"English (American)","WG","WG",393467,82600,17,"production",49,3686,TRUE,TRUE,TRUE
2025-10-22,"English (American)","WG","WG",393468,82601,17,"production",7,3686,TRUE,TRUE,TRUE
2025-10-22,"English (American)","WG","WG",393472,82605,17,"production",11,3686,TRUE,TRUE,TRUE
2025-10-22,"English (American)","WG","WG",393478,82611,17,"production",343,3686,TRUE,TRUE,TRUE
2025-10-22,"English (American)","WG","WG",393496,82629,17,"production",21,3686,TRUE,TRUE,TRUE
2025-10-22,"English (American)","WG","WG",393523,82656,17,"production",26,3686,TRUE,TRUE,TRUE
2025-10-22,"English (American)","WG","WG",393548,82681,17,"production",17,3686,TRUE,TRUE,TRUE
2025-10-22,"English (American)","WG","WG",393589,82722,17,"production",46,3686,TRUE,TRUE,TRUE
2025-10-22,"English (American)","WG","WG",393590,82723,17,"production",88,3686,TRUE,TRUE,TRUE
2025-10-22,"English (American)","WG","WG",393612,82745,17,"production",52,3686,TRUE,TRUE,TRUE
2025-10-22,"English (American)","WG","WG",393620,82753,17,"production",16,3686,TRUE,TRUE,TRUE
2025-10-22,"English (American)","WG","WG",393631,82764,17,"production",10,3686,TRUE,TRUE,TRUE
2025-10-22,"English (American)","WG","WG",393632,82765,17,"production",27,3686,TRUE,TRUE,TRUE
2025-10-22,"English (American)","WG","WG",393648,82781,17,"production",1,3686,TRUE,TRUE,TRUE
2025-10-22,"English (American)","WG","WG",393670,82803,17,"production",84,3686,TRUE,TRUE,TRUE
2025-10-22,"English (American)","WG","WG",393748,82881,17,"production",45,3686,TRUE,TRUE,TRUE
2025-10-22,"English (American)","WG","WG",393754,82887,17,"production",88,3686,TRUE,TRUE,TRUE
2025-10-22,"English (American)","WG","WG",393757,82890,17,"production",10,3686,TRUE,TRUE,TRUE
2025-10-22,"English (American)","WG","WG",393786,82919,17,"production",7,3686,TRUE,TRUE,TRUE
2025-10-22,"English (American)","WG","WG",393798,82931,17,"production",104,3686,TRUE,TRUE,TRUE
2025-10-22,"English (American)","WG","WG",393810,82943,17,"production",218,3686,TRUE,TRUE,TRUE
2025-10-22,"English (American)","WG","WG",393815,82948,17,"production",33,3686,TRUE,TRUE,TRUE
2025-10-22,"English (American)","WG","WG",393817,82950,17,"production",36,3686,TRUE,TRUE,TRUE
2025-10-22,"English (American)","WG","WG",393825,82958,17,"production",3,3686,TRUE,TRUE,TRUE
2025-10-22,"English (American)","WG","WG",393862,82995,17,"production",52,3686,TRUE,TRUE,TRUE
2025-10-22,"English (American)","WG","WG",393868,83001,17,"production",5,3686,TRUE,TRUE,TRUE
2025-10-22,"English (American)","WG","WG",393932,83065,17,"production",10,3686,TRUE,TRUE,TRUE
2025-10-22,"English (American)","WG","WG",393950,83083,17,"production",130,3686,TRUE,TRUE,TRUE
2025-10-22,"English (American)","WG","WG",393953,83086,17,"production",18,3686,TRUE,TRUE,TRUE
2025-10-22,"English (American)","WG","WG",393979,83112,17,"production",21,3686,TRUE,TRUE,TRUE
2025-10-22,"English (American)","WG","WG",394010,83143,17,"production",9,3686,TRUE,TRUE,TRUE
2025-10-22,"English (American)","WG","WG",394014,83147,17,"production",3,3686,TRUE,TRUE,TRUE
2025-10-22,"English (American)","WG","WG",394019,83152,17,"production",122,3686,TRUE,TRUE,TRUE
2025-10-22,"English (American)","WG","WG",394021,83154,17,"production",149,3686,TRUE,TRUE,TRUE
2025-10-22,"English (American)","WG","WG",394022,83155,17,"production",39,3686,TRUE,TRUE,TRUE
2025-10-22,"English (American)","WG","WG",394027,83160,17,"production",107,3686,TRUE,TRUE,TRUE
2025-10-22,"English (American)","WG","WG",394064,83197,17,"production",180,3686,TRUE,TRUE,TRUE
2025-10-22,"English (American)","WG","WG",394074,83207,17,"production",28,3686,TRUE,TRUE,TRUE
2025-10-22,"English (American)","WG","WG",394079,83212,17,"production",170,3686,TRUE,TRUE,TRUE
2025-10-22,"English (American)","WG","WG",394098,83231,17,"production",29,3686,TRUE,TRUE,TRUE
2025-10-22,"English (American)","WG","WG",394110,83243,17,"production",0,3686,TRUE,TRUE,TRUE
2025-10-22,"English (American)","WG","WG",394114,83247,17,"production",10,3686,TRUE,TRUE,TRUE
2025-10-22,"English (American)","WG","WG",394131,83264,17,"production",6,3686,TRUE,TRUE,TRUE
2025-10-22,"English (American)","WG","WG",394149,83282,17,"production",35,3686,TRUE,TRUE,TRUE
2025-10-22,"English (American)","WG","WG",394163,83296,17,"production",37,3686,TRUE,TRUE,TRUE
2025-10-22,"English (American)","WG","WG",394206,83339,17,"production",27,3686,TRUE,TRUE,TRUE
2025-10-22,"English (American)","WG","WG",394226,83359,17,"production",68,3686,TRUE,TRUE,TRUE
2025-10-22,"English (American)","WG","WG",394243,83376,17,"production",31,3686,TRUE,TRUE,TRUE
2025-10-22,"English (American)","WG","WG",394250,83383,17,"production",21,3686,TRUE,TRUE,TRUE
2025-10-22,"English (American)","WG","WG",394251,83384,17,"production",25,3686,TRUE,TRUE,TRUE
2025-10-22,"English (American)","WG","WG",394268,83401,17,"production",60,3686,TRUE,TRUE,TRUE
2025-10-22,"English (American)","WG","WG",394272,83405,17,"production",11,3686,TRUE,TRUE,TRUE
2025-10-22,"English (American)","WG","WG",394273,83406,17,"production",69,3686,TRUE,TRUE,TRUE
2025-10-22,"English (American)","WG","WG",394301,83434,17,"production",42,3686,TRUE,TRUE,TRUE
2025-10-22,"English (American)","WG","WG",394304,83437,17,"production",205,3686,TRUE,TRUE,TRUE
2025-10-22,"English (American)","WG","WG",394307,83440,17,"production",350,3686,TRUE,TRUE,TRUE
2025-10-22,"English (American)","WG","WG",394318,83451,17,"production",59,3686,TRUE,TRUE,TRUE
2025-10-22,"English (American)","WG","WG",394320,83453,17,"production",41,3686,TRUE,TRUE,TRUE
2025-10-22,"English (American)","WG","WG",394323,83456,17,"production",17,3686,TRUE,TRUE,TRUE
2025-10-22,"English (American)","WG","WG",394334,83467,17,"production",39,3686,TRUE,TRUE,TRUE
2025-10-22,"English (American)","WG","WG",394336,83469,17,"production",234,3686,TRUE,TRUE,TRUE
2025-10-22,"English (American)","WG","WG",394358,83491,17,"production",134,3686,TRUE,TRUE,TRUE
2025-10-22,"English (American)","WG","WG",394362,83495,17,"production",10,3686,TRUE,TRUE,TRUE
2025-10-22,"English (American)","WG","WG",394367,83500,17,"production",0,3686,TRUE,TRUE,TRUE
2025-10-22,"English (American)","WG","WG",394410,83543,17,"production",13,3686,TRUE,TRUE,TRUE
2025-10-22,"English (American)","WG","WG",394411,83544,17,"production",15,3686,TRUE,TRUE,TRUE
2025-10-22,"English (American)","WG","WG",394423,83556,17,"production",31,3686,TRUE,TRUE,TRUE
2025-10-22,"English (American)","WG","WG",394453,83586,17,"production",11,3686,TRUE,TRUE,TRUE
2025-10-22,"English (American)","WG","WG",394482,83615,17,"production",0,3686,TRUE,TRUE,TRUE
2025-10-22,"English (American)","WG","WG",394497,83630,17,"production",4,3686,TRUE,TRUE,TRUE
2025-10-22,"English (American)","WG","WG",394520,83653,17,"production",14,3686,TRUE,TRUE,TRUE
2025-10-22,"English (American)","WG","WG",394525,83658,17,"production",30,3686,TRUE,TRUE,TRUE
2025-10-22,"English (American)","WG","WG",394527,83660,17,"production",9,3686,TRUE,TRUE,TRUE
2025-10-22,"English (American)","WG","WG",394529,83662,17,"production",34,3686,TRUE,TRUE,TRUE
2025-10-22,"English (American)","WG","WG",394534,83667,17,"production",7,3686,TRUE,TRUE,TRUE
2025-10-22,"English (American)","WG","WG",394587,83720,17,"production",84,3686,TRUE,TRUE,TRUE
2025-10-22,"English (American)","WG","WG",394588,83721,17,"production",23,3686,TRUE,TRUE,TRUE
2025-10-22,"English (American)","WG","WG",394702,83835,17,"production",146,3686,TRUE,TRUE,TRUE
2025-10-22,"English (American)","WG","WG",394705,83838,17,"production",57,3686,TRUE,TRUE,TRUE
2025-10-22,"English (American)","WG","WG",394706,83839,17,"production",16,3686,TRUE,TRUE,TRUE
2025-10-22,"English (American)","WG","WG",394707,83840,17,"production",17,3686,TRUE,TRUE,TRUE
2025-10-22,"English (American)","WG","WG",394709,83842,17,"production",71,3686,TRUE,TRUE,TRUE
2025-10-22,"English (American)","WG","WG",394714,83847,17,"production",63,3686,TRUE,TRUE,TRUE
2025-10-22,"English (American)","WG","WG",394717,83850,17,"production",30,3686,TRUE,TRUE,TRUE
2025-10-22,"English (American)","WG","WG",394718,83851,17,"production",133,3686,TRUE,TRUE,TRUE
2025-10-22,"English (American)","WG","WG",394719,83852,17,"production",10,3686,TRUE,TRUE,TRUE
2025-10-22,"English (American)","WG","WG",394725,83858,17,"production",27,3686,TRUE,TRUE,TRUE
2025-10-22,"English (American)","WG","WG",394726,83859,17,"production",42,3686,TRUE,TRUE,TRUE
2025-10-22,"English (American)","WG","WG",394730,83863,17,"production",37,3686,TRUE,TRUE,TRUE
2025-10-22,"English (American)","WG","WG",394731,83864,17,"production",22,3686,TRUE,TRUE,TRUE
2025-10-22,"English (American)","WG","WG",394732,83865,17,"production",79,3686,TRUE,TRUE,TRUE
2025-10-22,"English (American)","WG","WG",394733,83866,17,"production",43,3686,TRUE,TRUE,TRUE
2025-10-22,"English (American)","WG","WG",394734,83867,17,"production",10,3686,TRUE,TRUE,TRUE
2025-10-22,"English (American)","WG","WG",394735,83868,17,"production",16,3686,TRUE,TRUE,TRUE
2025-10-22,"English (American)","WG","WG",394736,83869,17,"production",344,3686,TRUE,TRUE,TRUE
2025-10-22,"English (American)","WG","WG",394737,83870,17,"production",13,3686,TRUE,TRUE,TRUE
2025-10-22,"English (American)","WG","WG",394738,83871,17,"production",27,3686,TRUE,TRUE,TRUE
2025-10-22,"English (American)","WG","WG",394740,83873,17,"production",127,3686,TRUE,TRUE,TRUE
2025-10-22,"English (American)","WG","WG",394748,83881,17,"production",82,3686,TRUE,TRUE,TRUE
2025-10-22,"English (American)","WG","WG",394749,83882,17,"production",0,3686,TRUE,TRUE,TRUE
2025-10-22,"English (American)","WG","WG",394780,83913,17,"production",26,3686,TRUE,TRUE,TRUE
2025-10-22,"English (American)","WG","WG",394800,83933,17,"production",3,3686,TRUE,TRUE,TRUE
2025-10-22,"English (American)","WG","WG",394805,83938,17,"production",121,3686,TRUE,TRUE,TRUE
2025-10-22,"English (American)","WG","WG",394820,83953,17,"production",4,3686,TRUE,TRUE,TRUE
2025-10-22,"English (American)","WG","WG",394823,83956,17,"production",218,3686,TRUE,TRUE,TRUE
2025-10-22,"English (American)","WG","WG",394825,83958,17,"production",6,3686,TRUE,TRUE,TRUE
2025-10-22,"English (American)","WG","WG",394826,83959,17,"production",121,3686,TRUE,TRUE,TRUE
2025-10-22,"English (American)","WG","WG",394857,83990,17,"production",140,3686,TRUE,TRUE,TRUE
2025-10-22,"English (American)","WG","WG",394859,83992,17,"production",3,3686,TRUE,TRUE,TRUE
2025-10-22,"English (American)","WG","WG",394860,83993,17,"production",70,3686,TRUE,TRUE,TRUE
2025-10-22,"English (American)","WG","WG",394871,84004,17,"production",261,3686,TRUE,TRUE,TRUE
2025-10-22,"English (American)","WG","WG",394879,84012,17,"production",123,3686,TRUE,TRUE,TRUE
2025-10-22,"English (American)","WG","WG",394880,84013,17,"production",170,3686,TRUE,TRUE,TRUE
2025-10-22,"English (American)","WG","WG",394886,84019,17,"production",11,3686,TRUE,TRUE,TRUE
2025-10-22,"English (American)","WG","WG",394915,84048,17,"production",6,3686,TRUE,TRUE,TRUE
2025-10-22,"English (American)","WG","WG",394931,84064,17,"production",34,3686,TRUE,TRUE,TRUE
2025-10-22,"English (American)","WG","WG",394939,84072,17,"production",28,3686,TRUE,TRUE,TRUE
2025-10-22,"English (American)","WG","WG",394945,84078,17,"production",10,3686,TRUE,TRUE,TRUE
2025-10-22,"English (American)","WG","WG",394950,84083,17,"production",54,3686,TRUE,TRUE,TRUE
2025-10-22,"English (American)","WG","WG",394954,84087,17,"production",28,3686,TRUE,TRUE,TRUE
2025-10-22,"English (American)","WG","WG",394958,84091,17,"production",35,3686,TRUE,TRUE,TRUE
2025-10-22,"English (American)","WG","WG",394960,84093,17,"production",194,3686,TRUE,TRUE,TRUE
2025-10-22,"English (American)","WG","WG",394961,84094,17,"production",322,3686,TRUE,TRUE,TRUE
2025-10-22,"English (American)","WG","WG",394963,84096,17,"production",43,3686,TRUE,TRUE,TRUE
2025-10-22,"English (American)","WG","WG",394964,84097,17,"production",113,3686,TRUE,TRUE,TRUE
2025-10-22,"English (American)","WG","WG",394966,84099,17,"production",95,3686,TRUE,TRUE,TRUE
2025-10-22,"English (American)","WG","WG",394969,84102,17,"production",33,3686,TRUE,TRUE,TRUE
2025-10-22,"English (American)","WG","WG",394971,84104,17,"production",13,3686,TRUE,TRUE,TRUE
2025-10-22,"English (American)","WG","WG",394983,84116,17,"production",33,3686,TRUE,TRUE,TRUE
2025-10-22,"English (American)","WG","WG",394988,84121,17,"production",63,3686,TRUE,TRUE,TRUE
2025-10-22,"English (American)","WG","WG",394989,84122,17,"production",285,3686,TRUE,TRUE,TRUE
2025-10-22,"English (American)","WG","WG",394991,84124,17,"production",33,3686,TRUE,TRUE,TRUE
2025-10-22,"English (American)","WG","WG",394995,84128,17,"production",20,3686,TRUE,TRUE,TRUE
2025-10-22,"English (American)","WG","WG",395003,84136,17,"production",18,3686,TRUE,TRUE,TRUE
2025-10-22,"English (American)","WG","WG",395004,84137,17,"production",106,3686,TRUE,TRUE,TRUE
2025-10-22,"English (American)","WG","WG",395012,84145,17,"production",8,3686,TRUE,TRUE,TRUE
2025-10-22,"English (American)","WG","WG",395013,84146,17,"production",50,3686,TRUE,TRUE,TRUE
2025-10-22,"English (American)","WG","WG",395015,84148,17,"production",115,3686,TRUE,TRUE,TRUE
2025-10-22,"English (American)","WG","WG",395023,84156,17,"production",23,3686,TRUE,TRUE,TRUE
2025-10-22,"English (American)","WG","WG",395030,84163,17,"production",109,3686,TRUE,TRUE,TRUE
2025-10-22,"English (American)","WG","WG",395032,84165,17,"production",14,3686,TRUE,TRUE,TRUE
2025-10-22,"English (American)","WG","WG",395033,84166,17,"production",3,3686,TRUE,TRUE,TRUE
2025-10-22,"English (American)","WG","WG",395035,84168,17,"production",19,3686,TRUE,TRUE,TRUE
2025-10-22,"English (American)","WG","WG",395037,84170,17,"production",10,3686,TRUE,TRUE,TRUE
2025-10-22,"English (American)","WG","WG",395042,84175,17,"production",34,3686,TRUE,TRUE,TRUE
2025-10-22,"English (American)","WG","WG",395044,84177,17,"production",26,3686,TRUE,TRUE,TRUE
2025-10-22,"English (American)","WG","WG",395050,84183,17,"production",26,3686,TRUE,TRUE,TRUE
2025-10-22,"English (American)","WG","WG",395056,84189,17,"production",15,3686,TRUE,TRUE,TRUE
2025-10-22,"English (American)","WG","WG",395057,84190,17,"production",27,3686,TRUE,TRUE,TRUE
2025-10-22,"English (American)","WG","WG",395058,84191,17,"production",52,3686,TRUE,TRUE,TRUE
2025-10-22,"English (American)","WG","WG",395061,84194,17,"production",180,3686,TRUE,TRUE,TRUE
2025-10-22,"English (American)","WG","WG",395067,84200,17,"production",124,3686,TRUE,TRUE,TRUE
2025-10-22,"English (American)","WG","WG",395071,84204,17,"production",32,3686,TRUE,TRUE,TRUE
2025-10-22,"English (American)","WG","WG",395073,84206,17,"production",85,3686,TRUE,TRUE,TRUE
2025-10-22,"English (American)","WG","WG",395078,84211,17,"production",19,3686,TRUE,TRUE,TRUE
2025-10-22,"English (American)","WG","WG",395080,84213,17,"production",66,3686,TRUE,TRUE,TRUE
2025-10-22,"English (American)","WG","WG",395082,84215,17,"production",40,3686,TRUE,TRUE,TRUE
2025-10-22,"English (American)","WG","WG",395086,84219,17,"production",208,3686,TRUE,TRUE,TRUE
2025-10-22,"English (American)","WG","WG",395091,84224,17,"production",49,3686,TRUE,TRUE,TRUE
2025-10-22,"English (American)","WG","WG",395093,84226,17,"production",82,3686,TRUE,TRUE,TRUE
2025-10-22,"English (American)","WG","WG",395095,84228,17,"production",37,3686,TRUE,TRUE,TRUE
2025-10-22,"English (American)","WG","WG",395100,84233,17,"production",25,3686,TRUE,TRUE,TRUE
2025-10-22,"English (American)","WG","WG",395102,84235,17,"production",165,3686,TRUE,TRUE,TRUE
2025-10-22,"English (American)","WG","WG",395110,84243,17,"production",129,3686,TRUE,TRUE,TRUE
2025-10-22,"English (American)","WG","WG",395115,84248,17,"production",77,3686,TRUE,TRUE,TRUE
2025-10-22,"English (American)","WG","WG",395118,84251,17,"production",52,3686,TRUE,TRUE,TRUE
2025-10-22,"English (American)","WG","WG",395121,84254,17,"production",57,3686,TRUE,TRUE,TRUE
2025-10-22,"English (American)","WG","WG",395127,84260,17,"production",4,3686,TRUE,TRUE,TRUE
2025-10-22,"English (American)","WG","WG",395136,84269,17,"production",110,3686,TRUE,TRUE,TRUE
2025-10-22,"English (American)","WG","WG",395138,84271,17,"production",12,3686,TRUE,TRUE,TRUE
2025-10-22,"English (American)","WG","WG",395150,84283,17,"production",50,3686,TRUE,TRUE,TRUE
2025-10-22,"English (American)","WG","WG",395152,84285,17,"production",3,3686,TRUE,TRUE,TRUE
2025-10-22,"English (American)","WG","WG",395160,84293,17,"production",118,3686,TRUE,TRUE,TRUE
2025-10-22,"English (American)","WG","WG",395163,84296,17,"production",58,3686,TRUE,TRUE,TRUE
2025-10-22,"English (American)","WG","WG",395168,84301,17,"production",86,3686,TRUE,TRUE,TRUE
2025-10-22,"English (American)","WG","WG",395172,84305,17,"production",163,3686,TRUE,TRUE,TRUE
2025-10-22,"English (American)","WG","WG",395178,84311,17,"production",14,3686,TRUE,TRUE,TRUE
2025-10-22,"English (American)","WG","WG",395189,84322,17,"production",67,3686,TRUE,TRUE,TRUE
2025-10-22,"English (American)","WG","WG",395192,84325,17,"production",31,3686,TRUE,TRUE,TRUE
2025-10-22,"English (American)","WG","WG",395194,84327,17,"production",140,3686,TRUE,TRUE,TRUE
2025-10-22,"English (American)","WG","WG",395201,84334,17,"production",56,3686,TRUE,TRUE,TRUE
2025-10-22,"English (American)","WG","WG",395203,84336,17,"production",18,3686,TRUE,TRUE,TRUE
2025-10-22,"English (American)","WG","WG",395210,84343,17,"production",87,3686,TRUE,TRUE,TRUE
2025-10-22,"English (American)","WG","WG",395213,84346,17,"production",18,3686,TRUE,TRUE,TRUE
2025-10-22,"English (American)","WG","WG",395216,84349,17,"production",252,3686,TRUE,TRUE,TRUE
2025-10-22,"English (American)","WG","WG",395219,84352,17,"production",13,3686,TRUE,TRUE,TRUE
2025-10-22,"English (American)","WG","WG",395221,84354,17,"production",55,3686,TRUE,TRUE,TRUE
2025-10-22,"English (American)","WG","WG",395224,84357,17,"production",31,3686,TRUE,TRUE,TRUE
2025-10-22,"English (American)","WG","WG",395230,84363,17,"production",33,3686,TRUE,TRUE,TRUE
2025-10-22,"English (American)","WG","WG",395233,84366,17,"production",32,3686,TRUE,TRUE,TRUE
2025-10-22,"English (American)","WG","WG",395262,84395,17,"production",20,3686,TRUE,TRUE,TRUE
2025-10-22,"English (American)","WG","WG",395263,84396,17,"production",17,3686,TRUE,TRUE,TRUE
2025-10-22,"English (American)","WG","WG",395264,84397,17,"production",86,3686,TRUE,TRUE,TRUE
2025-10-22,"English (American)","WG","WG",395266,84399,17,"production",12,3686,TRUE,TRUE,TRUE
2025-10-22,"English (American)","WG","WG",395269,84402,17,"production",44,3686,TRUE,TRUE,TRUE
2025-10-22,"English (American)","WG","WG",391242,3931,18,"production",109,3686,TRUE,TRUE,TRUE
2025-10-22,"English (American)","WG","WG",391243,3932,18,"production",18,3686,TRUE,TRUE,TRUE
2025-10-22,"English (American)","WG","WG",391244,3933,18,"production",104,3686,TRUE,TRUE,TRUE
2025-10-22,"English (American)","WG","WG",391245,3934,18,"production",125,3686,TRUE,TRUE,TRUE
2025-10-22,"English (American)","WG","WG",391246,3935,18,"production",129,3686,TRUE,TRUE,TRUE
2025-10-22,"English (American)","WG","WG",391254,3943,18,"production",44,3686,TRUE,TRUE,TRUE
2025-10-22,"English (American)","WG","WG",391255,3944,18,"production",92,3686,TRUE,TRUE,TRUE
2025-10-22,"English (American)","WG","WG",391256,3945,18,"production",22,3686,TRUE,TRUE,TRUE
2025-10-22,"English (American)","WG","WG",391258,3947,18,"production",35,3686,TRUE,TRUE,TRUE
2025-10-22,"English (American)","WG","WG",391261,3950,18,"production",124,3686,TRUE,TRUE,TRUE
2025-10-22,"English (American)","WG","WG",391262,3951,18,"production",118,3686,TRUE,TRUE,TRUE
2025-10-22,"English (American)","WG","WG",391263,3952,18,"production",36,3686,TRUE,TRUE,TRUE
2025-10-22,"English (American)","WG","WG",391265,3954,18,"production",235,3686,TRUE,TRUE,TRUE
2025-10-22,"English (American)","WG","WG",391269,3958,18,"production",149,3686,TRUE,TRUE,TRUE
2025-10-22,"English (American)","WG","WG",391274,3963,18,"production",23,3686,TRUE,TRUE,TRUE
2025-10-22,"English (American)","WG","WG",391279,3968,18,"production",165,3686,TRUE,TRUE,TRUE
2025-10-22,"English (American)","WG","WG",391282,3971,18,"production",66,3686,TRUE,TRUE,TRUE
2025-10-22,"English (American)","WG","WG",391285,3974,18,"production",36,3686,TRUE,TRUE,TRUE
2025-10-22,"English (American)","WG","WG",391286,3975,18,"production",49,3686,TRUE,TRUE,TRUE
2025-10-22,"English (American)","WG","WG",391288,3977,18,"production",19,3686,TRUE,TRUE,TRUE
2025-10-22,"English (American)","WG","WG",391292,3981,18,"production",67,3686,TRUE,TRUE,TRUE
2025-10-22,"English (American)","WG","WG",391293,3982,18,"production",92,3686,TRUE,TRUE,TRUE
2025-10-22,"English (American)","WG","WG",391294,3983,18,"production",35,3686,TRUE,TRUE,TRUE
2025-10-22,"English (American)","WG","WG",391296,3985,18,"production",12,3686,TRUE,TRUE,TRUE
2025-10-22,"English (American)","WG","WG",391297,3986,18,"production",46,3686,TRUE,TRUE,TRUE
2025-10-22,"English (American)","WG","WG",391300,3989,18,"production",262,3686,TRUE,TRUE,TRUE
2025-10-22,"English (American)","WG","WG",391302,3991,18,"production",11,3686,TRUE,TRUE,TRUE
2025-10-22,"English (American)","WG","WG",391304,3993,18,"production",7,3686,TRUE,TRUE,TRUE
2025-10-22,"English (American)","WG","WG",391305,3994,18,"production",24,3686,TRUE,TRUE,TRUE
2025-10-22,"English (American)","WG","WG",391306,3995,18,"production",151,3686,TRUE,TRUE,TRUE
2025-10-22,"English (American)","WG","WG",391308,3997,18,"production",40,3686,TRUE,TRUE,TRUE
2025-10-22,"English (American)","WG","WG",391310,3999,18,"production",13,3686,TRUE,TRUE,TRUE
2025-10-22,"English (American)","WG","WG",391311,4000,18,"production",126,3686,TRUE,TRUE,TRUE
2025-10-22,"English (American)","WG","WG",391312,4001,18,"production",58,3686,TRUE,TRUE,TRUE
2025-10-22,"English (American)","WG","WG",391313,4002,18,"production",24,3686,TRUE,TRUE,TRUE
2025-10-22,"English (American)","WG","WG",391316,4005,18,"production",3,3686,TRUE,TRUE,TRUE
2025-10-22,"English (American)","WG","WG",391317,4006,18,"production",174,3686,TRUE,TRUE,TRUE
2025-10-22,"English (American)","WG","WG",391318,4007,18,"production",17,3686,TRUE,TRUE,TRUE
2025-10-22,"English (American)","WG","WG",391319,4008,18,"production",9,3686,TRUE,TRUE,TRUE
2025-10-22,"English (American)","WG","WG",391321,4010,18,"production",61,3686,TRUE,TRUE,TRUE
2025-10-22,"English (American)","WG","WG",391322,4011,18,"production",7,3686,TRUE,TRUE,TRUE
2025-10-22,"English (American)","WG","WG",391323,4012,18,"production",4,3686,TRUE,TRUE,TRUE
2025-10-22,"English (American)","WG","WG",391324,4013,18,"production",158,3686,TRUE,TRUE,TRUE
2025-10-22,"English (American)","WG","WG",391326,4015,18,"production",17,3686,TRUE,TRUE,TRUE
2025-10-22,"English (American)","WG","WG",391331,4020,18,"production",327,3686,TRUE,TRUE,TRUE
2025-10-22,"English (American)","WG","WG",391332,4021,18,"production",152,3686,TRUE,TRUE,TRUE
2025-10-22,"English (American)","WG","WG",391333,4022,18,"production",117,3686,TRUE,TRUE,TRUE
2025-10-22,"English (American)","WG","WG",391334,4023,18,"production",20,3686,TRUE,TRUE,TRUE
2025-10-22,"English (American)","WG","WG",391335,82585,18,"production",21,3686,TRUE,TRUE,TRUE
2025-10-22,"English (American)","WG","WG",391336,4025,18,"production",28,3686,TRUE,TRUE,TRUE
2025-10-22,"English (American)","WG","WG",391337,4026,18,"production",71,3686,TRUE,TRUE,TRUE
2025-10-22,"English (American)","WG","WG",391338,4027,18,"production",40,3686,TRUE,TRUE,TRUE
2025-10-22,"English (American)","WG","WG",391339,4028,18,"production",106,3686,TRUE,TRUE,TRUE
2025-10-22,"English (American)","WG","WG",391340,4029,18,"production",58,3686,TRUE,TRUE,TRUE
2025-10-22,"English (American)","WG","WG",391341,4030,18,"production",178,3686,TRUE,TRUE,TRUE
2025-10-22,"English (American)","WG","WG",391342,4031,18,"production",18,3686,TRUE,TRUE,TRUE
2025-10-22,"English (American)","WG","WG",391343,4032,18,"production",190,3686,TRUE,TRUE,TRUE
2025-10-22,"English (American)","WG","WG",391344,4033,18,"production",196,3686,TRUE,TRUE,TRUE
2025-10-22,"English (American)","WG","WG",391345,4034,18,"production",164,3686,TRUE,TRUE,TRUE
2025-10-22,"English (American)","WG","WG",391346,4035,18,"production",95,3686,TRUE,TRUE,TRUE
2025-10-22,"English (American)","WG","WG",391347,4036,18,"production",91,3686,TRUE,TRUE,TRUE
2025-10-22,"English (American)","WG","WG",391349,4038,18,"production",31,3686,TRUE,TRUE,TRUE
2025-10-22,"English (American)","WG","WG",391350,4039,18,"production",31,3686,TRUE,TRUE,TRUE
2025-10-22,"English (American)","WG","WG",391351,4040,18,"production",28,3686,TRUE,TRUE,TRUE
2025-10-22,"English (American)","WG","WG",391352,4041,18,"production",97,3686,TRUE,TRUE,TRUE
2025-10-22,"English (American)","WG","WG",391353,4042,18,"production",48,3686,TRUE,TRUE,TRUE
2025-10-22,"English (American)","WG","WG",391354,4043,18,"production",207,3686,TRUE,TRUE,TRUE
2025-10-22,"English (American)","WG","WG",391355,4044,18,"production",291,3686,TRUE,TRUE,TRUE
2025-10-22,"English (American)","WG","WG",391359,4048,18,"production",82,3686,TRUE,TRUE,TRUE
2025-10-22,"English (American)","WG","WG",391361,4050,18,"production",145,3686,TRUE,TRUE,TRUE
2025-10-22,"English (American)","WG","WG",391365,4054,18,"production",29,3686,TRUE,TRUE,TRUE
2025-10-22,"English (American)","WG","WG",391374,4063,18,"production",23,3686,TRUE,TRUE,TRUE
2025-10-22,"English (American)","WG","WG",391405,4094,18,"production",194,3686,TRUE,TRUE,TRUE
2025-10-22,"English (American)","WG","WG",391408,4097,18,"production",118,3686,TRUE,TRUE,TRUE
2025-10-22,"English (American)","WG","WG",391487,4176,18,"production",23,3686,TRUE,TRUE,TRUE
2025-10-22,"English (American)","WG","WG",391488,4177,18,"production",24,3686,TRUE,TRUE,TRUE
2025-10-22,"English (American)","WG","WG",391714,4403,18,"production",63,3686,TRUE,TRUE,TRUE
2025-10-22,"English (American)","WG","WG",392169,4858,18,"production",6,3686,TRUE,TRUE,TRUE
2025-10-22,"English (American)","WG","WG",392213,4902,18,"production",16,3686,TRUE,TRUE,TRUE
2025-10-22,"English (American)","WG","WG",392278,4967,18,"production",138,3686,TRUE,TRUE,TRUE
2025-10-22,"English (American)","WG","WG",392294,4983,18,"production",133,3686,TRUE,TRUE,TRUE
2025-10-22,"English (American)","WG","WG",393042,30749,18,"production",19,3686,TRUE,TRUE,TRUE
2025-10-22,"English (American)","WG","WG",393045,30752,18,"production",16,3686,TRUE,TRUE,TRUE
2025-10-22,"English (American)","WG","WG",393053,30760,18,"production",21,3686,TRUE,TRUE,TRUE
2025-10-22,"English (American)","WG","WG",393466,82599,18,"production",25,3686,TRUE,TRUE,TRUE
2025-10-22,"English (American)","WG","WG",393474,82607,18,"production",20,3686,TRUE,TRUE,TRUE
2025-10-22,"English (American)","WG","WG",393489,82622,18,"production",3,3686,TRUE,TRUE,TRUE
2025-10-22,"English (American)","WG","WG",393524,82657,18,"production",52,3686,TRUE,TRUE,TRUE
2025-10-22,"English (American)","WG","WG",393578,82711,18,"production",35,3686,TRUE,TRUE,TRUE
2025-10-22,"English (American)","WG","WG",393598,82731,18,"production",342,3686,TRUE,TRUE,TRUE
2025-10-22,"English (American)","WG","WG",393609,82742,18,"production",0,3686,TRUE,TRUE,TRUE
2025-10-22,"English (American)","WG","WG",393623,82756,18,"production",44,3686,TRUE,TRUE,TRUE
2025-10-22,"English (American)","WG","WG",393641,82774,18,"production",14,3686,TRUE,TRUE,TRUE
2025-10-22,"English (American)","WG","WG",393673,82806,18,"production",30,3686,TRUE,TRUE,TRUE
2025-10-22,"English (American)","WG","WG",393690,82823,18,"production",58,3686,TRUE,TRUE,TRUE
2025-10-22,"English (American)","WG","WG",393693,82826,18,"production",163,3686,TRUE,TRUE,TRUE
2025-10-22,"English (American)","WG","WG",393703,82836,18,"production",42,3686,TRUE,TRUE,TRUE
2025-10-22,"English (American)","WG","WG",393725,82858,18,"production",17,3686,TRUE,TRUE,TRUE
2025-10-22,"English (American)","WG","WG",393760,82893,18,"production",64,3686,TRUE,TRUE,TRUE
2025-10-22,"English (American)","WG","WG",393799,82932,18,"production",46,3686,TRUE,TRUE,TRUE
2025-10-22,"English (American)","WG","WG",393824,82957,18,"production",22,3686,TRUE,TRUE,TRUE
2025-10-22,"English (American)","WG","WG",393827,82960,18,"production",26,3686,TRUE,TRUE,TRUE
2025-10-22,"English (American)","WG","WG",393838,82971,18,"production",26,3686,TRUE,TRUE,TRUE
2025-10-22,"English (American)","WG","WG",393855,82988,18,"production",0,3686,TRUE,TRUE,TRUE
2025-10-22,"English (American)","WG","WG",393897,83030,18,"production",32,3686,TRUE,TRUE,TRUE
2025-10-22,"English (American)","WG","WG",393904,83037,18,"production",11,3686,TRUE,TRUE,TRUE
2025-10-22,"English (American)","WG","WG",393968,83101,18,"production",343,3686,TRUE,TRUE,TRUE
2025-10-22,"English (American)","WG","WG",394006,83139,18,"production",81,3686,TRUE,TRUE,TRUE
2025-10-22,"English (American)","WG","WG",394059,83192,18,"production",11,3686,TRUE,TRUE,TRUE
2025-10-22,"English (American)","WG","WG",394087,83220,18,"production",212,3686,TRUE,TRUE,TRUE
2025-10-22,"English (American)","WG","WG",394121,83254,18,"production",8,3686,TRUE,TRUE,TRUE
2025-10-22,"English (American)","WG","WG",394123,83256,18,"production",43,3686,TRUE,TRUE,TRUE
2025-10-22,"English (American)","WG","WG",394133,83266,18,"production",142,3686,TRUE,TRUE,TRUE
2025-10-22,"English (American)","WG","WG",394137,83270,18,"production",160,3686,TRUE,TRUE,TRUE
2025-10-22,"English (American)","WG","WG",394152,83285,18,"production",69,3686,TRUE,TRUE,TRUE
2025-10-22,"English (American)","WG","WG",394221,83354,18,"production",96,3686,TRUE,TRUE,TRUE
2025-10-22,"English (American)","WG","WG",394223,83356,18,"production",3,3686,TRUE,TRUE,TRUE
2025-10-22,"English (American)","WG","WG",394227,83360,18,"production",25,3686,TRUE,TRUE,TRUE
2025-10-22,"English (American)","WG","WG",394228,83361,18,"production",88,3686,TRUE,TRUE,TRUE
2025-10-22,"English (American)","WG","WG",394231,83364,18,"production",11,3686,TRUE,TRUE,TRUE
2025-10-22,"English (American)","WG","WG",394271,83404,18,"production",11,3686,TRUE,TRUE,TRUE
2025-10-22,"English (American)","WG","WG",394288,83421,18,"production",146,3686,TRUE,TRUE,TRUE
2025-10-22,"English (American)","WG","WG",394309,83442,18,"production",74,3686,TRUE,TRUE,TRUE
2025-10-22,"English (American)","WG","WG",394313,83446,18,"production",278,3686,TRUE,TRUE,TRUE
2025-10-22,"English (American)","WG","WG",394321,83454,18,"production",18,3686,TRUE,TRUE,TRUE
2025-10-22,"English (American)","WG","WG",394337,83470,18,"production",29,3686,TRUE,TRUE,TRUE
2025-10-22,"English (American)","WG","WG",394351,83484,18,"production",36,3686,TRUE,TRUE,TRUE
2025-10-22,"English (American)","WG","WG",394356,83489,18,"production",164,3686,TRUE,TRUE,TRUE
2025-10-22,"English (American)","WG","WG",394371,83504,18,"production",27,3686,TRUE,TRUE,TRUE
2025-10-22,"English (American)","WG","WG",394427,83560,18,"production",29,3686,TRUE,TRUE,TRUE
2025-10-22,"English (American)","WG","WG",394432,83565,18,"production",19,3686,TRUE,TRUE,TRUE
2025-10-22,"English (American)","WG","WG",394436,83569,18,"production",30,3686,TRUE,TRUE,TRUE
2025-10-22,"English (American)","WG","WG",394443,83576,18,"production",75,3686,TRUE,TRUE,TRUE
2025-10-22,"English (American)","WG","WG",394451,83584,18,"production",14,3686,TRUE,TRUE,TRUE
2025-10-22,"English (American)","WG","WG",394478,83611,18,"production",1,3686,TRUE,TRUE,TRUE
2025-10-22,"English (American)","WG","WG",394481,83614,18,"production",27,3686,TRUE,TRUE,TRUE
2025-10-22,"English (American)","WG","WG",394511,83644,18,"production",65,3686,TRUE,TRUE,TRUE
2025-10-22,"English (American)","WG","WG",394701,83834,18,"production",152,3686,TRUE,TRUE,TRUE
2025-10-22,"English (American)","WG","WG",394703,83836,18,"production",8,3686,TRUE,TRUE,TRUE
2025-10-22,"English (American)","WG","WG",394704,83837,18,"production",8,3686,TRUE,TRUE,TRUE
2025-10-22,"English (American)","WG","WG",394708,83841,18,"production",52,3686,TRUE,TRUE,TRUE
2025-10-22,"English (American)","WG","WG",394710,83843,18,"production",19,3686,TRUE,TRUE,TRUE
2025-10-22,"English (American)","WG","WG",394711,83844,18,"production",24,3686,TRUE,TRUE,TRUE
2025-10-22,"English (American)","WG","WG",394712,83845,18,"production",2,3686,TRUE,TRUE,TRUE
2025-10-22,"English (American)","WG","WG",394713,83846,18,"production",30,3686,TRUE,TRUE,TRUE
2025-10-22,"English (American)","WG","WG",394715,83848,18,"production",170,3686,TRUE,TRUE,TRUE
2025-10-22,"English (American)","WG","WG",394716,83849,18,"production",102,3686,TRUE,TRUE,TRUE
2025-10-22,"English (American)","WG","WG",394720,83853,18,"production",128,3686,TRUE,TRUE,TRUE
2025-10-22,"English (American)","WG","WG",394721,83854,18,"production",84,3686,TRUE,TRUE,TRUE
2025-10-22,"English (American)","WG","WG",394722,83855,18,"production",10,3686,TRUE,TRUE,TRUE
2025-10-22,"English (American)","WG","WG",394723,83856,18,"production",71,3686,TRUE,TRUE,TRUE
2025-10-22,"English (American)","WG","WG",394724,83857,18,"production",58,3686,TRUE,TRUE,TRUE
2025-10-22,"English (American)","WG","WG",394727,83860,18,"production",34,3686,TRUE,TRUE,TRUE
2025-10-22,"English (American)","WG","WG",394729,83862,18,"production",5,3686,TRUE,TRUE,TRUE
2025-10-22,"English (American)","WG","WG",394739,83872,18,"production",20,3686,TRUE,TRUE,TRUE
2025-10-22,"English (American)","WG","WG",394741,83874,18,"production",17,3686,TRUE,TRUE,TRUE
2025-10-22,"English (American)","WG","WG",394742,83875,18,"production",94,3686,TRUE,TRUE,TRUE
2025-10-22,"English (American)","WG","WG",394743,83876,18,"production",51,3686,TRUE,TRUE,TRUE
2025-10-22,"English (American)","WG","WG",394744,83877,18,"production",151,3686,TRUE,TRUE,TRUE
2025-10-22,"English (American)","WG","WG",394745,83878,18,"production",10,3686,TRUE,TRUE,TRUE
2025-10-22,"English (American)","WG","WG",394746,83879,18,"production",11,3686,TRUE,TRUE,TRUE
2025-10-22,"English (American)","WG","WG",394747,83880,18,"production",60,3686,TRUE,TRUE,TRUE
2025-10-22,"English (American)","WG","WG",394750,83883,18,"production",13,3686,TRUE,TRUE,TRUE
2025-10-22,"English (American)","WG","WG",394751,83884,18,"production",127,3686,TRUE,TRUE,TRUE
2025-10-22,"English (American)","WG","WG",394753,83886,18,"production",33,3686,TRUE,TRUE,TRUE
2025-10-22,"English (American)","WG","WG",394754,83887,18,"production",28,3686,TRUE,TRUE,TRUE
2025-10-22,"English (American)","WG","WG",394755,83888,18,"production",23,3686,TRUE,TRUE,TRUE
2025-10-22,"English (American)","WG","WG",394756,83889,18,"production",35,3686,TRUE,TRUE,TRUE
2025-10-22,"English (American)","WG","WG",394757,83890,18,"production",62,3686,TRUE,TRUE,TRUE
2025-10-22,"English (American)","WG","WG",394759,83892,18,"production",143,3686,TRUE,TRUE,TRUE
2025-10-22,"English (American)","WG","WG",394760,83893,18,"production",25,3686,TRUE,TRUE,TRUE
2025-10-22,"English (American)","WG","WG",394761,83894,18,"production",174,3686,TRUE,TRUE,TRUE
2025-10-22,"English (American)","WG","WG",394762,83895,18,"production",28,3686,TRUE,TRUE,TRUE
2025-10-22,"English (American)","WG","WG",394763,83896,18,"production",284,3686,TRUE,TRUE,TRUE
2025-10-22,"English (American)","WG","WG",394764,83897,18,"production",110,3686,TRUE,TRUE,TRUE
2025-10-22,"English (American)","WG","WG",394765,83898,18,"production",4,3686,TRUE,TRUE,TRUE
2025-10-22,"English (American)","WG","WG",394766,83899,18,"production",209,3686,TRUE,TRUE,TRUE
2025-10-22,"English (American)","WG","WG",394767,83900,18,"production",175,3686,TRUE,TRUE,TRUE
2025-10-22,"English (American)","WG","WG",394768,83901,18,"production",153,3686,TRUE,TRUE,TRUE
2025-10-22,"English (American)","WG","WG",394770,83903,18,"production",3,3686,TRUE,TRUE,TRUE
2025-10-22,"English (American)","WG","WG",394771,83904,18,"production",150,3686,TRUE,TRUE,TRUE
2025-10-22,"English (American)","WG","WG",394772,83905,18,"production",122,3686,TRUE,TRUE,TRUE
2025-10-22,"English (American)","WG","WG",394774,83907,18,"production",68,3686,TRUE,TRUE,TRUE
2025-10-22,"English (American)","WG","WG",394775,83908,18,"production",120,3686,TRUE,TRUE,TRUE
2025-10-22,"English (American)","WG","WG",394776,83909,18,"production",23,3686,TRUE,TRUE,TRUE
2025-10-22,"English (American)","WG","WG",394777,83910,18,"production",31,3686,TRUE,TRUE,TRUE
2025-10-22,"English (American)","WG","WG",394778,83911,18,"production",43,3686,TRUE,TRUE,TRUE
2025-10-22,"English (American)","WG","WG",394781,83914,18,"production",167,3686,TRUE,TRUE,TRUE
2025-10-22,"English (American)","WG","WG",394782,83915,18,"production",57,3686,TRUE,TRUE,TRUE
2025-10-22,"English (American)","WG","WG",394785,83918,18,"production",59,3686,TRUE,TRUE,TRUE
2025-10-22,"English (American)","WG","WG",394787,83920,18,"production",106,3686,TRUE,TRUE,TRUE
2025-10-22,"English (American)","WG","WG",394790,83923,18,"production",16,3686,TRUE,TRUE,TRUE
2025-10-22,"English (American)","WG","WG",394792,83925,18,"production",57,3686,TRUE,TRUE,TRUE
2025-10-22,"English (American)","WG","WG",394794,83927,18,"production",14,3686,TRUE,TRUE,TRUE
2025-10-22,"English (American)","WG","WG",394795,83928,18,"production",100,3686,TRUE,TRUE,TRUE
2025-10-22,"English (American)","WG","WG",394796,83929,18,"production",29,3686,TRUE,TRUE,TRUE
2025-10-22,"English (American)","WG","WG",394798,83931,18,"production",19,3686,TRUE,TRUE,TRUE
2025-10-22,"English (American)","WG","WG",394799,83932,18,"production",122,3686,TRUE,TRUE,TRUE
2025-10-22,"English (American)","WG","WG",394802,83935,18,"production",81,3686,TRUE,TRUE,TRUE
2025-10-22,"English (American)","WG","WG",394803,83936,18,"production",207,3686,TRUE,TRUE,TRUE
2025-10-22,"English (American)","WG","WG",394804,83937,18,"production",75,3686,TRUE,TRUE,TRUE
2025-10-22,"English (American)","WG","WG",394806,83939,18,"production",76,3686,TRUE,TRUE,TRUE
2025-10-22,"English (American)","WG","WG",394807,83940,18,"production",124,3686,TRUE,TRUE,TRUE
2025-10-22,"English (American)","WG","WG",394809,83942,18,"production",11,3686,TRUE,TRUE,TRUE
2025-10-22,"English (American)","WG","WG",394812,83945,18,"production",39,3686,TRUE,TRUE,TRUE
2025-10-22,"English (American)","WG","WG",394821,83954,18,"production",21,3686,TRUE,TRUE,TRUE
2025-10-22,"English (American)","WG","WG",394824,83957,18,"production",2,3686,TRUE,TRUE,TRUE
2025-10-22,"English (American)","WG","WG",394827,83960,18,"production",22,3686,TRUE,TRUE,TRUE
2025-10-22,"English (American)","WG","WG",394829,83962,18,"production",53,3686,TRUE,TRUE,TRUE
2025-10-22,"English (American)","WG","WG",394831,83964,18,"production",56,3686,TRUE,TRUE,TRUE
2025-10-22,"English (American)","WG","WG",394833,83966,18,"production",1,3686,TRUE,TRUE,TRUE
2025-10-22,"English (American)","WG","WG",394835,83968,18,"production",5,3686,TRUE,TRUE,TRUE
2025-10-22,"English (American)","WG","WG",394837,83970,18,"production",266,3686,TRUE,TRUE,TRUE
2025-10-22,"English (American)","WG","WG",394839,83972,18,"production",119,3686,TRUE,TRUE,TRUE
2025-10-22,"English (American)","WG","WG",394840,83973,18,"production",38,3686,TRUE,TRUE,TRUE
2025-10-22,"English (American)","WG","WG",394842,83975,18,"production",109,3686,TRUE,TRUE,TRUE
2025-10-22,"English (American)","WG","WG",394845,83978,18,"production",57,3686,TRUE,TRUE,TRUE
2025-10-22,"English (American)","WG","WG",394847,83980,18,"production",85,3686,TRUE,TRUE,TRUE
2025-10-22,"English (American)","WG","WG",394848,83981,18,"production",131,3686,TRUE,TRUE,TRUE
2025-10-22,"English (American)","WG","WG",394849,83982,18,"production",162,3686,TRUE,TRUE,TRUE
2025-10-22,"English (American)","WG","WG",394852,83985,18,"production",270,3686,TRUE,TRUE,TRUE
2025-10-22,"English (American)","WG","WG",394855,83988,18,"production",98,3686,TRUE,TRUE,TRUE
2025-10-22,"English (American)","WG","WG",394864,83997,18,"production",77,3686,TRUE,TRUE,TRUE
2025-10-22,"English (American)","WG","WG",394867,84000,18,"production",43,3686,TRUE,TRUE,TRUE
2025-10-22,"English (American)","WG","WG",394868,84001,18,"production",40,3686,TRUE,TRUE,TRUE
2025-10-22,"English (American)","WG","WG",394870,84003,18,"production",71,3686,TRUE,TRUE,TRUE
2025-10-22,"English (American)","WG","WG",394873,84006,18,"production",119,3686,TRUE,TRUE,TRUE
2025-10-22,"English (American)","WG","WG",394877,84010,18,"production",53,3686,TRUE,TRUE,TRUE
2025-10-22,"English (American)","WG","WG",394881,84014,18,"production",72,3686,TRUE,TRUE,TRUE
2025-10-22,"English (American)","WG","WG",394882,84015,18,"production",253,3686,TRUE,TRUE,TRUE
2025-10-22,"English (American)","WG","WG",394885,84018,18,"production",36,3686,TRUE,TRUE,TRUE
2025-10-22,"English (American)","WG","WG",394890,84023,18,"production",24,3686,TRUE,TRUE,TRUE
2025-10-22,"English (American)","WG","WG",394892,84025,18,"production",31,3686,TRUE,TRUE,TRUE
2025-10-22,"English (American)","WG","WG",394893,84026,18,"production",157,3686,TRUE,TRUE,TRUE
2025-10-22,"English (American)","WG","WG",394895,84028,18,"production",24,3686,TRUE,TRUE,TRUE
2025-10-22,"English (American)","WG","WG",394897,84030,18,"production",111,3686,TRUE,TRUE,TRUE
2025-10-22,"English (American)","WG","WG",394902,84035,18,"production",0,3686,TRUE,TRUE,TRUE
2025-10-22,"English (American)","WG","WG",394906,84039,18,"production",52,3686,TRUE,TRUE,TRUE
2025-10-22,"English (American)","WG","WG",394908,84041,18,"production",35,3686,TRUE,TRUE,TRUE
2025-10-22,"English (American)","WG","WG",394909,84042,18,"production",73,3686,TRUE,TRUE,TRUE
2025-10-22,"English (American)","WG","WG",394910,84043,18,"production",14,3686,TRUE,TRUE,TRUE
2025-10-22,"English (American)","WG","WG",394911,84044,18,"production",64,3686,TRUE,TRUE,TRUE
2025-10-22,"English (American)","WG","WG",394913,84046,18,"production",126,3686,TRUE,TRUE,TRUE
2025-10-22,"English (American)","WG","WG",394914,84047,18,"production",20,3686,TRUE,TRUE,TRUE
2025-10-22,"English (American)","WG","WG",394916,84049,18,"production",120,3686,TRUE,TRUE,TRUE
2025-10-22,"English (American)","WG","WG",394918,84051,18,"production",52,3686,TRUE,TRUE,TRUE
2025-10-22,"English (American)","WG","WG",394919,84052,18,"production",25,3686,TRUE,TRUE,TRUE
2025-10-22,"English (American)","WG","WG",394920,84053,18,"production",200,3686,TRUE,TRUE,TRUE
2025-10-22,"English (American)","WG","WG",394922,84055,18,"production",19,3686,TRUE,TRUE,TRUE
2025-10-22,"English (American)","WG","WG",394923,84056,18,"production",47,3686,TRUE,TRUE,TRUE
2025-10-22,"English (American)","WG","WG",394925,84058,18,"production",170,3686,TRUE,TRUE,TRUE
2025-10-22,"English (American)","WG","WG",394927,84060,18,"production",270,3686,TRUE,TRUE,TRUE
2025-10-22,"English (American)","WG","WG",394930,84063,18,"production",46,3686,TRUE,TRUE,TRUE
2025-10-22,"English (American)","WG","WG",394932,84065,18,"production",226,3686,TRUE,TRUE,TRUE
2025-10-22,"English (American)","WG","WG",394935,84068,18,"production",31,3686,TRUE,TRUE,TRUE
2025-10-22,"English (American)","WG","WG",394941,84074,18,"production",11,3686,TRUE,TRUE,TRUE
2025-10-22,"English (American)","WG","WG",394942,84075,18,"production",8,3686,TRUE,TRUE,TRUE
2025-10-22,"English (American)","WG","WG",394946,84079,18,"production",41,3686,TRUE,TRUE,TRUE
2025-10-22,"English (American)","WG","WG",394952,84085,18,"production",33,3686,TRUE,TRUE,TRUE
2025-10-22,"English (American)","WG","WG",394957,84090,18,"production",141,3686,TRUE,TRUE,TRUE
2025-10-22,"English (American)","WG","WG",394974,84107,18,"production",171,3686,TRUE,TRUE,TRUE
2025-10-22,"English (American)","WG","WG",394976,84109,18,"production",114,3686,TRUE,TRUE,TRUE
2025-10-22,"English (American)","WG","WG",394979,84112,18,"production",58,3686,TRUE,TRUE,TRUE
2025-10-22,"English (American)","WG","WG",394987,84120,18,"production",12,3686,TRUE,TRUE,TRUE
2025-10-22,"English (American)","WG","WG",394993,84126,18,"production",30,3686,TRUE,TRUE,TRUE
2025-10-22,"English (American)","WG","WG",394994,84127,18,"production",44,3686,TRUE,TRUE,TRUE
2025-10-22,"English (American)","WG","WG",394996,84129,18,"production",122,3686,TRUE,TRUE,TRUE
2025-10-22,"English (American)","WG","WG",395006,84139,18,"production",128,3686,TRUE,TRUE,TRUE
2025-10-22,"English (American)","WG","WG",395010,84143,18,"production",0,3686,TRUE,TRUE,TRUE
2025-10-22,"English (American)","WG","WG",395021,84154,18,"production",115,3686,TRUE,TRUE,TRUE
2025-10-22,"English (American)","WG","WG",395026,84159,18,"production",19,3686,TRUE,TRUE,TRUE
2025-10-22,"English (American)","WG","WG",395028,84161,18,"production",152,3686,TRUE,TRUE,TRUE
2025-10-22,"English (American)","WG","WG",395038,84171,18,"production",46,3686,TRUE,TRUE,TRUE
2025-10-22,"English (American)","WG","WG",395040,84173,18,"production",71,3686,TRUE,TRUE,TRUE
2025-10-22,"English (American)","WG","WG",395046,84179,18,"production",43,3686,TRUE,TRUE,TRUE
2025-10-22,"English (American)","WG","WG",395047,84180,18,"production",88,3686,TRUE,TRUE,TRUE
2025-10-22,"English (American)","WG","WG",395049,84182,18,"production",49,3686,TRUE,TRUE,TRUE
2025-10-22,"English (American)","WG","WG",395051,84184,18,"production",9,3686,TRUE,TRUE,TRUE
2025-10-22,"English (American)","WG","WG",395054,84187,18,"production",23,3686,TRUE,TRUE,TRUE
2025-10-22,"English (American)","WG","WG",395059,84192,18,"production",61,3686,TRUE,TRUE,TRUE
2025-10-22,"English (American)","WG","WG",395062,84195,18,"production",200,3686,TRUE,TRUE,TRUE
2025-10-22,"English (American)","WG","WG",395065,84198,18,"production",87,3686,TRUE,TRUE,TRUE
2025-10-22,"English (American)","WG","WG",395066,84199,18,"production",14,3686,TRUE,TRUE,TRUE
2025-10-22,"English (American)","WG","WG",395085,84218,18,"production",5,3686,TRUE,TRUE,TRUE
2025-10-22,"English (American)","WG","WG",395111,84244,18,"production",1,3686,TRUE,TRUE,TRUE
2025-10-22,"English (American)","WG","WG",395112,84245,18,"production",355,3686,TRUE,TRUE,TRUE
2025-10-22,"English (American)","WG","WG",395114,84247,18,"production",50,3686,TRUE,TRUE,TRUE
2025-10-22,"English (American)","WG","WG",395116,84249,18,"production",33,3686,TRUE,TRUE,TRUE
2025-10-22,"English (American)","WG","WG",395124,84257,18,"production",17,3686,TRUE,TRUE,TRUE
2025-10-22,"English (American)","WG","WG",395126,84259,18,"production",9,3686,TRUE,TRUE,TRUE
2025-10-22,"English (American)","WG","WG",395137,84270,18,"production",0,3686,TRUE,TRUE,TRUE
2025-10-22,"English (American)","WG","WG",395140,84273,18,"production",76,3686,TRUE,TRUE,TRUE
2025-10-22,"English (American)","WG","WG",395142,84275,18,"production",1,3686,TRUE,TRUE,TRUE
2025-10-22,"English (American)","WG","WG",395144,84277,18,"production",146,3686,TRUE,TRUE,TRUE
2025-10-22,"English (American)","WG","WG",395146,84279,18,"production",75,3686,TRUE,TRUE,TRUE
2025-10-22,"English (American)","WG","WG",395149,84282,18,"production",51,3686,TRUE,TRUE,TRUE
2025-10-22,"English (American)","WG","WG",395154,84287,18,"production",20,3686,TRUE,TRUE,TRUE
2025-10-22,"English (American)","WG","WG",395158,84291,18,"production",34,3686,TRUE,TRUE,TRUE
2025-10-22,"English (American)","WG","WG",395161,84294,18,"production",68,3686,TRUE,TRUE,TRUE
2025-10-22,"English (American)","WG","WG",395165,84298,18,"production",12,3686,TRUE,TRUE,TRUE
2025-10-22,"English (American)","WG","WG",395167,84300,18,"production",43,3686,TRUE,TRUE,TRUE
2025-10-22,"English (American)","WG","WG",395170,84303,18,"production",0,3686,TRUE,TRUE,TRUE
2025-10-22,"English (American)","WG","WG",395176,84309,18,"production",39,3686,TRUE,TRUE,TRUE
2025-10-22,"English (American)","WG","WG",395181,84314,18,"production",190,3686,TRUE,TRUE,TRUE
2025-10-22,"English (American)","WG","WG",395183,84316,18,"production",285,3686,TRUE,TRUE,TRUE
2025-10-22,"English (American)","WG","WG",395186,84319,18,"production",2,3686,TRUE,TRUE,TRUE
2025-10-22,"English (American)","WG","WG",395195,84328,18,"production",113,3686,TRUE,TRUE,TRUE
2025-10-22,"English (American)","WG","WG",395197,84330,18,"production",92,3686,TRUE,TRUE,TRUE
2025-10-22,"English (American)","WG","WG",395199,84332,18,"production",163,3686,TRUE,TRUE,TRUE
2025-10-22,"English (American)","WG","WG",395205,84338,18,"production",75,3686,TRUE,TRUE,TRUE
2025-10-22,"English (American)","WG","WG",395208,84341,18,"production",121,3686,TRUE,TRUE,TRUE
2025-10-22,"English (American)","WG","WG",395209,84342,18,"production",237,3686,TRUE,TRUE,TRUE
2025-10-22,"English (American)","WG","WG",395214,84347,18,"production",84,3686,TRUE,TRUE,TRUE
2025-10-22,"English (American)","WG","WG",395217,84350,18,"production",70,3686,TRUE,TRUE,TRUE
2025-10-22,"English (American)","WG","WG",395227,84360,18,"production",213,3686,TRUE,TRUE,TRUE
2025-10-22,"English (American)","WG","WG",395229,84362,18,"production",37,3686,TRUE,TRUE,TRUE
2025-10-22,"English (American)","WG","WG",395235,84368,18,"production",142,3686,TRUE,TRUE,TRUE
2025-10-22,"English (American)","WG","WG",395241,84374,18,"production",39,3686,TRUE,TRUE,TRUE
2025-10-22,"English (American)","WG","WG",395244,84377,18,"production",7,3686,TRUE,TRUE,TRUE
2025-10-22,"English (American)","WG","WG",395251,84384,18,"production",48,3686,TRUE,TRUE,TRUE
2025-10-22,"English (American)","WG","WG",395252,84385,18,"production",1,3686,TRUE,TRUE,TRUE
2025-10-22,"English (American)","WG","WG",391320,4009,19,"production",45,3686,TRUE,TRUE,TRUE
2025-10-22,"English (American)","WG","WG",391327,4016,19,"production",57,3686,TRUE,TRUE,TRUE
2025-10-22,"English (American)","WG","WG",391328,4017,19,"production",176,3686,TRUE,TRUE,TRUE
2025-10-22,"English (American)","WG","WG",391330,4019,19,"production",9,3686,TRUE,TRUE,TRUE
2025-10-22,"English (American)","WG","WG",391348,4037,19,"production",13,3686,TRUE,TRUE,TRUE
2025-10-22,"English (American)","WG","WG",391356,4045,19,"production",111,3686,TRUE,TRUE,TRUE
2025-10-22,"English (American)","WG","WG",391357,4046,19,"production",111,3686,TRUE,TRUE,TRUE
2025-10-22,"English (American)","WG","WG",391358,4047,19,"production",24,3686,TRUE,TRUE,TRUE
2025-10-22,"English (American)","WG","WG",391360,4049,19,"production",19,3686,TRUE,TRUE,TRUE
2025-10-22,"English (American)","WG","WG",391362,4051,19,"production",59,3686,TRUE,TRUE,TRUE
2025-10-22,"English (American)","WG","WG",391363,4052,19,"production",59,3686,TRUE,TRUE,TRUE
2025-10-22,"English (American)","WG","WG",391383,4072,19,"production",23,3686,TRUE,TRUE,TRUE
2025-10-22,"English (American)","WG","WG",391401,4090,19,"production",94,3686,TRUE,TRUE,TRUE
2025-10-22,"English (American)","WG","WG",391402,4091,19,"production",26,3686,TRUE,TRUE,TRUE
2025-10-22,"English (American)","WG","WG",391420,4109,19,"production",52,3686,TRUE,TRUE,TRUE
2025-10-22,"English (American)","WG","WG",391496,4185,19,"production",135,3686,TRUE,TRUE,TRUE
2025-10-22,"English (American)","WG","WG",392018,4707,19,"production",7,3686,TRUE,TRUE,TRUE
2025-10-22,"English (American)","WG","WG",392319,5008,19,"production",32,3686,TRUE,TRUE,TRUE
2025-10-22,"English (American)","WG","WG",393083,81056,29,"production",396,3686,TRUE,TRUE,TRUE
2025-10-22,"English (American)","WG","WG",393070,81043,49,"production",396,3686,TRUE,TRUE,TRUE
